fecha,anio,mes_num,instrumento,etiqueta,tipo_bono,medida,monto_mill_soles,log_monto,tasa_referencia,rend_soberano_10a_pen,rend_soberano_10a_usd,embig_peru,riesgo_pais_pct,tasa_pref_corp_90d_mn,tasa_corp_mas360_mn,prima_plazo,spread_bancario,outlier_monto
2011-01-01,2011,1,coloc_arrendamiento,Arrendamiento financiero,Financiero,Colocacion,13.85,2.6979998652487085,3.25,5.84628571428571,5.165,145.57143,1.4557143,3.8403,7.20480825212354,2.5962857142857096,0.5903,True
2011-02-01,2011,2,coloc_arrendamiento,Arrendamiento financiero,Financiero,Colocacion,0.0,0.0,3.5,6.01595,5.3764,146.1,1.4609999999999999,4.1328,7.35416964181192,2.51595,0.6327999999999996,False
2011-03-01,2011,3,coloc_arrendamiento,Arrendamiento financiero,Financiero,Colocacion,37.828,3.6591416358499798,3.75,6.35333612040134,5.30634782608696,156.78261,1.5678261,4.422,7.45319066124941,2.60333612040134,0.6719999999999997,True
2011-04-01,2011,4,coloc_arrendamiento,Arrendamiento financiero,Financiero,Colocacion,0.0,0.0,4.0,6.94410092633545,5.65989473684211,192.90476,1.9290476,4.9028,7.47291946579307,2.94410092633545,0.9028,False
2011-05-01,2011,5,coloc_arrendamiento,Arrendamiento financiero,Financiero,Colocacion,0.0,0.0,4.25,6.72250202228567,5.32847619047619,187.22727,1.8722727000000001,5.3829,7.68962700306516,2.4725020222856697,1.1329000000000002,False
2011-06-01,2011,6,coloc_arrendamiento,Arrendamiento financiero,Financiero,Colocacion,6.8475,2.0601950097339716,4.25,6.45763825900731,5.23528571428572,192.36364,1.9236364000000001,5.6209,7.84986533465833,2.20763825900731,1.3708999999999998,True
2011-07-01,2011,7,coloc_arrendamiento,Arrendamiento financiero,Financiero,Colocacion,23.49824,3.1986012782356057,4.25,6.23626241920591,5.03678947368421,170.85714,1.7085713999999999,5.4194,7.88181011506081,1.98626241920591,1.1694000000000004,True
2011-08-01,2011,8,coloc_arrendamiento,Arrendamiento financiero,Financiero,Colocacion,0.0,0.0,4.25,5.92853521749067,4.65814285714286,199.56522,1.9956522,5.3906,7.67811464524686,1.67853521749067,1.1406,False
2011-09-01,2011,9,coloc_arrendamiento,Arrendamiento financiero,Financiero,Colocacion,6.59537,2.0275388511218355,4.25,5.62017803787122,4.65722727272727,237.45455,2.3745455,5.317,7.7744779683529,1.37017803787122,1.0670000000000002,True
2011-10-01,2011,10,coloc_arrendamiento,Arrendamiento financiero,Financiero,Colocacion,0.0,0.0,4.25,5.72483222108669,4.7062,231.95238,2.3195238000000002,5.4037,8.06880722181612,1.4748322210866904,1.1536999999999997,False
2011-11-01,2011,11,coloc_arrendamiento,Arrendamiento financiero,Financiero,Colocacion,27.0,3.332204510175204,4.25,5.66734322961868,4.35095238095238,214.18182,2.1418182,5.1702,8.18429932294086,1.4173432296186803,0.9202000000000004,True
2011-12-01,2011,12,coloc_arrendamiento,Arrendamiento financiero,Financiero,Colocacion,23.1147,3.182821613053754,4.25,5.6953293398377,4.31715789473684,216.31818,2.1631818000000003,5.3604,8.29255426952091,1.4453293398377003,1.1104000000000003,True
2012-01-01,2012,1,coloc_arrendamiento,Arrendamiento financiero,Financiero,Colocacion,0.0,0.0,4.25,5.6877609398031,4.34477272727273,219.40909,2.1940909,5.2828,8.25284590289425,1.4377609398031002,1.0328,False
2012-02-01,2012,2,coloc_arrendamiento,Arrendamiento financiero,Financiero,Colocacion,6.2176,1.9765224876719945,4.25,5.55203643226112,4.07966666666667,199.2381,1.992381,5.3,8.27348386309663,1.3020364322611204,1.0499999999999998,True
2012-03-01,2012,3,coloc_arrendamiento,Arrendamiento financiero,Financiero,Colocacion,0.0,0.0,4.25,5.40746192764249,3.90677272727273,165.59091,1.6559091000000001,5.2513,8.37300111927793,1.1574619276424896,1.0012999999999996,False
2012-04-01,2012,4,coloc_arrendamiento,Arrendamiento financiero,Financiero,Colocacion,14.45928,2.7382094702765873,4.25,5.31709184145608,3.745,164.14286,1.6414286000000002,5.265,8.43188843464642,1.0670918414560804,1.0149999999999997,True
2012-05-01,2012,5,coloc_arrendamiento,Arrendamiento financiero,Financiero,Colocacion,0.0,0.0,4.25,5.1611689535073,3.71418181818182,180.52174,1.8052173999999999,5.1938,8.55555282489058,0.9111689535072998,0.9438000000000004,False
2012-06-01,2012,6,coloc_arrendamiento,Arrendamiento financiero,Financiero,Colocacion,0.0,0.0,4.25,5.14383563093637,3.59845,188.42857,1.8842857000000002,5.1563,8.60182745997574,0.89383563093637,0.9062999999999999,False
2012-07-01,2012,7,coloc_arrendamiento,Arrendamiento financiero,Financiero,Colocacion,4.00549,1.6105353100729884,4.25,5.02354166666667,3.2648,162.59091,1.6259091,5.1698,8.5929081450795,0.7735416666666701,0.9198000000000004,True
2012-08-01,2012,8,coloc_arrendamiento,Arrendamiento financiero,Financiero,Colocacion,0.0,0.0,4.25,4.85419437482595,3.13571428571429,133.13043,1.3313043,5.1906,8.68128951453787,0.6041943748259504,0.9405999999999999,False
2012-09-01,2012,9,coloc_arrendamiento,Arrendamiento financiero,Financiero,Colocacion,7.7272,2.16644458530141,4.25,4.67659618205868,3.06225,124.0,1.24,5.1102,8.72151201615506,0.4265961820586801,0.8601999999999999,True
2012-10-01,2012,10,coloc_arrendamiento,Arrendamiento financiero,Financiero,Colocacion,7.84252,2.1795719038987293,4.25,4.55363674242424,2.9236,108.04348,1.0804348,5.0611,8.76811775572671,0.3036367424242403,0.8110999999999997,True
2012-11-01,2012,11,coloc_arrendamiento,Arrendamiento financiero,Financiero,Colocacion,0.0,0.0,4.25,4.45981283452211,2.9668,122.95455,1.2295455,5.0593,8.8966005994144,0.20981283452211041,0.8093000000000004,False
2012-12-01,2012,12,coloc_arrendamiento,Arrendamiento financiero,Financiero,Colocacion,9.7563,2.375491629427106,4.25,4.16331561657297,3.01164705882353,117.19048,1.1719047999999999,5.0304,9.0631777919402,-0.08668438342702967,0.7804000000000002,True
2013-01-01,2013,1,coloc_arrendamiento,Arrendamiento financiero,Financiero,Colocacion,0.0,0.0,4.25,4.06750469795356,3.08854545454545,110.04348,1.1004348,5.0298,9.04238006585355,-0.1824953020464397,0.7797999999999998,False
2013-02-01,2013,2,coloc_arrendamiento,Arrendamiento financiero,Financiero,Colocacion,18.42785,2.9667076036383744,4.25,4.15190764118355,3.29463157894737,127.05,1.2705,4.8751,9.14940540258296,-0.09809235881644973,0.6250999999999998,True
2013-03-01,2013,3,coloc_arrendamiento,Arrendamiento financiero,Financiero,Colocacion,0.0,0.0,4.25,4.14838614187719,3.28557894736842,140.28571,1.4028570999999999,4.6881,9.21137994314266,-0.10161385812280965,0.4381000000000004,False
2013-04-01,2013,4,coloc_arrendamiento,Arrendamiento financiero,Financiero,Colocacion,0.0,0.0,4.25,4.05634051937754,3.06895454545455,132.54545,1.3254545,4.4482,9.15560271564023,-0.1936594806224603,0.19819999999999993,False
2013-05-01,2013,5,coloc_arrendamiento,Arrendamiento financiero,Financiero,Colocacion,76.80036,4.354146058422997,4.25,4.20181818181818,3.25236363636364,133.73913,1.3373913,4.3607,9.04071529297496,-0.04818181818181966,0.11069999999999958,True
2013-06-01,2013,6,coloc_arrendamiento,Arrendamiento financiero,Financiero,Colocacion,0.0,0.0,4.25,5.31946716260051,4.04315789473684,179.8,1.798,4.4862,8.9853489227944,1.0694671626005103,0.2362000000000002,False
2013-07-01,2013,7,coloc_arrendamiento,Arrendamiento financiero,Financiero,Colocacion,0.0,0.0,4.25,5.26015228899572,4.29876190476191,175.69565,1.7569565,4.7471,8.80484910504589,1.0101522889957204,0.49709999999999965,False
2013-08-01,2013,8,coloc_arrendamiento,Arrendamiento financiero,Financiero,Colocacion,50.58,3.9431340004531985,4.25,5.46271259667266,4.54695238095238,190.54545,1.9054544999999998,4.6554,8.66943327215367,1.2127125966726604,0.4054000000000002,True
2013-09-01,2013,9,coloc_arrendamiento,Arrendamiento financiero,Financiero,Colocacion,0.0,0.0,4.25,5.60047619047619,4.56314285714286,183.38095,1.8338095,4.7181,8.56490763208247,1.35047619047619,0.46809999999999974,False
2013-10-01,2013,10,coloc_arrendamiento,Arrendamiento financiero,Financiero,Colocacion,7.99145,2.196274125800224,4.25,5.31727272727273,4.27340909090909,172.86957,1.7286957,4.7076,8.54906118892347,1.06727272727273,0.45760000000000023,True
2013-11-01,2013,11,coloc_arrendamiento,Arrendamiento financiero,Financiero,Colocacion,43.4196,3.7936808134730127,4.0,5.467,4.4478,183.42857,1.8342857000000001,4.5043,8.51866990480899,1.4669999999999996,0.5042999999999997,True
2013-12-01,2013,12,coloc_arrendamiento,Arrendamiento financiero,Financiero,Colocacion,0.0,0.0,4.0,5.6055,4.49425,176.54545,1.7654545,4.4875,8.46225460748768,1.6055000000000001,0.4874999999999998,False
2014-01-01,2014,1,coloc_arrendamiento,Arrendamiento financiero,Financiero,Colocacion,30.0,3.4339872044851463,4.0,5.72,4.45445454545454,176.0,1.76,4.4809,8.39783279820295,1.7199999999999998,0.4809000000000001,True
2014-02-01,2014,2,coloc_arrendamiento,Arrendamiento financiero,Financiero,Colocacion,0.0,0.0,4.0,6.4255,4.365,182.25,1.8225,4.7948,8.37410848580069,2.4255000000000004,0.7948000000000004,False
2014-03-01,2014,3,coloc_arrendamiento,Arrendamiento financiero,Financiero,Colocacion,28.1,3.370738174177447,4.0,6.16490476190476,4.16752380952381,167.2381,1.6723810000000001,4.9354,8.34926199159022,2.1649047619047597,0.9353999999999996,True
2014-04-01,2014,4,coloc_arrendamiento,Arrendamiento financiero,Financiero,Colocacion,0.0,0.0,4.0,5.951,4.01075,153.54545,1.5354545,5.0225,8.28488301493797,1.9509999999999996,1.0225,False
2014-05-01,2014,5,coloc_arrendamiento,Arrendamiento financiero,Financiero,Colocacion,200.0,5.303304908059076,4.0,5.64095238095238,3.83219047619048,149.40909,1.4940909,5.0269,8.25593549390221,1.6409523809523803,1.0269000000000004,True
2014-06-01,2014,6,coloc_arrendamiento,Arrendamiento financiero,Financiero,Colocacion,0.0,0.0,4.0,5.37238095238095,3.78709523809524,145.42857,1.4542857,4.9535,8.29752109735162,1.3723809523809498,0.9535,False
2014-07-01,2014,7,coloc_arrendamiento,Arrendamiento financiero,Financiero,Colocacion,50.0,3.9318256327243257,3.75,5.177,3.73633333333333,146.34783,1.4634782999999998,4.7393,8.28877174921292,1.4269999999999996,0.9893000000000001,True
2014-08-01,2014,8,coloc_arrendamiento,Arrendamiento financiero,Financiero,Colocacion,20.0,3.044522437723423,3.75,5.19790476190476,3.69519047619048,157.28571,1.5728571,4.6087,8.30605360218592,1.44790476190476,0.8586999999999998,True
2014-09-01,2014,9,coloc_arrendamiento,Arrendamiento financiero,Financiero,Colocacion,0.0,0.0,3.5,5.33545454545455,3.79531818181818,149.68182,1.4968181999999999,4.4861,8.3415644243909,1.8354545454545503,0.9861000000000004,False
2014-10-01,2014,10,coloc_arrendamiento,Arrendamiento financiero,Financiero,Colocacion,0.0,0.0,3.5,5.35995454545454,3.74259090909091,170.26087,1.7026087,4.4428,8.35015609539825,1.8599545454545403,0.9428000000000001,False
2014-11-01,2014,11,coloc_arrendamiento,Arrendamiento financiero,Financiero,Colocacion,0.0,0.0,3.5,5.43935,3.654,165.35,1.6535,4.4378,8.3363985675794,1.9393500000000001,0.9378000000000002,False
2014-12-01,2014,12,coloc_arrendamiento,Arrendamiento financiero,Financiero,Colocacion,0.0,0.0,3.5,5.35971428571429,3.70204761904762,181.91304,1.8191304,4.6632,8.31860821111633,1.8597142857142899,1.1631999999999998,False
2015-01-01,2015,1,coloc_arrendamiento,Arrendamiento financiero,Financiero,Colocacion,0.0,0.0,3.25,5.2966,3.5399,201.22727,2.0122727,4.4829,8.20330799624513,2.0465999999999998,1.2328999999999999,False
2015-02-01,2015,2,coloc_arrendamiento,Arrendamiento financiero,Financiero,Colocacion,0.0,0.0,3.25,5.2855,3.34735,182.85,1.8285,4.1728,8.24620644636677,2.0355,0.9227999999999996,False
2015-03-01,2015,3,coloc_arrendamiento,Arrendamiento financiero,Financiero,Colocacion,0.0,0.0,3.25,5.52668181818182,3.41931818181818,184.45455,1.8445455000000002,4.1913,8.210629086703,2.27668181818182,0.9413,False
2015-04-01,2015,4,coloc_arrendamiento,Arrendamiento financiero,Financiero,Colocacion,0.0,0.0,3.25,5.53809090909091,3.20913636363636,176.95455,1.7695455000000002,4.3667,8.10086813334164,2.2880909090909096,1.1166999999999998,False
2015-05-01,2015,5,coloc_arrendamiento,Arrendamiento financiero,Financiero,Colocacion,31.6,3.484312288372662,3.25,5.9019,3.41675,165.90476,1.6590476,4.4803,8.10144847599015,2.6519000000000004,1.2302999999999997,True
2015-06-01,2015,6,coloc_arrendamiento,Arrendamiento financiero,Financiero,Colocacion,0.0,0.0,3.25,6.17166666666667,3.68176190476191,176.5,1.765,4.1341,8.07126454169475,2.9216666666666704,0.8841000000000001,False
2015-07-01,2015,7,coloc_arrendamiento,Arrendamiento financiero,Financiero,Colocacion,0.0,0.0,3.25,6.47165,3.7191,186.69565,1.8669565,4.1685,7.9716830509417,3.2216500000000003,0.9184999999999999,False
2015-08-01,2015,8,coloc_arrendamiento,Arrendamiento financiero,Financiero,Colocacion,0.0,0.0,3.25,6.66319047619047,3.91719047619048,217.47619,2.1747619,4.483,7.91908792812927,3.4131904761904703,1.2329999999999997,False
2015-09-01,2015,9,coloc_arrendamiento,Arrendamiento financiero,Financiero,Colocacion,72.611,4.298794471089057,3.5,7.23577272727273,4.06622727272727,234.27273,2.3427273,4.9268,7.91020063074947,3.73577272727273,1.4268,True
2015-10-01,2015,10,coloc_arrendamiento,Arrendamiento financiero,Financiero,Colocacion,0.0,0.0,3.5,7.01072727272727,3.864,225.90909,2.2590909,4.7596,7.87004699148263,3.5107272727272703,1.2595999999999998,False
2015-11-01,2015,11,coloc_arrendamiento,Arrendamiento financiero,Financiero,Colocacion,0.0,0.0,3.5,6.69261904761905,3.95257142857143,218.90476,2.1890476000000003,4.8417,7.87714043536655,3.1926190476190497,1.3417000000000003,False
2015-12-01,2015,12,coloc_arrendamiento,Arrendamiento financiero,Financiero,Colocacion,0.0,0.0,3.75,6.70786363636364,4.07954545454545,236.65217,2.3665217000000003,4.9317,7.89924707101221,2.9578636363636397,1.1817000000000002,False
2016-01-01,2016,1,coloc_arrendamiento,Arrendamiento financiero,Financiero,Colocacion,0.0,0.0,4.0,7.02015,4.238,267.05,2.6705,4.9884,7.90094495650674,3.02015,0.9884000000000004,False
2016-02-01,2016,2,coloc_arrendamiento,Arrendamiento financiero,Financiero,Colocacion,0.0,0.0,4.25,7.34585714285714,4.0577619047619,282.38095,2.8238095,5.2324,7.92111679006339,3.09585714285714,0.9824000000000002,False
2016-03-01,2016,3,coloc_arrendamiento,Arrendamiento financiero,Financiero,Colocacion,20.54277,3.070040261417523,4.25,7.139,3.50990476190476,226.82609,2.2682609,5.3779,7.96682877995631,2.8890000000000002,1.1279000000000003,True
2016-04-01,2016,4,coloc_arrendamiento,Arrendamiento financiero,Financiero,Colocacion,0.0,0.0,4.25,6.54485714285714,3.22447619047619,210.04762,2.1004762,5.3769,8.02653324572007,2.29485714285714,1.1269,False
2016-05-01,2016,5,coloc_arrendamiento,Arrendamiento financiero,Financiero,Colocacion,0.0,0.0,4.25,6.26581818181818,3.22086363636364,207.95455,2.0795455,5.4266,8.05332430208037,2.0158181818181804,1.1765999999999996,False
2016-06-01,2016,6,coloc_arrendamiento,Arrendamiento financiero,Financiero,Colocacion,0.0,0.0,4.25,6.08436363636364,3.06422727272727,209.90909,2.0990908999999998,5.5167,8.05980500628028,1.8343636363636397,1.2667000000000002,False
2016-07-01,2016,7,coloc_arrendamiento,Arrendamiento financiero,Financiero,Colocacion,12.87216,2.6298839539970444,4.25,5.75652380952381,2.6487619047619,184.19048,1.8419048,5.4174,8.07355987597862,1.5065238095238103,1.1673999999999998,True
2016-08-01,2016,8,coloc_arrendamiento,Arrendamiento financiero,Financiero,Colocacion,0.0,0.0,4.25,5.63617391304348,2.54117391304348,169.6087,1.696087,5.0871,8.10525299480707,1.3861739130434803,0.8371000000000004,False
2016-09-01,2016,9,coloc_arrendamiento,Arrendamiento financiero,Financiero,Colocacion,0.0,0.0,4.25,5.79354545454546,2.60722727272727,161.77273,1.6177272999999999,4.9469,8.14204903341092,1.5435454545454599,0.6969000000000003,False
2016-10-01,2016,10,coloc_arrendamiento,Arrendamiento financiero,Financiero,Colocacion,244.77488,5.504415995001419,4.25,5.77085714285714,2.75419047619048,146.52381,1.4652380999999999,4.9397,8.19877047542736,1.5208571428571398,0.6897000000000002,True
2016-11-01,2016,11,coloc_arrendamiento,Arrendamiento financiero,Financiero,Colocacion,0.0,0.0,4.25,6.30986363636364,3.41454545454546,167.81818,1.6781818000000002,4.9515,8.23694628022982,2.05986363636364,0.7015000000000002,False
2016-12-01,2016,12,coloc_arrendamiento,Arrendamiento financiero,Financiero,Colocacion,0.0,0.0,4.25,6.44685714285714,3.71609523809524,164.72727,1.6472727,5.1925,8.2550705470513,2.19685714285714,0.9424999999999999,False
2017-01-01,2017,1,coloc_arrendamiento,Arrendamiento financiero,Financiero,Colocacion,200.0,5.303304908059076,4.25,6.35095454545454,3.49077272727273,157.3,1.5730000000000002,5.1127,8.28179495378865,2.10095454545454,0.8627000000000002,True
2017-02-01,2017,2,coloc_arrendamiento,Arrendamiento financiero,Financiero,Colocacion,0.0,0.0,4.25,6.26035,3.3545,152.105263157895,1.5210526315789499,5.0111,8.32931743428592,2.01035,0.7610999999999999,False
2017-03-01,2017,3,coloc_arrendamiento,Arrendamiento financiero,Financiero,Colocacion,0.0,0.0,4.25,6.09739130434783,3.29430434782609,141.086956521739,1.4108695652173902,4.9649,8.37276932880972,1.8473913043478296,0.7149000000000001,False
2017-04-01,2017,4,coloc_arrendamiento,Arrendamiento financiero,Financiero,Colocacion,19.0836,2.9999035616228014,4.25,5.87055555555556,3.22022222222222,149.444444444444,1.49444444444444,4.9442,8.44035905120784,1.6205555555555602,0.6942000000000004,True
2017-05-01,2017,5,coloc_arrendamiento,Arrendamiento financiero,Financiero,Colocacion,0.0,0.0,4.0,5.71772727272727,3.17468181818182,141.181818181818,1.4118181818181799,4.7097,8.45666595004032,1.71772727272727,0.7096999999999998,False
2017-06-01,2017,6,coloc_arrendamiento,Arrendamiento financiero,Financiero,Colocacion,0.0,0.0,4.0,5.57905,2.99295,143.5,1.435,4.5507,8.454424616211,1.5790499999999996,0.5507,False
2017-07-01,2017,7,coloc_arrendamiento,Arrendamiento financiero,Financiero,Colocacion,0.0,0.0,3.75,5.65947368421053,3.11636842105263,141.9,1.419,4.4816,8.44411294629431,1.9094736842105302,0.7316000000000003,False
2017-08-01,2017,8,coloc_arrendamiento,Arrendamiento financiero,Financiero,Colocacion,30.5856,3.4527013205292665,3.75,5.46204347826087,3.00717391304348,155.391304347826,1.55391304347826,4.2758,8.43404834891398,1.7120434782608704,0.5258000000000003,True
2017-09-01,2017,9,coloc_arrendamiento,Arrendamiento financiero,Financiero,Colocacion,61.2798,4.131637135656852,3.5,5.34190476190476,2.89152380952381,144.0,1.44,3.8977,8.44522716285084,1.8419047619047602,0.39769999999999994,True
2017-10-01,2017,10,coloc_arrendamiento,Arrendamiento financiero,Financiero,Colocacion,0.0,0.0,3.5,5.26331818181818,3.01395454545455,139.619047619048,1.39619047619048,3.6451,8.42541769425409,1.76331818181818,0.14509999999999978,False
2017-11-01,2017,11,coloc_arrendamiento,Arrendamiento financiero,Financiero,Colocacion,0.0,0.0,3.25,5.2997619047619,2.99557142857143,138.809523809524,1.38809523809524,3.5737,8.42632584501934,2.0497619047619002,0.3237000000000001,False
2017-12-01,2017,12,coloc_arrendamiento,Arrendamiento financiero,Financiero,Colocacion,158.0,5.0689042022202315,3.25,5.24947368421053,3.04447368421053,136.15,1.3615000000000002,3.5602,8.40796475027092,1.99947368421053,0.31020000000000003,True
2018-01-01,2018,1,coloc_arrendamiento,Arrendamiento financiero,Financiero,Colocacion,0.0,0.0,3.0,4.81809523809524,3.11365,116.608695652174,1.16608695652174,3.4641,8.33453950449729,1.81809523809524,0.4641000000000002,False
2018-02-01,2018,2,coloc_arrendamiento,Arrendamiento financiero,Financiero,Colocacion,0.0,0.0,3.0,4.7945,3.593,132.2,1.3219999999999998,3.3265,8.332922967143,1.7945000000000002,0.3264999999999998,False
2018-03-01,2018,3,coloc_arrendamiento,Arrendamiento financiero,Financiero,Colocacion,19.61256,3.0259005987365444,2.75,4.845,3.66215,147.045454545455,1.47045454545455,3.2356,8.2719700517584,2.0949999999999998,0.4855999999999998,True
2018-04-01,2018,4,coloc_arrendamiento,Arrendamiento financiero,Financiero,Colocacion,0.0,0.0,2.75,5.0242,3.61835,145.238095238095,1.45238095238095,3.1521,8.18550089578463,2.2742000000000004,0.4020999999999999,False
2018-05-01,2018,5,coloc_arrendamiento,Arrendamiento financiero,Financiero,Colocacion,0.0,0.0,2.75,5.47227272727273,3.91371428571429,157.695652173913,1.5769565217391301,3.2427,8.15812519738456,2.7222727272727303,0.49270000000000014,False
2018-06-01,2018,6,coloc_arrendamiento,Arrendamiento financiero,Financiero,Colocacion,11.12781,2.4955011625503865,2.75,5.6626,3.8928,163.333333333333,1.63333333333333,3.4706,8.09929298476305,2.9126000000000003,0.7206000000000001,True
2018-07-01,2018,7,coloc_arrendamiento,Arrendamiento financiero,Financiero,Colocacion,0.0,0.0,2.75,5.48476190476191,3.7164,150.954545454545,1.50954545454545,3.6566,8.06241536178339,2.7347619047619096,0.9066000000000001,False
2018-08-01,2018,8,coloc_arrendamiento,Arrendamiento financiero,Financiero,Colocacion,24.9315,3.2554584459298876,2.75,5.4252380952381,3.73752380952381,149.260869565217,1.49260869565217,3.7944,8.02901926695809,2.6752380952381003,1.0444,True
2018-09-01,2018,9,coloc_arrendamiento,Arrendamiento financiero,Financiero,Colocacion,85.0,4.454347296253507,2.75,5.5175,3.76705263157895,139.9,1.399,3.8758,7.9700014831202,2.7675,1.1258,True
2018-10-01,2018,10,coloc_arrendamiento,Arrendamiento financiero,Financiero,Colocacion,0.0,0.0,2.75,5.73181818181818,3.97654545454545,142.695652173913,1.42695652173913,3.9819,7.91051162555102,2.9818181818181797,1.2319,False
2018-11-01,2018,11,coloc_arrendamiento,Arrendamiento financiero,Financiero,Colocacion,0.0,0.0,2.75,5.727,4.0345,156.863636363636,1.56863636363636,4.123,7.85637030572794,2.9770000000000003,1.3730000000000002,False
2018-12-01,2018,12,coloc_arrendamiento,Arrendamiento financiero,Financiero,Colocacion,0.0,0.0,2.75,5.74363157894737,3.77252631578947,164.809523809524,1.64809523809524,4.3114,7.82982951832825,2.9936315789473698,1.5614,False
2019-01-01,2019,1,coloc_arrendamiento,Arrendamiento financiero,Financiero,Colocacion,0.0,0.0,2.75,5.58772727272727,3.5215,152.391304347826,1.5239130434782602,4.5276,7.77412480756175,2.83772727272727,1.7775999999999996,False
2019-02-01,2019,2,coloc_arrendamiento,Arrendamiento financiero,Financiero,Colocacion,0.0,0.0,2.75,5.4945,3.3507,139.5,1.395,4.3563,7.79885572718277,2.7445000000000004,1.6063,False
2019-03-01,2019,3,coloc_arrendamiento,Arrendamiento financiero,Financiero,Colocacion,0.0,0.0,2.75,5.29923809523809,3.15290476190476,135.666666666667,1.35666666666667,4.0849,7.81020891110979,2.54923809523809,1.3349000000000002,False
2019-04-01,2019,4,coloc_arrendamiento,Arrendamiento financiero,Financiero,Colocacion,0.0,0.0,2.75,5.2158,3.0446,122.363636363636,1.22363636363636,4.0403,7.8131751460884,2.4657999999999998,1.2903000000000002,False
2019-05-01,2019,5,coloc_arrendamiento,Arrendamiento financiero,Financiero,Colocacion,0.0,0.0,2.75,5.13735454545455,2.99745454545455,135.695652173913,1.35695652173913,4.05,7.81182226365403,2.38735454545455,1.2999999999999998,False
2019-06-01,2019,6,coloc_arrendamiento,Arrendamiento financiero,Financiero,Colocacion,26.52398,3.3150576247013994,2.75,4.81719,2.67335,129.15,1.2915,4.0253,7.83626268381355,2.06719,1.2752999999999997,True
2019-07-01,2019,7,coloc_arrendamiento,Arrendamiento financiero,Financiero,Colocacion,0.0,0.0,2.75,4.4401,2.66909523809524,116.130434782609,1.16130434782609,3.9249,7.77225596262161,1.6901000000000002,1.1749,False
2019-08-01,2019,8,coloc_arrendamiento,Arrendamiento financiero,Financiero,Colocacion,0.0,0.0,2.5,4.228985,2.34045,127.090909090909,1.2709090909090899,3.7128,7.71228944879112,1.7289849999999998,1.2128,False
2019-09-01,2019,9,coloc_arrendamiento,Arrendamiento financiero,Financiero,Colocacion,0.0,0.0,2.5,4.15212380952381,2.41766666666667,116.428571428571,1.1642857142857101,3.5263,7.6926466564655,1.6521238095238102,1.0263,False
2019-10-01,2019,10,coloc_arrendamiento,Arrendamiento financiero,Financiero,Colocacion,0.0,0.0,2.5,4.07454285714286,2.51552380952381,126.913043478261,1.26913043478261,3.4438,7.65101237137315,1.57454285714286,0.9438,False
2019-11-01,2019,11,coloc_arrendamiento,Arrendamiento financiero,Financiero,Colocacion,33.575,3.543130877550822,2.25,4.23969,2.59395,126.761904761905,1.26761904761905,3.3523,7.56679301096734,1.9896900000000004,1.1023,True
2019-12-01,2019,12,coloc_arrendamiento,Arrendamiento financiero,Financiero,Colocacion,0.0,0.0,2.25,4.3559380952381,2.512,115.909090909091,1.15909090909091,3.2587,7.44662178370309,2.1059380952381,1.0087000000000002,False
2020-01-01,2020,1,coloc_arrendamiento,Arrendamiento financiero,Financiero,Colocacion,0.0,0.0,2.25,4.50230909090909,2.40831818181818,113.869565217391,1.13869565217391,3.2747,7.35923135788744,2.2523090909090904,1.0247000000000002,False
2020-02-01,2020,2,coloc_arrendamiento,Arrendamiento financiero,Financiero,Colocacion,0.0,0.0,2.25,4.258095,2.23695,122.2,1.222,3.1977,7.35390734329301,2.008095,0.9477000000000002,False
2020-03-01,2020,3,coloc_arrendamiento,Arrendamiento financiero,Financiero,Colocacion,0.0,0.0,1.25,5.08725909090909,2.65986363636364,248.909090909091,2.48909090909091,3.0473,7.29802047761045,3.8372590909090896,1.7973,False
2020-04-01,2020,4,coloc_arrendamiento,Arrendamiento financiero,Financiero,Colocacion,0.0,0.0,0.25,5.0255,2.57965,277.954545454545,2.77954545454545,2.3516,7.20143184392124,4.7755,2.1016,False
2020-05-01,2020,5,coloc_arrendamiento,Arrendamiento financiero,Financiero,Colocacion,0.0,0.0,0.25,4.4295,2.3558,222.35,2.2235,1.4852,5.80260325458287,4.1795,1.2352,False
2020-06-01,2020,6,coloc_arrendamiento,Arrendamiento financiero,Financiero,Colocacion,0.0,0.0,0.25,4.39,2.15714285714286,180.136363636364,1.80136363636364,1.0749,5.00634998054599,4.14,0.8249,False
2020-07-01,2020,7,coloc_arrendamiento,Arrendamiento financiero,Financiero,Colocacion,0.0,0.0,0.25,4.24045454545455,1.85740909090909,169.347826086957,1.6934782608695702,0.9011,4.83971287679542,3.9904545454545497,0.6511,False
2020-08-01,2020,8,coloc_arrendamiento,Arrendamiento financiero,Financiero,Colocacion,0.0,0.0,0.25,4.06714285714286,1.65052380952381,145.636363636364,1.4563636363636399,1.09,4.42307239513293,3.8171428571428603,0.8400000000000001,False
2020-09-01,2020,9,coloc_arrendamiento,Arrendamiento financiero,Financiero,Colocacion,28.8,3.3945083935113587,0.25,4.18681818181818,1.79659090909091,160.409090909091,1.60409090909091,1.0285,4.30721669458437,3.9368181818181798,0.7785,True
2020-10-01,2020,10,coloc_arrendamiento,Arrendamiento financiero,Financiero,Colocacion,0.0,0.0,0.25,4.20545454545454,1.76445454545455,150.181818181818,1.50181818181818,0.7759,4.1821950360515,3.95545454545454,0.5259,False
2020-11-01,2020,11,coloc_arrendamiento,Arrendamiento financiero,Financiero,Colocacion,0.0,0.0,0.25,4.01450476190476,1.78771428571429,147.0,1.47,0.6906,4.09957895654608,3.7645047619047602,0.4406,False
2020-12-01,2020,12,coloc_arrendamiento,Arrendamiento financiero,Financiero,Colocacion,0.0,0.0,0.25,3.63264285714286,1.73285714285714,143.304347826087,1.4330434782608699,0.6189,4.00137293695925,3.38264285714286,0.3689,False
2021-01-01,2021,1,coloc_arrendamiento,Arrendamiento financiero,Financiero,Colocacion,0.0,0.0,0.25,3.658,1.81105,131.619047619048,1.31619047619048,0.6644,3.93054875,3.408,0.4144,False
2021-02-01,2021,2,coloc_arrendamiento,Arrendamiento financiero,Financiero,Colocacion,32.3828,3.5080407972801533,0.25,3.9115,2.0384,138.1,1.381,0.5929,3.88365747957866,3.6615,0.3429,True
2021-03-01,2021,3,coloc_arrendamiento,Arrendamiento financiero,Financiero,Colocacion,0.0,0.0,0.25,4.68608695652174,2.641,165.086956521739,1.6508695652173901,0.5577,3.84142498051546,4.43608695652174,0.3077,False
2021-04-01,2021,4,coloc_arrendamiento,Arrendamiento financiero,Financiero,Colocacion,0.0,0.0,0.25,5.09,2.70985,164.5,1.645,0.5062,3.79115747642998,4.84,0.2562,False
2021-05-01,2021,5,coloc_arrendamiento,Arrendamiento financiero,Financiero,Colocacion,0.0,0.0,0.25,4.99,2.75547619047619,163.571428571429,1.6357142857142901,0.6641,3.73745845968402,4.74,0.4141,False
2021-06-01,2021,6,coloc_arrendamiento,Arrendamiento financiero,Financiero,Colocacion,0.0,0.0,0.25,5.27323809523809,2.66280952380952,169.227272727273,1.69227272727273,0.9206,3.70401900108905,5.02323809523809,0.6706,False
2021-07-01,2021,7,coloc_arrendamiento,Arrendamiento financiero,Financiero,Colocacion,0.0,0.0,0.25,5.6647,2.4939,170.0,1.7,0.7924,3.79669316287069,5.4147,0.5424,False
2021-08-01,2021,8,coloc_arrendamiento,Arrendamiento financiero,Financiero,Colocacion,0.0,0.0,0.5,6.35523809523809,2.57761904761905,183.0,1.83,0.8452,3.81270919613097,5.85523809523809,0.34519999999999995,False
2021-09-01,2021,9,coloc_arrendamiento,Arrendamiento financiero,Financiero,Colocacion,0.0,0.0,1.0,6.34227272727273,2.60063636363636,174.0,1.74,1.2422,3.88117324129765,5.34227272727273,0.24219999999999997,False
2021-10-01,2021,10,coloc_arrendamiento,Arrendamiento financiero,Financiero,Colocacion,0.0,0.0,1.5,5.9495,2.75625,171.619047619048,1.7161904761904798,1.7906,3.94905991486097,4.4495,0.29059999999999997,False
2021-11-01,2021,11,coloc_arrendamiento,Arrendamiento financiero,Financiero,Colocacion,0.0,0.0,2.0,5.86571428571429,2.85347619047619,179.363636363636,1.7936363636363601,2.3431,4.02097586013207,3.86571428571429,0.3431000000000002,False
2021-12-01,2021,12,coloc_arrendamiento,Arrendamiento financiero,Financiero,Colocacion,0.0,0.0,2.5,5.92563636363636,2.80695454545455,174.304347826087,1.74304347826087,2.8714,4.11394529379854,3.42563636363636,0.37139999999999995,False
2022-01-01,2022,1,coloc_arrendamiento,Arrendamiento financiero,Financiero,Colocacion,0.0,0.0,3.0,6.07457142857143,3.09204761904762,176.761904761905,1.7676190476190499,3.5743,4.20262820902694,3.0745714285714296,0.5743,False
2022-02-01,2022,2,coloc_arrendamiento,Arrendamiento financiero,Financiero,Colocacion,0.0,0.0,3.5,6.071,3.4629,197.75,1.9775,4.1679,4.2906273925101,2.5709999999999997,0.6679000000000004,False
2022-03-01,2022,3,coloc_arrendamiento,Arrendamiento financiero,Financiero,Colocacion,18.7821,2.9847774884054683,4.0,6.59782608695652,3.5704347826087,200.739130434783,2.0073913043478298,4.553,4.39096306762848,2.5978260869565197,0.5529999999999999,True
2022-04-01,2022,4,coloc_arrendamiento,Arrendamiento financiero,Financiero,Colocacion,0.0,0.0,4.5,7.37315789473684,4.16131578947368,186.666666666667,1.86666666666667,5.3908,4.53163792121834,2.87315789473684,0.8907999999999996,False
2022-05-01,2022,5,coloc_arrendamiento,Arrendamiento financiero,Financiero,Colocacion,0.0,0.0,5.0,7.92363636363636,4.56222727272727,217.545454545455,2.1754545454545497,6.1156,4.70692227109288,2.9236363636363603,1.1155999999999997,False
2022-06-01,2022,6,coloc_arrendamiento,Arrendamiento financiero,Financiero,Colocacion,0.0,0.0,5.5,7.858,4.77219047619048,213.545454545455,2.1354545454545497,6.5066,4.95452828665271,2.3579999999999997,1.0065999999999997,False
2022-07-01,2022,7,coloc_arrendamiento,Arrendamiento financiero,Financiero,Colocacion,0.0,0.0,6.0,8.21631578947368,4.74931578947368,235.428571428571,2.35428571428571,7.1747,5.13409390416655,2.216315789473679,1.1746999999999996,False
2022-08-01,2022,8,coloc_arrendamiento,Arrendamiento financiero,Financiero,Colocacion,0.0,0.0,6.5,7.90872727272727,4.53818181818182,211.0,2.11,7.8556,5.35904493680998,1.40872727272727,1.3556,False
2022-09-01,2022,9,coloc_arrendamiento,Arrendamiento financiero,Financiero,Colocacion,0.0,0.0,6.75,8.30590909090909,5.26540909090909,225.273454545455,2.2527345454545498,7.9938,5.58356719333656,1.5559090909090898,1.2438000000000002,False
2022-10-01,2022,10,coloc_arrendamiento,Arrendamiento financiero,Financiero,Colocacion,0.0,0.0,7.0,8.64571428571429,6.02866666666667,242.587095238095,2.42587095238095,8.2644,5.86119286699759,1.6457142857142895,1.2644000000000002,False
2022-11-01,2022,11,coloc_arrendamiento,Arrendamiento financiero,Financiero,Colocacion,0.0,0.0,7.25,7.86476190476191,5.48057142857143,203.406909090909,2.03406909090909,8.4504,6.10406191790094,0.6147619047619104,1.2004000000000001,False
2022-12-01,2022,12,coloc_arrendamiento,Arrendamiento financiero,Financiero,Colocacion,0.0,0.0,7.5,7.8615,5.17145,195.5,1.955,8.7459,6.3692162201999,0.3615000000000004,1.2459000000000007,False
2023-01-01,2023,1,coloc_arrendamiento,Arrendamiento financiero,Financiero,Colocacion,0.0,0.0,7.75,7.95952380952381,5.21561904761905,207.045454545455,2.0704545454545498,9.4381,6.63189134989598,0.20952380952380967,1.6881000000000004,False
2023-02-01,2023,2,coloc_arrendamiento,Arrendamiento financiero,Financiero,Colocacion,0.0,0.0,7.75,7.87935,5.3419,192.3,1.923,9.4919,6.850617510557,0.12934999999999963,1.7418999999999993,False
2023-03-01,2023,3,coloc_arrendamiento,Arrendamiento financiero,Financiero,Colocacion,0.0,0.0,7.75,7.71669565217391,5.34278260869565,203.826086956522,2.03826086956522,9.0567,7.10922194994223,-0.03330434782608993,1.3066999999999993,False
2023-04-01,2023,4,coloc_arrendamiento,Arrendamiento financiero,Financiero,Colocacion,0.0,0.0,7.75,7.48888888888889,5.19622222222222,201.9,2.019,9.0685,7.38043153540864,-0.2611111111111102,1.3185000000000002,False
2023-05-01,2023,5,coloc_arrendamiento,Arrendamiento financiero,Financiero,Colocacion,0.0,0.0,7.75,7.275,5.24172727272727,197.391304347826,1.9739130434782601,9.1889,7.61044798189717,-0.47499999999999964,1.4389000000000003,False
2023-06-01,2023,6,coloc_arrendamiento,Arrendamiento financiero,Financiero,Colocacion,0.0,0.0,7.75,7.07380952380952,5.24138095238095,181.090909090909,1.8109090909090901,9.3105,7.81145511418098,-0.67619047619048,1.5604999999999993,False
2023-07-01,2023,7,coloc_arrendamiento,Arrendamiento financiero,Financiero,Colocacion,0.0,0.0,7.75,6.7555,5.2575,168.904761904762,1.68904761904762,9.244,7.99690744269487,-0.9945000000000004,1.4939999999999998,False
2023-08-01,2023,8,coloc_arrendamiento,Arrendamiento financiero,Financiero,Colocacion,0.0,0.0,7.75,6.84409090909091,5.58609090909091,167.227272727273,1.67227272727273,9.041,8.14090107239871,-0.9059090909090903,1.2910000000000004,False
2023-09-01,2023,9,coloc_arrendamiento,Arrendamiento financiero,Financiero,Colocacion,0.0,0.0,7.5,6.96857142857143,5.81652380952381,169.095238095238,1.6909523809523799,8.8215,8.28878510406768,-0.5314285714285703,1.3215000000000003,False
2023-10-01,2023,10,coloc_arrendamiento,Arrendamiento financiero,Financiero,Colocacion,0.0,0.0,7.25,7.62454545454545,6.32286363636364,179.954545454545,1.7995454545454501,8.3505,8.44068972530412,0.37454545454544963,1.1005000000000003,False
2023-11-01,2023,11,coloc_arrendamiento,Arrendamiento financiero,Financiero,Colocacion,0.0,0.0,7.0,7.17190476190476,5.93028571428571,175.181818181818,1.75181818181818,7.9954,8.53156476033984,0.17190476190476023,0.9954000000000001,False
2023-12-01,2023,12,coloc_arrendamiento,Arrendamiento financiero,Financiero,Colocacion,0.0,0.0,6.75,6.86847368421053,5.22494736842105,162.428571428571,1.62428571428571,7.656,8.62378590230264,0.11847368421052984,0.9059999999999997,False
2024-01-01,2024,1,coloc_arrendamiento,Arrendamiento financiero,Financiero,Colocacion,0.0,0.0,6.5,6.67952380952381,5.4167619047619,170.434782608696,1.70434782608696,7.294,8.69869046961524,0.1795238095238103,0.7939999999999996,False
2024-02-01,2024,2,coloc_arrendamiento,Arrendamiento financiero,Financiero,Colocacion,22.5855,3.16063211642671,6.25,6.75380952380952,5.53071428571429,160.285714285714,1.6028571428571399,6.8902,8.74071778178379,0.5038095238095197,0.6402000000000001,True
2024-03-01,2024,3,coloc_arrendamiento,Arrendamiento financiero,Financiero,Colocacion,0.0,0.0,6.25,7.00578947368421,5.50626315789474,152.666666666667,1.52666666666667,6.5961,8.76694823582294,0.7557894736842101,0.34609999999999985,False
2024-04-01,2024,4,coloc_arrendamiento,Arrendamiento financiero,Financiero,Colocacion,0.0,0.0,6.0,7.38204545454545,5.85754545454545,153.772727272727,1.53772727272727,6.4786,8.78031366488921,1.38204545454545,0.47860000000000014,False
2024-05-01,2024,5,coloc_arrendamiento,Arrendamiento financiero,Financiero,Colocacion,0.0,0.0,5.75,7.09540909090909,5.76072727272727,155.826086956522,1.55826086956522,6.3612,8.80480909118507,1.34540909090909,0.6112000000000002,False
2024-06-01,2024,6,coloc_arrendamiento,Arrendamiento financiero,Financiero,Colocacion,0.0,0.0,5.75,7.08842105263158,5.63131578947368,160.9,1.609,6.238,8.79372542941437,1.3384210526315803,0.48800000000000043,False
2024-07-01,2024,7,coloc_arrendamiento,Arrendamiento financiero,Financiero,Colocacion,0.0,0.0,5.75,6.9725,5.5434,158.695652173913,1.58695652173913,5.9434,8.882805081995,1.2225000000000001,0.19339999999999957,False
2024-08-01,2024,8,coloc_arrendamiento,Arrendamiento financiero,Financiero,Colocacion,0.0,0.0,5.5,6.5835,5.1731,169.5,1.695,5.736,8.92989630054711,1.0835,0.23599999999999977,False
2024-09-01,2024,9,coloc_arrendamiento,Arrendamiento financiero,Financiero,Colocacion,0.0,0.0,5.25,6.36185714285714,5.02190476190476,162.578947368421,1.6257894736842102,5.5418,8.96187040666967,1.11185714285714,0.2918000000000003,False
2024-10-01,2024,10,coloc_arrendamiento,Arrendamiento financiero,Financiero,Colocacion,0.0,0.0,5.25,6.52246818181818,5.36572727272727,153.68,1.5368000000000002,5.5019,8.7951748787329,1.27246818181818,0.2519,False
2024-11-01,2024,11,coloc_arrendamiento,Arrendamiento financiero,Financiero,Colocacion,0.0,0.0,5.0,6.669,5.6087,155.263157894737,1.55263157894737,5.4011,7.44683165341243,1.6689999999999996,0.40109999999999957,False
2024-12-01,2024,12,coloc_arrendamiento,Arrendamiento financiero,Financiero,Colocacion,0.0,0.0,5.0,6.62515789473684,5.67389473684211,154.380952380952,1.5438095238095202,5.1856,7.47131200827443,1.62515789473684,0.1856,False
2025-01-01,2025,1,coloc_arrendamiento,Arrendamiento financiero,Financiero,Colocacion,0.0,0.0,4.75,6.69,5.90368181818182,156.761904761905,1.56761904761905,5.0934,7.49907664706817,1.9400000000000004,0.3433999999999999,False
2025-02-01,2025,2,coloc_arrendamiento,Arrendamiento financiero,Financiero,Colocacion,0.0,0.0,4.75,6.4725,5.74665,158.25,1.5825,5.0581,7.52122935000511,1.7225000000000001,0.3080999999999996,False
2025-03-01,2025,3,coloc_arrendamiento,Arrendamiento financiero,Financiero,Colocacion,0.0,0.0,4.75,6.4852380952381,5.59780952380952,163.354838709677,1.6335483870967702,4.9808,7.55728149897883,1.7352380952381,0.23080000000000034,False
2025-04-01,2025,4,coloc_arrendamiento,Arrendamiento financiero,Financiero,Colocacion,0.0,0.0,4.75,6.604,5.6705,177.571428571429,1.77571428571429,5.1185,7.52794557568402,1.854,0.36850000000000005,False
2025-05-01,2025,5,coloc_arrendamiento,Arrendamiento financiero,Financiero,Colocacion,0.0,0.0,4.5,6.48666666666667,5.60052380952381,158.58064516129,1.5858064516129,5.0515,7.55206145805733,1.98666666666667,0.5514999999999999,False
2025-06-01,2025,6,coloc_arrendamiento,Arrendamiento financiero,Financiero,Colocacion,24.78,3.2495989975110415,4.5,6.41190476190476,5.51895238095238,153.833333333333,1.53833333333333,4.9998,7.54014850637851,1.9119047619047604,0.4997999999999996,True
2025-07-01,2025,7,coloc_arrendamiento,Arrendamiento financiero,Financiero,Colocacion,0.0,0.0,4.5,6.18745,5.5105,140.612903225806,1.4061290322580602,5.0848,7.54163430944622,1.6874500000000001,0.5848000000000004,False
2025-08-01,2025,8,coloc_arrendamiento,Arrendamiento financiero,Financiero,Colocacion,0.0,0.0,4.5,6.01696,5.3269,133.322580645161,1.33322580645161,5.0419,7.56402905364994,1.51696,0.5419,False
2025-09-01,2025,9,coloc_arrendamiento,Arrendamiento financiero,Financiero,Colocacion,0.0,0.0,4.25,6.12590909090909,5.11172727272727,124.107142857143,1.24107142857143,4.9333,7.56109725841028,1.87590909090909,0.6833,False
2025-10-01,2025,10,coloc_arrendamiento,Arrendamiento financiero,Financiero,Colocacion,0.0,0.0,4.25,6.10583636363637,5.07618181818182,123.516129032258,1.23516129032258,4.8992,7.55898200976963,1.85583636363637,0.6492000000000004,False
2025-11-01,2025,11,coloc_arrendamiento,Arrendamiento financiero,Financiero,Colocacion,0.0,0.0,4.25,6.00445,5.1118,125.6,1.256,4.8408,7.54117283637899,1.7544500000000003,0.5907999999999998,False
2025-12-01,2025,12,coloc_arrendamiento,Arrendamiento financiero,Financiero,Colocacion,0.0,0.0,4.25,5.82715789473684,5.09484210526316,127.0,1.27,4.7816,7.44751485314968,1.5771578947368399,0.5316000000000001,False
2011-01-01,2011,1,coloc_corporativos,Bonos corporativos,Corporativo,Colocacion,180.66,5.2021368080740675,3.25,5.84628571428571,5.165,145.57143,1.4557143,3.8403,7.20480825212354,2.5962857142857096,0.5903,False
2011-02-01,2011,2,coloc_corporativos,Bonos corporativos,Corporativo,Colocacion,0.0,0.0,3.5,6.01595,5.3764,146.1,1.4609999999999999,4.1328,7.35416964181192,2.51595,0.6327999999999996,False
2011-03-01,2011,3,coloc_corporativos,Bonos corporativos,Corporativo,Colocacion,60.0,4.110873864173311,3.75,6.35333612040134,5.30634782608696,156.78261,1.5678261,4.422,7.45319066124941,2.60333612040134,0.6719999999999997,False
2011-04-01,2011,4,coloc_corporativos,Bonos corporativos,Corporativo,Colocacion,0.0,0.0,4.0,6.94410092633545,5.65989473684211,192.90476,1.9290476,4.9028,7.47291946579307,2.94410092633545,0.9028,False
2011-05-01,2011,5,coloc_corporativos,Bonos corporativos,Corporativo,Colocacion,102.23666,4.637024022525455,4.25,6.72250202228567,5.32847619047619,187.22727,1.8722727000000001,5.3829,7.68962700306516,2.4725020222856697,1.1329000000000002,False
2011-06-01,2011,6,coloc_corporativos,Bonos corporativos,Corporativo,Colocacion,0.0,0.0,4.25,6.45763825900731,5.23528571428572,192.36364,1.9236364000000001,5.6209,7.84986533465833,2.20763825900731,1.3708999999999998,False
2011-07-01,2011,7,coloc_corporativos,Bonos corporativos,Corporativo,Colocacion,50.0,3.9318256327243257,4.25,6.23626241920591,5.03678947368421,170.85714,1.7085713999999999,5.4194,7.88181011506081,1.98626241920591,1.1694000000000004,False
2011-08-01,2011,8,coloc_corporativos,Bonos corporativos,Corporativo,Colocacion,0.0,0.0,4.25,5.92853521749067,4.65814285714286,199.56522,1.9956522,5.3906,7.67811464524686,1.67853521749067,1.1406,False
2011-09-01,2011,9,coloc_corporativos,Bonos corporativos,Corporativo,Colocacion,0.0,0.0,4.25,5.62017803787122,4.65722727272727,237.45455,2.3745455,5.317,7.7744779683529,1.37017803787122,1.0670000000000002,False
2011-10-01,2011,10,coloc_corporativos,Bonos corporativos,Corporativo,Colocacion,187.110453125,5.2370293069319676,4.25,5.72483222108669,4.7062,231.95238,2.3195238000000002,5.4037,8.06880722181612,1.4748322210866904,1.1536999999999997,False
2011-11-01,2011,11,coloc_corporativos,Bonos corporativos,Corporativo,Colocacion,94.5,4.5591262474866845,4.25,5.66734322961868,4.35095238095238,214.18182,2.1418182,5.1702,8.18429932294086,1.4173432296186803,0.9202000000000004,False
2011-12-01,2011,12,coloc_corporativos,Bonos corporativos,Corporativo,Colocacion,0.0,0.0,4.25,5.6953293398377,4.31715789473684,216.31818,2.1631818000000003,5.3604,8.29255426952091,1.4453293398377003,1.1104000000000003,False
2012-01-01,2012,1,coloc_corporativos,Bonos corporativos,Corporativo,Colocacion,0.0,0.0,4.25,5.6877609398031,4.34477272727273,219.40909,2.1940909,5.2828,8.25284590289425,1.4377609398031002,1.0328,False
2012-02-01,2012,2,coloc_corporativos,Bonos corporativos,Corporativo,Colocacion,187.87,5.241058947707755,4.25,5.55203643226112,4.07966666666667,199.2381,1.992381,5.3,8.27348386309663,1.3020364322611204,1.0499999999999998,False
2012-03-01,2012,3,coloc_corporativos,Bonos corporativos,Corporativo,Colocacion,0.0,0.0,4.25,5.40746192764249,3.90677272727273,165.59091,1.6559091000000001,5.2513,8.37300111927793,1.1574619276424896,1.0012999999999996,False
2012-04-01,2012,4,coloc_corporativos,Bonos corporativos,Corporativo,Colocacion,40.0,3.713572066704308,4.25,5.31709184145608,3.745,164.14286,1.6414286000000002,5.265,8.43188843464642,1.0670918414560804,1.0149999999999997,False
2012-05-01,2012,5,coloc_corporativos,Bonos corporativos,Corporativo,Colocacion,110.0,4.709530201312334,4.25,5.1611689535073,3.71418181818182,180.52174,1.8052173999999999,5.1938,8.55555282489058,0.9111689535072998,0.9438000000000004,False
2012-06-01,2012,6,coloc_corporativos,Bonos corporativos,Corporativo,Colocacion,0.0,0.0,4.25,5.14383563093637,3.59845,188.42857,1.8842857000000002,5.1563,8.60182745997574,0.89383563093637,0.9062999999999999,False
2012-07-01,2012,7,coloc_corporativos,Bonos corporativos,Corporativo,Colocacion,66.15,4.206928922969246,4.25,5.02354166666667,3.2648,162.59091,1.6259091,5.1698,8.5929081450795,0.7735416666666701,0.9198000000000004,False
2012-08-01,2012,8,coloc_corporativos,Bonos corporativos,Corporativo,Colocacion,140.0,4.948759890378168,4.25,4.85419437482595,3.13571428571429,133.13043,1.3313043,5.1906,8.68128951453787,0.6041943748259504,0.9405999999999999,False
2012-09-01,2012,9,coloc_corporativos,Bonos corporativos,Corporativo,Colocacion,0.0,0.0,4.25,4.67659618205868,3.06225,124.0,1.24,5.1102,8.72151201615506,0.4265961820586801,0.8601999999999999,False
2012-10-01,2012,10,coloc_corporativos,Bonos corporativos,Corporativo,Colocacion,511.42,6.239144601267095,4.25,4.55363674242424,2.9236,108.04348,1.0804348,5.0611,8.76811775572671,0.3036367424242403,0.8110999999999997,False
2012-11-01,2012,11,coloc_corporativos,Bonos corporativos,Corporativo,Colocacion,144.14,4.97769879384999,4.25,4.45981283452211,2.9668,122.95455,1.2295455,5.0593,8.8966005994144,0.20981283452211041,0.8093000000000004,False
2012-12-01,2012,12,coloc_corporativos,Bonos corporativos,Corporativo,Colocacion,77.1,4.35799005684564,4.25,4.16331561657297,3.01164705882353,117.19048,1.1719047999999999,5.0304,9.0631777919402,-0.08668438342702967,0.7804000000000002,False
2013-01-01,2013,1,coloc_corporativos,Bonos corporativos,Corporativo,Colocacion,50.0,3.9318256327243257,4.25,4.06750469795356,3.08854545454545,110.04348,1.1004348,5.0298,9.04238006585355,-0.1824953020464397,0.7797999999999998,False
2013-02-01,2013,2,coloc_corporativos,Bonos corporativos,Corporativo,Colocacion,103.205,4.646360112812954,4.25,4.15190764118355,3.29463157894737,127.05,1.2705,4.8751,9.14940540258296,-0.09809235881644973,0.6250999999999998,False
2013-03-01,2013,3,coloc_corporativos,Bonos corporativos,Corporativo,Colocacion,120.0,4.795790545596741,4.25,4.14838614187719,3.28557894736842,140.28571,1.4028570999999999,4.6881,9.21137994314266,-0.10161385812280965,0.4381000000000004,False
2013-04-01,2013,4,coloc_corporativos,Bonos corporativos,Corporativo,Colocacion,50.0,3.9318256327243257,4.25,4.05634051937754,3.06895454545455,132.54545,1.3254545,4.4482,9.15560271564023,-0.1936594806224603,0.19819999999999993,False
2013-05-01,2013,5,coloc_corporativos,Bonos corporativos,Corporativo,Colocacion,0.0,0.0,4.25,4.20181818181818,3.25236363636364,133.73913,1.3373913,4.3607,9.04071529297496,-0.04818181818181966,0.11069999999999958,False
2013-06-01,2013,6,coloc_corporativos,Bonos corporativos,Corporativo,Colocacion,0.0,0.0,4.25,5.31946716260051,4.04315789473684,179.8,1.798,4.4862,8.9853489227944,1.0694671626005103,0.2362000000000002,False
2013-07-01,2013,7,coloc_corporativos,Bonos corporativos,Corporativo,Colocacion,0.0,0.0,4.25,5.26015228899572,4.29876190476191,175.69565,1.7569565,4.7471,8.80484910504589,1.0101522889957204,0.49709999999999965,False
2013-08-01,2013,8,coloc_corporativos,Bonos corporativos,Corporativo,Colocacion,97.5,4.590056548178043,4.25,5.46271259667266,4.54695238095238,190.54545,1.9054544999999998,4.6554,8.66943327215367,1.2127125966726604,0.4054000000000002,False
2013-09-01,2013,9,coloc_corporativos,Bonos corporativos,Corporativo,Colocacion,0.0,0.0,4.25,5.60047619047619,4.56314285714286,183.38095,1.8338095,4.7181,8.56490763208247,1.35047619047619,0.46809999999999974,False
2013-10-01,2013,10,coloc_corporativos,Bonos corporativos,Corporativo,Colocacion,82.8,4.428433007488037,4.25,5.31727272727273,4.27340909090909,172.86957,1.7286957,4.7076,8.54906118892347,1.06727272727273,0.45760000000000023,False
2013-11-01,2013,11,coloc_corporativos,Bonos corporativos,Corporativo,Colocacion,110.0,4.709530201312334,4.0,5.467,4.4478,183.42857,1.8342857000000001,4.5043,8.51866990480899,1.4669999999999996,0.5042999999999997,False
2013-12-01,2013,12,coloc_corporativos,Bonos corporativos,Corporativo,Colocacion,143.46,4.973002652622701,4.0,5.6055,4.49425,176.54545,1.7654545,4.4875,8.46225460748768,1.6055000000000001,0.4874999999999998,False
2014-01-01,2014,1,coloc_corporativos,Bonos corporativos,Corporativo,Colocacion,0.0,0.0,4.0,5.72,4.45445454545454,176.0,1.76,4.4809,8.39783279820295,1.7199999999999998,0.4809000000000001,False
2014-02-01,2014,2,coloc_corporativos,Bonos corporativos,Corporativo,Colocacion,84.57,4.449334754429963,4.0,6.4255,4.365,182.25,1.8225,4.7948,8.37410848580069,2.4255000000000004,0.7948000000000004,False
2014-03-01,2014,3,coloc_corporativos,Bonos corporativos,Corporativo,Colocacion,0.0,0.0,4.0,6.16490476190476,4.16752380952381,167.2381,1.6723810000000001,4.9354,8.34926199159022,2.1649047619047597,0.9353999999999996,False
2014-04-01,2014,4,coloc_corporativos,Bonos corporativos,Corporativo,Colocacion,219.947,5.397922853752052,4.0,5.951,4.01075,153.54545,1.5354545,5.0225,8.28488301493797,1.9509999999999996,1.0225,False
2014-05-01,2014,5,coloc_corporativos,Bonos corporativos,Corporativo,Colocacion,0.0,0.0,4.0,5.64095238095238,3.83219047619048,149.40909,1.4940909,5.0269,8.25593549390221,1.6409523809523803,1.0269000000000004,False
2014-06-01,2014,6,coloc_corporativos,Bonos corporativos,Corporativo,Colocacion,298.95,5.703615794099102,4.0,5.37238095238095,3.78709523809524,145.42857,1.4542857,4.9535,8.29752109735162,1.3723809523809498,0.9535,False
2014-07-01,2014,7,coloc_corporativos,Bonos corporativos,Corporativo,Colocacion,56.0,4.04305126783455,3.75,5.177,3.73633333333333,146.34783,1.4634782999999998,4.7393,8.28877174921292,1.4269999999999996,0.9893000000000001,False
2014-08-01,2014,8,coloc_corporativos,Bonos corporativos,Corporativo,Colocacion,0.0,0.0,3.75,5.19790476190476,3.69519047619048,157.28571,1.5728571,4.6087,8.30605360218592,1.44790476190476,0.8586999999999998,False
2014-09-01,2014,9,coloc_corporativos,Bonos corporativos,Corporativo,Colocacion,422.15,6.047726726116115,3.5,5.33545454545455,3.79531818181818,149.68182,1.4968181999999999,4.4861,8.3415644243909,1.8354545454545503,0.9861000000000004,False
2014-10-01,2014,10,coloc_corporativos,Bonos corporativos,Corporativo,Colocacion,0.0,0.0,3.5,5.35995454545454,3.74259090909091,170.26087,1.7026087,4.4428,8.35015609539825,1.8599545454545403,0.9428000000000001,False
2014-11-01,2014,11,coloc_corporativos,Bonos corporativos,Corporativo,Colocacion,0.0,0.0,3.5,5.43935,3.654,165.35,1.6535,4.4378,8.3363985675794,1.9393500000000001,0.9378000000000002,False
2014-12-01,2014,12,coloc_corporativos,Bonos corporativos,Corporativo,Colocacion,116.1,4.763028270603671,3.5,5.35971428571429,3.70204761904762,181.91304,1.8191304,4.6632,8.31860821111633,1.8597142857142899,1.1631999999999998,False
2015-01-01,2015,1,coloc_corporativos,Bonos corporativos,Corporativo,Colocacion,561.45,6.332302241238835,3.25,5.2966,3.5399,201.22727,2.0122727,4.4829,8.20330799624513,2.0465999999999998,1.2328999999999999,True
2015-02-01,2015,2,coloc_corporativos,Bonos corporativos,Corporativo,Colocacion,290.0,5.673323267171493,3.25,5.2855,3.34735,182.85,1.8285,4.1728,8.24620644636677,2.0355,0.9227999999999996,False
2015-03-01,2015,3,coloc_corporativos,Bonos corporativos,Corporativo,Colocacion,0.0,0.0,3.25,5.52668181818182,3.41931818181818,184.45455,1.8445455000000002,4.1913,8.210629086703,2.27668181818182,0.9413,False
2015-04-01,2015,4,coloc_corporativos,Bonos corporativos,Corporativo,Colocacion,0.0,0.0,3.25,5.53809090909091,3.20913636363636,176.95455,1.7695455000000002,4.3667,8.10086813334164,2.2880909090909096,1.1166999999999998,False
2015-05-01,2015,5,coloc_corporativos,Bonos corporativos,Corporativo,Colocacion,502.3,6.2211864137823145,3.25,5.9019,3.41675,165.90476,1.6590476,4.4803,8.10144847599015,2.6519000000000004,1.2302999999999997,False
2015-06-01,2015,6,coloc_corporativos,Bonos corporativos,Corporativo,Colocacion,153.02,5.037082464111104,3.25,6.17166666666667,3.68176190476191,176.5,1.765,4.1341,8.07126454169475,2.9216666666666704,0.8841000000000001,False
2015-07-01,2015,7,coloc_corporativos,Bonos corporativos,Corporativo,Colocacion,533.0,6.280395838960195,3.25,6.47165,3.7191,186.69565,1.8669565,4.1685,7.9716830509417,3.2216500000000003,0.9184999999999999,True
2015-08-01,2015,8,coloc_corporativos,Bonos corporativos,Corporativo,Colocacion,0.0,0.0,3.25,6.66319047619047,3.91719047619048,217.47619,2.1747619,4.483,7.91908792812927,3.4131904761904703,1.2329999999999997,False
2015-09-01,2015,9,coloc_corporativos,Bonos corporativos,Corporativo,Colocacion,151.175,5.025031174379988,3.5,7.23577272727273,4.06622727272727,234.27273,2.3427273,4.9268,7.91020063074947,3.73577272727273,1.4268,False
2015-10-01,2015,10,coloc_corporativos,Bonos corporativos,Corporativo,Colocacion,0.0,0.0,3.5,7.01072727272727,3.864,225.90909,2.2590909,4.7596,7.87004699148263,3.5107272727272703,1.2595999999999998,False
2015-11-01,2015,11,coloc_corporativos,Bonos corporativos,Corporativo,Colocacion,0.0,0.0,3.5,6.69261904761905,3.95257142857143,218.90476,2.1890476000000003,4.8417,7.87714043536655,3.1926190476190497,1.3417000000000003,False
2015-12-01,2015,12,coloc_corporativos,Bonos corporativos,Corporativo,Colocacion,363.99419,5.899881435647583,3.75,6.70786363636364,4.07954545454545,236.65217,2.3665217000000003,4.9317,7.89924707101221,2.9578636363636397,1.1817000000000002,False
2016-01-01,2016,1,coloc_corporativos,Bonos corporativos,Corporativo,Colocacion,3.9905,1.607536105144504,4.0,7.02015,4.238,267.05,2.6705,4.9884,7.90094495650674,3.02015,0.9884000000000004,False
2016-02-01,2016,2,coloc_corporativos,Bonos corporativos,Corporativo,Colocacion,0.0,0.0,4.25,7.34585714285714,4.0577619047619,282.38095,2.8238095,5.2324,7.92111679006339,3.09585714285714,0.9824000000000002,False
2016-03-01,2016,3,coloc_corporativos,Bonos corporativos,Corporativo,Colocacion,339.97465,5.831808134344196,4.25,7.139,3.50990476190476,226.82609,2.2682609,5.3779,7.96682877995631,2.8890000000000002,1.1279000000000003,False
2016-04-01,2016,4,coloc_corporativos,Bonos corporativos,Corporativo,Colocacion,0.0,0.0,4.25,6.54485714285714,3.22447619047619,210.04762,2.1004762,5.3769,8.02653324572007,2.29485714285714,1.1269,False
2016-05-01,2016,5,coloc_corporativos,Bonos corporativos,Corporativo,Colocacion,130.0,4.875197323201151,4.25,6.26581818181818,3.22086363636364,207.95455,2.0795455,5.4266,8.05332430208037,2.0158181818181804,1.1765999999999996,False
2016-06-01,2016,6,coloc_corporativos,Bonos corporativos,Corporativo,Colocacion,512.5662,6.241378940241333,4.25,6.08436363636364,3.06422727272727,209.90909,2.0990908999999998,5.5167,8.05980500628028,1.8343636363636397,1.2667000000000002,False
2016-07-01,2016,7,coloc_corporativos,Bonos corporativos,Corporativo,Colocacion,436.1,6.080162001869269,4.25,5.75652380952381,2.6487619047619,184.19048,1.8419048,5.4174,8.07355987597862,1.5065238095238103,1.1673999999999998,False
2016-08-01,2016,8,coloc_corporativos,Bonos corporativos,Corporativo,Colocacion,296.42041,5.6951466597815426,4.25,5.63617391304348,2.54117391304348,169.6087,1.696087,5.0871,8.10525299480707,1.3861739130434803,0.8371000000000004,False
2016-09-01,2016,9,coloc_corporativos,Bonos corporativos,Corporativo,Colocacion,0.0,0.0,4.25,5.79354545454546,2.60722727272727,161.77273,1.6177272999999999,4.9469,8.14204903341092,1.5435454545454599,0.6969000000000003,False
2016-10-01,2016,10,coloc_corporativos,Bonos corporativos,Corporativo,Colocacion,712.405,6.5700492815910065,4.25,5.77085714285714,2.75419047619048,146.52381,1.4652380999999999,4.9397,8.19877047542736,1.5208571428571398,0.6897000000000002,True
2016-11-01,2016,11,coloc_corporativos,Bonos corporativos,Corporativo,Colocacion,0.0,0.0,4.25,6.30986363636364,3.41454545454546,167.81818,1.6781818000000002,4.9515,8.23694628022982,2.05986363636364,0.7015000000000002,False
2016-12-01,2016,12,coloc_corporativos,Bonos corporativos,Corporativo,Colocacion,0.0,0.0,4.25,6.44685714285714,3.71609523809524,164.72727,1.6472727,5.1925,8.2550705470513,2.19685714285714,0.9424999999999999,False
2017-01-01,2017,1,coloc_corporativos,Bonos corporativos,Corporativo,Colocacion,0.0,0.0,4.25,6.35095454545454,3.49077272727273,157.3,1.5730000000000002,5.1127,8.28179495378865,2.10095454545454,0.8627000000000002,False
2017-02-01,2017,2,coloc_corporativos,Bonos corporativos,Corporativo,Colocacion,162.45,5.09650713317022,4.25,6.26035,3.3545,152.105263157895,1.5210526315789499,5.0111,8.32931743428592,2.01035,0.7610999999999999,False
2017-03-01,2017,3,coloc_corporativos,Bonos corporativos,Corporativo,Colocacion,399.87,5.9936371852196,4.25,6.09739130434783,3.29430434782609,141.086956521739,1.4108695652173902,4.9649,8.37276932880972,1.8473913043478296,0.7149000000000001,False
2017-04-01,2017,4,coloc_corporativos,Bonos corporativos,Corporativo,Colocacion,371.84,5.921149373192956,4.25,5.87055555555556,3.22022222222222,149.444444444444,1.49444444444444,4.9442,8.44035905120784,1.6205555555555602,0.6942000000000004,False
2017-05-01,2017,5,coloc_corporativos,Bonos corporativos,Corporativo,Colocacion,0.0,0.0,4.0,5.71772727272727,3.17468181818182,141.181818181818,1.4118181818181799,4.7097,8.45666595004032,1.71772727272727,0.7096999999999998,False
2017-06-01,2017,6,coloc_corporativos,Bonos corporativos,Corporativo,Colocacion,553.5,6.318066806790422,4.0,5.57905,2.99295,143.5,1.435,4.5507,8.454424616211,1.5790499999999996,0.5507,True
2017-07-01,2017,7,coloc_corporativos,Bonos corporativos,Corporativo,Colocacion,282.142,5.645948538584831,3.75,5.65947368421053,3.11636842105263,141.9,1.419,4.4816,8.44411294629431,1.9094736842105302,0.7316000000000003,False
2017-08-01,2017,8,coloc_corporativos,Bonos corporativos,Corporativo,Colocacion,0.0,0.0,3.75,5.46204347826087,3.00717391304348,155.391304347826,1.55391304347826,4.2758,8.43404834891398,1.7120434782608704,0.5258000000000003,False
2017-09-01,2017,9,coloc_corporativos,Bonos corporativos,Corporativo,Colocacion,560.0,6.329720905522696,3.5,5.34190476190476,2.89152380952381,144.0,1.44,3.8977,8.44522716285084,1.8419047619047602,0.39769999999999994,True
2017-10-01,2017,10,coloc_corporativos,Bonos corporativos,Corporativo,Colocacion,135.0,4.912654885736052,3.5,5.26331818181818,3.01395454545455,139.619047619048,1.39619047619048,3.6451,8.42541769425409,1.76331818181818,0.14509999999999978,False
2017-11-01,2017,11,coloc_corporativos,Bonos corporativos,Corporativo,Colocacion,134.238,4.907036189206229,3.25,5.2997619047619,2.99557142857143,138.809523809524,1.38809523809524,3.5737,8.42632584501934,2.0497619047619002,0.3237000000000001,False
2017-12-01,2017,12,coloc_corporativos,Bonos corporativos,Corporativo,Colocacion,183.44644,5.21735912323295,3.25,5.24947368421053,3.04447368421053,136.15,1.3615000000000002,3.5602,8.40796475027092,1.99947368421053,0.31020000000000003,False
2018-01-01,2018,1,coloc_corporativos,Bonos corporativos,Corporativo,Colocacion,0.0,0.0,3.0,4.81809523809524,3.11365,116.608695652174,1.16608695652174,3.4641,8.33453950449729,1.81809523809524,0.4641000000000002,False
2018-02-01,2018,2,coloc_corporativos,Bonos corporativos,Corporativo,Colocacion,200.0,5.303304908059076,3.0,4.7945,3.593,132.2,1.3219999999999998,3.3265,8.332922967143,1.7945000000000002,0.3264999999999998,False
2018-03-01,2018,3,coloc_corporativos,Bonos corporativos,Corporativo,Colocacion,100.0,4.61512051684126,2.75,4.845,3.66215,147.045454545455,1.47045454545455,3.2356,8.2719700517584,2.0949999999999998,0.4855999999999998,False
2018-04-01,2018,4,coloc_corporativos,Bonos corporativos,Corporativo,Colocacion,107.0635,4.682719017304683,2.75,5.0242,3.61835,145.238095238095,1.45238095238095,3.1521,8.18550089578463,2.2742000000000004,0.4020999999999999,False
2018-05-01,2018,5,coloc_corporativos,Bonos corporativos,Corporativo,Colocacion,132.616,4.894970014410874,2.75,5.47227272727273,3.91371428571429,157.695652173913,1.5769565217391301,3.2427,8.15812519738456,2.7222727272727303,0.49270000000000014,False
2018-06-01,2018,6,coloc_corporativos,Bonos corporativos,Corporativo,Colocacion,251.54276,5.531580580912562,2.75,5.6626,3.8928,163.333333333333,1.63333333333333,3.4706,8.09929298476305,2.9126000000000003,0.7206000000000001,False
2018-07-01,2018,7,coloc_corporativos,Bonos corporativos,Corporativo,Colocacion,550.57349,6.3127750845756765,2.75,5.48476190476191,3.7164,150.954545454545,1.50954545454545,3.6566,8.06241536178339,2.7347619047619096,0.9066000000000001,True
2018-08-01,2018,8,coloc_corporativos,Bonos corporativos,Corporativo,Colocacion,0.0,0.0,2.75,5.4252380952381,3.73752380952381,149.260869565217,1.49260869565217,3.7944,8.02901926695809,2.6752380952381003,1.0444,False
2018-09-01,2018,9,coloc_corporativos,Bonos corporativos,Corporativo,Colocacion,0.0,0.0,2.75,5.5175,3.76705263157895,139.9,1.399,3.8758,7.9700014831202,2.7675,1.1258,False
2018-10-01,2018,10,coloc_corporativos,Bonos corporativos,Corporativo,Colocacion,487.14,6.1906022499553455,2.75,5.73181818181818,3.97654545454545,142.695652173913,1.42695652173913,3.9819,7.91051162555102,2.9818181818181797,1.2319,False
2018-11-01,2018,11,coloc_corporativos,Bonos corporativos,Corporativo,Colocacion,300.0,5.707110264748875,2.75,5.727,4.0345,156.863636363636,1.56863636363636,4.123,7.85637030572794,2.9770000000000003,1.3730000000000002,False
2018-12-01,2018,12,coloc_corporativos,Bonos corporativos,Corporativo,Colocacion,0.0,0.0,2.75,5.74363157894737,3.77252631578947,164.809523809524,1.64809523809524,4.3114,7.82982951832825,2.9936315789473698,1.5614,False
2019-01-01,2019,1,coloc_corporativos,Bonos corporativos,Corporativo,Colocacion,570.0,6.3473892096560105,2.75,5.58772727272727,3.5215,152.391304347826,1.5239130434782602,4.5276,7.77412480756175,2.83772727272727,1.7775999999999996,True
2019-02-01,2019,2,coloc_corporativos,Bonos corporativos,Corporativo,Colocacion,0.0,0.0,2.75,5.4945,3.3507,139.5,1.395,4.3563,7.79885572718277,2.7445000000000004,1.6063,False
2019-03-01,2019,3,coloc_corporativos,Bonos corporativos,Corporativo,Colocacion,0.0,0.0,2.75,5.29923809523809,3.15290476190476,135.666666666667,1.35666666666667,4.0849,7.81020891110979,2.54923809523809,1.3349000000000002,False
2019-04-01,2019,4,coloc_corporativos,Bonos corporativos,Corporativo,Colocacion,82.8,4.428433007488037,2.75,5.2158,3.0446,122.363636363636,1.22363636363636,4.0403,7.8131751460884,2.4657999999999998,1.2903000000000002,False
2019-05-01,2019,5,coloc_corporativos,Bonos corporativos,Corporativo,Colocacion,130.0,4.875197323201151,2.75,5.13735454545455,2.99745454545455,135.695652173913,1.35695652173913,4.05,7.81182226365403,2.38735454545455,1.2999999999999998,False
2019-06-01,2019,6,coloc_corporativos,Bonos corporativos,Corporativo,Colocacion,0.0,0.0,2.75,4.81719,2.67335,129.15,1.2915,4.0253,7.83626268381355,2.06719,1.2752999999999997,False
2019-07-01,2019,7,coloc_corporativos,Bonos corporativos,Corporativo,Colocacion,240.0,5.484796933490655,2.75,4.4401,2.66909523809524,116.130434782609,1.16130434782609,3.9249,7.77225596262161,1.6901000000000002,1.1749,False
2019-08-01,2019,8,coloc_corporativos,Bonos corporativos,Corporativo,Colocacion,5.8548,1.924949136804557,2.5,4.228985,2.34045,127.090909090909,1.2709090909090899,3.7128,7.71228944879112,1.7289849999999998,1.2128,False
2019-09-01,2019,9,coloc_corporativos,Bonos corporativos,Corporativo,Colocacion,343.46692,5.841998062621128,2.5,4.15212380952381,2.41766666666667,116.428571428571,1.1642857142857101,3.5263,7.6926466564655,1.6521238095238102,1.0263,False
2019-10-01,2019,10,coloc_corporativos,Bonos corporativos,Corporativo,Colocacion,170.8249,5.146475935020012,2.5,4.07454285714286,2.51552380952381,126.913043478261,1.26913043478261,3.4438,7.65101237137315,1.57454285714286,0.9438,False
2019-11-01,2019,11,coloc_corporativos,Bonos corporativos,Corporativo,Colocacion,182.4072,5.2117088175032436,2.25,4.23969,2.59395,126.761904761905,1.26761904761905,3.3523,7.56679301096734,1.9896900000000004,1.1023,False
2019-12-01,2019,12,coloc_corporativos,Bonos corporativos,Corporativo,Colocacion,19.86,3.0378334495726262,2.25,4.3559380952381,2.512,115.909090909091,1.15909090909091,3.2587,7.44662178370309,2.1059380952381,1.0087000000000002,False
2020-01-01,2020,1,coloc_corporativos,Bonos corporativos,Corporativo,Colocacion,0.0,0.0,2.25,4.50230909090909,2.40831818181818,113.869565217391,1.13869565217391,3.2747,7.35923135788744,2.2523090909090904,1.0247000000000002,False
2020-02-01,2020,2,coloc_corporativos,Bonos corporativos,Corporativo,Colocacion,32.64045,3.5157292119475003,2.25,4.258095,2.23695,122.2,1.222,3.1977,7.35390734329301,2.008095,0.9477000000000002,False
2020-03-01,2020,3,coloc_corporativos,Bonos corporativos,Corporativo,Colocacion,13.76,2.6919208191723265,1.25,5.08725909090909,2.65986363636364,248.909090909091,2.48909090909091,3.0473,7.29802047761045,3.8372590909090896,1.7973,False
2020-04-01,2020,4,coloc_corporativos,Bonos corporativos,Corporativo,Colocacion,0.0,0.0,0.25,5.0255,2.57965,277.954545454545,2.77954545454545,2.3516,7.20143184392124,4.7755,2.1016,False
2020-05-01,2020,5,coloc_corporativos,Bonos corporativos,Corporativo,Colocacion,3.25507,1.4481112131238598,0.25,4.4295,2.3558,222.35,2.2235,1.4852,5.80260325458287,4.1795,1.2352,False
2020-06-01,2020,6,coloc_corporativos,Bonos corporativos,Corporativo,Colocacion,0.0,0.0,0.25,4.39,2.15714285714286,180.136363636364,1.80136363636364,1.0749,5.00634998054599,4.14,0.8249,False
2020-07-01,2020,7,coloc_corporativos,Bonos corporativos,Corporativo,Colocacion,0.9531,0.6694178538607085,0.25,4.24045454545455,1.85740909090909,169.347826086957,1.6934782608695702,0.9011,4.83971287679542,3.9904545454545497,0.6511,False
2020-08-01,2020,8,coloc_corporativos,Bonos corporativos,Corporativo,Colocacion,0.0,0.0,0.25,4.06714285714286,1.65052380952381,145.636363636364,1.4563636363636399,1.09,4.42307239513293,3.8171428571428603,0.8400000000000001,False
2020-09-01,2020,9,coloc_corporativos,Bonos corporativos,Corporativo,Colocacion,0.0,0.0,0.25,4.18681818181818,1.79659090909091,160.409090909091,1.60409090909091,1.0285,4.30721669458437,3.9368181818181798,0.7785,False
2020-10-01,2020,10,coloc_corporativos,Bonos corporativos,Corporativo,Colocacion,0.0,0.0,0.25,4.20545454545454,1.76445454545455,150.181818181818,1.50181818181818,0.7759,4.1821950360515,3.95545454545454,0.5259,False
2020-11-01,2020,11,coloc_corporativos,Bonos corporativos,Corporativo,Colocacion,0.0,0.0,0.25,4.01450476190476,1.78771428571429,147.0,1.47,0.6906,4.09957895654608,3.7645047619047602,0.4406,False
2020-12-01,2020,12,coloc_corporativos,Bonos corporativos,Corporativo,Colocacion,297.81,5.69980791990079,0.25,3.63264285714286,1.73285714285714,143.304347826087,1.4330434782608699,0.6189,4.00137293695925,3.38264285714286,0.3689,False
2021-01-01,2021,1,coloc_corporativos,Bonos corporativos,Corporativo,Colocacion,0.0,0.0,0.25,3.658,1.81105,131.619047619048,1.31619047619048,0.6644,3.93054875,3.408,0.4144,False
2021-02-01,2021,2,coloc_corporativos,Bonos corporativos,Corporativo,Colocacion,0.0,0.0,0.25,3.9115,2.0384,138.1,1.381,0.5929,3.88365747957866,3.6615,0.3429,False
2021-03-01,2021,3,coloc_corporativos,Bonos corporativos,Corporativo,Colocacion,0.0,0.0,0.25,4.68608695652174,2.641,165.086956521739,1.6508695652173901,0.5577,3.84142498051546,4.43608695652174,0.3077,False
2021-04-01,2021,4,coloc_corporativos,Bonos corporativos,Corporativo,Colocacion,108.0,4.6913478822291435,0.25,5.09,2.70985,164.5,1.645,0.5062,3.79115747642998,4.84,0.2562,False
2021-05-01,2021,5,coloc_corporativos,Bonos corporativos,Corporativo,Colocacion,0.0,0.0,0.25,4.99,2.75547619047619,163.571428571429,1.6357142857142901,0.6641,3.73745845968402,4.74,0.4141,False
2021-06-01,2021,6,coloc_corporativos,Bonos corporativos,Corporativo,Colocacion,0.0,0.0,0.25,5.27323809523809,2.66280952380952,169.227272727273,1.69227272727273,0.9206,3.70401900108905,5.02323809523809,0.6706,False
2021-07-01,2021,7,coloc_corporativos,Bonos corporativos,Corporativo,Colocacion,0.0,0.0,0.25,5.6647,2.4939,170.0,1.7,0.7924,3.79669316287069,5.4147,0.5424,False
2021-08-01,2021,8,coloc_corporativos,Bonos corporativos,Corporativo,Colocacion,0.0,0.0,0.5,6.35523809523809,2.57761904761905,183.0,1.83,0.8452,3.81270919613097,5.85523809523809,0.34519999999999995,False
2021-09-01,2021,9,coloc_corporativos,Bonos corporativos,Corporativo,Colocacion,0.0,0.0,1.0,6.34227272727273,2.60063636363636,174.0,1.74,1.2422,3.88117324129765,5.34227272727273,0.24219999999999997,False
2021-10-01,2021,10,coloc_corporativos,Bonos corporativos,Corporativo,Colocacion,0.0,0.0,1.5,5.9495,2.75625,171.619047619048,1.7161904761904798,1.7906,3.94905991486097,4.4495,0.29059999999999997,False
2021-11-01,2021,11,coloc_corporativos,Bonos corporativos,Corporativo,Colocacion,0.0,0.0,2.0,5.86571428571429,2.85347619047619,179.363636363636,1.7936363636363601,2.3431,4.02097586013207,3.86571428571429,0.3431000000000002,False
2021-12-01,2021,12,coloc_corporativos,Bonos corporativos,Corporativo,Colocacion,19.32199,3.011703550986017,2.5,5.92563636363636,2.80695454545455,174.304347826087,1.74304347826087,2.8714,4.11394529379854,3.42563636363636,0.37139999999999995,False
2022-01-01,2022,1,coloc_corporativos,Bonos corporativos,Corporativo,Colocacion,0.0,0.0,3.0,6.07457142857143,3.09204761904762,176.761904761905,1.7676190476190499,3.5743,4.20262820902694,3.0745714285714296,0.5743,False
2022-02-01,2022,2,coloc_corporativos,Bonos corporativos,Corporativo,Colocacion,0.0,0.0,3.5,6.071,3.4629,197.75,1.9775,4.1679,4.2906273925101,2.5709999999999997,0.6679000000000004,False
2022-03-01,2022,3,coloc_corporativos,Bonos corporativos,Corporativo,Colocacion,10.08477,2.405572094093431,4.0,6.59782608695652,3.5704347826087,200.739130434783,2.0073913043478298,4.553,4.39096306762848,2.5978260869565197,0.5529999999999999,False
2022-04-01,2022,4,coloc_corporativos,Bonos corporativos,Corporativo,Colocacion,0.0,0.0,4.5,7.37315789473684,4.16131578947368,186.666666666667,1.86666666666667,5.3908,4.53163792121834,2.87315789473684,0.8907999999999996,False
2022-05-01,2022,5,coloc_corporativos,Bonos corporativos,Corporativo,Colocacion,0.0,0.0,5.0,7.92363636363636,4.56222727272727,217.545454545455,2.1754545454545497,6.1156,4.70692227109288,2.9236363636363603,1.1155999999999997,False
2022-06-01,2022,6,coloc_corporativos,Bonos corporativos,Corporativo,Colocacion,0.0,0.0,5.5,7.858,4.77219047619048,213.545454545455,2.1354545454545497,6.5066,4.95452828665271,2.3579999999999997,1.0065999999999997,False
2022-07-01,2022,7,coloc_corporativos,Bonos corporativos,Corporativo,Colocacion,0.0,0.0,6.0,8.21631578947368,4.74931578947368,235.428571428571,2.35428571428571,7.1747,5.13409390416655,2.216315789473679,1.1746999999999996,False
2022-08-01,2022,8,coloc_corporativos,Bonos corporativos,Corporativo,Colocacion,0.0,0.0,6.5,7.90872727272727,4.53818181818182,211.0,2.11,7.8556,5.35904493680998,1.40872727272727,1.3556,False
2022-09-01,2022,9,coloc_corporativos,Bonos corporativos,Corporativo,Colocacion,0.0,0.0,6.75,8.30590909090909,5.26540909090909,225.273454545455,2.2527345454545498,7.9938,5.58356719333656,1.5559090909090898,1.2438000000000002,False
2022-10-01,2022,10,coloc_corporativos,Bonos corporativos,Corporativo,Colocacion,0.0,0.0,7.0,8.64571428571429,6.02866666666667,242.587095238095,2.42587095238095,8.2644,5.86119286699759,1.6457142857142895,1.2644000000000002,False
2022-11-01,2022,11,coloc_corporativos,Bonos corporativos,Corporativo,Colocacion,0.0,0.0,7.25,7.86476190476191,5.48057142857143,203.406909090909,2.03406909090909,8.4504,6.10406191790094,0.6147619047619104,1.2004000000000001,False
2022-12-01,2022,12,coloc_corporativos,Bonos corporativos,Corporativo,Colocacion,0.0,0.0,7.5,7.8615,5.17145,195.5,1.955,8.7459,6.3692162201999,0.3615000000000004,1.2459000000000007,False
2023-01-01,2023,1,coloc_corporativos,Bonos corporativos,Corporativo,Colocacion,0.0,0.0,7.75,7.95952380952381,5.21561904761905,207.045454545455,2.0704545454545498,9.4381,6.63189134989598,0.20952380952380967,1.6881000000000004,False
2023-02-01,2023,2,coloc_corporativos,Bonos corporativos,Corporativo,Colocacion,0.0,0.0,7.75,7.87935,5.3419,192.3,1.923,9.4919,6.850617510557,0.12934999999999963,1.7418999999999993,False
2023-03-01,2023,3,coloc_corporativos,Bonos corporativos,Corporativo,Colocacion,0.0,0.0,7.75,7.71669565217391,5.34278260869565,203.826086956522,2.03826086956522,9.0567,7.10922194994223,-0.03330434782608993,1.3066999999999993,False
2023-04-01,2023,4,coloc_corporativos,Bonos corporativos,Corporativo,Colocacion,0.0,0.0,7.75,7.48888888888889,5.19622222222222,201.9,2.019,9.0685,7.38043153540864,-0.2611111111111102,1.3185000000000002,False
2023-05-01,2023,5,coloc_corporativos,Bonos corporativos,Corporativo,Colocacion,0.0,0.0,7.75,7.275,5.24172727272727,197.391304347826,1.9739130434782601,9.1889,7.61044798189717,-0.47499999999999964,1.4389000000000003,False
2023-06-01,2023,6,coloc_corporativos,Bonos corporativos,Corporativo,Colocacion,0.0,0.0,7.75,7.07380952380952,5.24138095238095,181.090909090909,1.8109090909090901,9.3105,7.81145511418098,-0.67619047619048,1.5604999999999993,False
2023-07-01,2023,7,coloc_corporativos,Bonos corporativos,Corporativo,Colocacion,0.0,0.0,7.75,6.7555,5.2575,168.904761904762,1.68904761904762,9.244,7.99690744269487,-0.9945000000000004,1.4939999999999998,False
2023-08-01,2023,8,coloc_corporativos,Bonos corporativos,Corporativo,Colocacion,0.0,0.0,7.75,6.84409090909091,5.58609090909091,167.227272727273,1.67227272727273,9.041,8.14090107239871,-0.9059090909090903,1.2910000000000004,False
2023-09-01,2023,9,coloc_corporativos,Bonos corporativos,Corporativo,Colocacion,0.0,0.0,7.5,6.96857142857143,5.81652380952381,169.095238095238,1.6909523809523799,8.8215,8.28878510406768,-0.5314285714285703,1.3215000000000003,False
2023-10-01,2023,10,coloc_corporativos,Bonos corporativos,Corporativo,Colocacion,0.0,0.0,7.25,7.62454545454545,6.32286363636364,179.954545454545,1.7995454545454501,8.3505,8.44068972530412,0.37454545454544963,1.1005000000000003,False
2023-11-01,2023,11,coloc_corporativos,Bonos corporativos,Corporativo,Colocacion,0.0,0.0,7.0,7.17190476190476,5.93028571428571,175.181818181818,1.75181818181818,7.9954,8.53156476033984,0.17190476190476023,0.9954000000000001,False
2023-12-01,2023,12,coloc_corporativos,Bonos corporativos,Corporativo,Colocacion,175.0,5.170483995038151,6.75,6.86847368421053,5.22494736842105,162.428571428571,1.62428571428571,7.656,8.62378590230264,0.11847368421052984,0.9059999999999997,False
2024-01-01,2024,1,coloc_corporativos,Bonos corporativos,Corporativo,Colocacion,0.0,0.0,6.5,6.67952380952381,5.4167619047619,170.434782608696,1.70434782608696,7.294,8.69869046961524,0.1795238095238103,0.7939999999999996,False
2024-02-01,2024,2,coloc_corporativos,Bonos corporativos,Corporativo,Colocacion,0.0,0.0,6.25,6.75380952380952,5.53071428571429,160.285714285714,1.6028571428571399,6.8902,8.74071778178379,0.5038095238095197,0.6402000000000001,False
2024-03-01,2024,3,coloc_corporativos,Bonos corporativos,Corporativo,Colocacion,0.0,0.0,6.25,7.00578947368421,5.50626315789474,152.666666666667,1.52666666666667,6.5961,8.76694823582294,0.7557894736842101,0.34609999999999985,False
2024-04-01,2024,4,coloc_corporativos,Bonos corporativos,Corporativo,Colocacion,0.0,0.0,6.0,7.38204545454545,5.85754545454545,153.772727272727,1.53772727272727,6.4786,8.78031366488921,1.38204545454545,0.47860000000000014,False
2024-05-01,2024,5,coloc_corporativos,Bonos corporativos,Corporativo,Colocacion,0.0,0.0,5.75,7.09540909090909,5.76072727272727,155.826086956522,1.55826086956522,6.3612,8.80480909118507,1.34540909090909,0.6112000000000002,False
2024-06-01,2024,6,coloc_corporativos,Bonos corporativos,Corporativo,Colocacion,0.0,0.0,5.75,7.08842105263158,5.63131578947368,160.9,1.609,6.238,8.79372542941437,1.3384210526315803,0.48800000000000043,False
2024-07-01,2024,7,coloc_corporativos,Bonos corporativos,Corporativo,Colocacion,0.0,0.0,5.75,6.9725,5.5434,158.695652173913,1.58695652173913,5.9434,8.882805081995,1.2225000000000001,0.19339999999999957,False
2024-08-01,2024,8,coloc_corporativos,Bonos corporativos,Corporativo,Colocacion,0.0,0.0,5.5,6.5835,5.1731,169.5,1.695,5.736,8.92989630054711,1.0835,0.23599999999999977,False
2024-09-01,2024,9,coloc_corporativos,Bonos corporativos,Corporativo,Colocacion,0.0,0.0,5.25,6.36185714285714,5.02190476190476,162.578947368421,1.6257894736842102,5.5418,8.96187040666967,1.11185714285714,0.2918000000000003,False
2024-10-01,2024,10,coloc_corporativos,Bonos corporativos,Corporativo,Colocacion,110.0,4.709530201312334,5.25,6.52246818181818,5.36572727272727,153.68,1.5368000000000002,5.5019,8.7951748787329,1.27246818181818,0.2519,False
2024-11-01,2024,11,coloc_corporativos,Bonos corporativos,Corporativo,Colocacion,0.0,0.0,5.0,6.669,5.6087,155.263157894737,1.55263157894737,5.4011,7.44683165341243,1.6689999999999996,0.40109999999999957,False
2024-12-01,2024,12,coloc_corporativos,Bonos corporativos,Corporativo,Colocacion,101.131,4.626256302984351,5.0,6.62515789473684,5.67389473684211,154.380952380952,1.5438095238095202,5.1856,7.47131200827443,1.62515789473684,0.1856,False
2025-01-01,2025,1,coloc_corporativos,Bonos corporativos,Corporativo,Colocacion,1.8414,1.0442968884558397,4.75,6.69,5.90368181818182,156.761904761905,1.56761904761905,5.0934,7.49907664706817,1.9400000000000004,0.3433999999999999,False
2025-02-01,2025,2,coloc_corporativos,Bonos corporativos,Corporativo,Colocacion,1.9136,1.0693894299912063,4.75,6.4725,5.74665,158.25,1.5825,5.0581,7.52122935000511,1.7225000000000001,0.3080999999999996,False
2025-03-01,2025,3,coloc_corporativos,Bonos corporativos,Corporativo,Colocacion,0.0,0.0,4.75,6.4852380952381,5.59780952380952,163.354838709677,1.6335483870967702,4.9808,7.55728149897883,1.7352380952381,0.23080000000000034,False
2025-04-01,2025,4,coloc_corporativos,Bonos corporativos,Corporativo,Colocacion,0.0,0.0,4.75,6.604,5.6705,177.571428571429,1.77571428571429,5.1185,7.52794557568402,1.854,0.36850000000000005,False
2025-05-01,2025,5,coloc_corporativos,Bonos corporativos,Corporativo,Colocacion,0.0,0.0,4.5,6.48666666666667,5.60052380952381,158.58064516129,1.5858064516129,5.0515,7.55206145805733,1.98666666666667,0.5514999999999999,False
2025-06-01,2025,6,coloc_corporativos,Bonos corporativos,Corporativo,Colocacion,0.0,0.0,4.5,6.41190476190476,5.51895238095238,153.833333333333,1.53833333333333,4.9998,7.54014850637851,1.9119047619047604,0.4997999999999996,False
2025-07-01,2025,7,coloc_corporativos,Bonos corporativos,Corporativo,Colocacion,0.0,0.0,4.5,6.18745,5.5105,140.612903225806,1.4061290322580602,5.0848,7.54163430944622,1.6874500000000001,0.5848000000000004,False
2025-08-01,2025,8,coloc_corporativos,Bonos corporativos,Corporativo,Colocacion,0.0,0.0,4.5,6.01696,5.3269,133.322580645161,1.33322580645161,5.0419,7.56402905364994,1.51696,0.5419,False
2025-09-01,2025,9,coloc_corporativos,Bonos corporativos,Corporativo,Colocacion,0.0,0.0,4.25,6.12590909090909,5.11172727272727,124.107142857143,1.24107142857143,4.9333,7.56109725841028,1.87590909090909,0.6833,False
2025-10-01,2025,10,coloc_corporativos,Bonos corporativos,Corporativo,Colocacion,0.0,0.0,4.25,6.10583636363637,5.07618181818182,123.516129032258,1.23516129032258,4.8992,7.55898200976963,1.85583636363637,0.6492000000000004,False
2025-11-01,2025,11,coloc_corporativos,Bonos corporativos,Corporativo,Colocacion,0.0,0.0,4.25,6.00445,5.1118,125.6,1.256,4.8408,7.54117283637899,1.7544500000000003,0.5907999999999998,False
2025-12-01,2025,12,coloc_corporativos,Bonos corporativos,Corporativo,Colocacion,220.0,5.3981627015177525,4.25,5.82715789473684,5.09484210526316,127.0,1.27,4.7816,7.44751485314968,1.5771578947368399,0.5316000000000001,False
2011-01-01,2011,1,coloc_sector_privado,Sector privado (total),Agregado,Colocacion,446.58,6.103855292687008,3.25,5.84628571428571,5.165,145.57143,1.4557143,3.8403,7.20480825212354,2.5962857142857096,0.5903,False
2011-02-01,2011,2,coloc_sector_privado,Sector privado (total),Agregado,Colocacion,0.0,0.0,3.5,6.01595,5.3764,146.1,1.4609999999999999,4.1328,7.35416964181192,2.51595,0.6327999999999996,False
2011-03-01,2011,3,coloc_sector_privado,Sector privado (total),Agregado,Colocacion,97.828,4.593380965413115,3.75,6.35333612040134,5.30634782608696,156.78261,1.5678261,4.422,7.45319066124941,2.60333612040134,0.6719999999999997,False
2011-04-01,2011,4,coloc_sector_privado,Sector privado (total),Agregado,Colocacion,624.0,6.437751649736401,4.0,6.94410092633545,5.65989473684211,192.90476,1.9290476,4.9028,7.47291946579307,2.94410092633545,0.9028,False
2011-05-01,2011,5,coloc_sector_privado,Sector privado (total),Agregado,Colocacion,166.71866,5.122287932764325,4.25,6.72250202228567,5.32847619047619,187.22727,1.8722727000000001,5.3829,7.68962700306516,2.4725020222856697,1.1329000000000002,False
2011-06-01,2011,6,coloc_sector_privado,Sector privado (total),Agregado,Colocacion,6.8475,2.0601950097339716,4.25,6.45763825900731,5.23528571428572,192.36364,1.9236364000000001,5.6209,7.84986533465833,2.20763825900731,1.3708999999999998,False
2011-07-01,2011,7,coloc_sector_privado,Sector privado (total),Agregado,Colocacion,73.49824,4.310775500945385,4.25,6.23626241920591,5.03678947368421,170.85714,1.7085713999999999,5.4194,7.88181011506081,1.98626241920591,1.1694000000000004,False
2011-08-01,2011,8,coloc_sector_privado,Sector privado (total),Agregado,Colocacion,100.0,4.61512051684126,4.25,5.92853521749067,4.65814285714286,199.56522,1.9956522,5.3906,7.67811464524686,1.67853521749067,1.1406,False
2011-09-01,2011,9,coloc_sector_privado,Sector privado (total),Agregado,Colocacion,177.51537,5.184674703955324,4.25,5.62017803787122,4.65722727272727,237.45455,2.3745455,5.317,7.7744779683529,1.37017803787122,1.0670000000000002,False
2011-10-01,2011,10,coloc_sector_privado,Sector privado (total),Agregado,Colocacion,355.110453125,5.875240944317936,4.25,5.72483222108669,4.7062,231.95238,2.3195238000000002,5.4037,8.06880722181612,1.4748322210866904,1.1536999999999997,False
2011-11-01,2011,11,coloc_sector_privado,Sector privado (total),Agregado,Colocacion,283.5,5.6507332535663855,4.25,5.66734322961868,4.35095238095238,214.18182,2.1418182,5.1702,8.18429932294086,1.4173432296186803,0.9202000000000004,False
2011-12-01,2011,12,coloc_sector_privado,Sector privado (total),Agregado,Colocacion,513.1147,6.242446392311489,4.25,5.6953293398377,4.31715789473684,216.31818,2.1631818000000003,5.3604,8.29255426952091,1.4453293398377003,1.1104000000000003,False
2012-01-01,2012,1,coloc_sector_privado,Sector privado (total),Agregado,Colocacion,80.76,4.403788126455394,4.25,5.6877609398031,4.34477272727273,219.40909,2.1940909,5.2828,8.25284590289425,1.4377609398031002,1.0328,False
2012-02-01,2012,2,coloc_sector_privado,Sector privado (total),Agregado,Colocacion,294.0876,5.687272261411689,4.25,5.55203643226112,4.07966666666667,199.2381,1.992381,5.3,8.27348386309663,1.3020364322611204,1.0499999999999998,False
2012-03-01,2012,3,coloc_sector_privado,Sector privado (total),Agregado,Colocacion,50.0,3.9318256327243257,4.25,5.40746192764249,3.90677272727273,165.59091,1.6559091000000001,5.2513,8.37300111927793,1.1574619276424896,1.0012999999999996,False
2012-04-01,2012,4,coloc_sector_privado,Sector privado (total),Agregado,Colocacion,394.45928,5.980047823626483,4.25,5.31709184145608,3.745,164.14286,1.6414286000000002,5.265,8.43188843464642,1.0670918414560804,1.0149999999999997,False
2012-05-01,2012,5,coloc_sector_privado,Sector privado (total),Agregado,Colocacion,340.0,5.831882477283517,4.25,5.1611689535073,3.71418181818182,180.52174,1.8052173999999999,5.1938,8.55555282489058,0.9111689535072998,0.9438000000000004,False
2012-06-01,2012,6,coloc_sector_privado,Sector privado (total),Agregado,Colocacion,267.9,5.5943395632748185,4.25,5.14383563093637,3.59845,188.42857,1.8842857000000002,5.1563,8.60182745997574,0.89383563093637,0.9062999999999999,False
2012-07-01,2012,7,coloc_sector_privado,Sector privado (total),Agregado,Colocacion,448.97549,6.109193114614336,4.25,5.02354166666667,3.2648,162.59091,1.6259091,5.1698,8.5929081450795,0.7735416666666701,0.9198000000000004,False
2012-08-01,2012,8,coloc_sector_privado,Sector privado (total),Agregado,Colocacion,140.0,4.948759890378168,4.25,4.85419437482595,3.13571428571429,133.13043,1.3313043,5.1906,8.68128951453787,0.6041943748259504,0.9405999999999999,False
2012-09-01,2012,9,coloc_sector_privado,Sector privado (total),Agregado,Colocacion,7.7272,2.16644458530141,4.25,4.67659618205868,3.06225,124.0,1.24,5.1102,8.72151201615506,0.4265961820586801,0.8601999999999999,False
2012-10-01,2012,10,coloc_sector_privado,Sector privado (total),Agregado,Colocacion,719.26252,6.579615756666734,4.25,4.55363674242424,2.9236,108.04348,1.0804348,5.0611,8.76811775572671,0.3036367424242403,0.8110999999999997,False
2012-11-01,2012,11,coloc_sector_privado,Sector privado (total),Agregado,Colocacion,344.14,5.843950131819433,4.25,4.45981283452211,2.9668,122.95455,1.2295455,5.0593,8.8966005994144,0.20981283452211041,0.8093000000000004,False
2012-12-01,2012,12,coloc_sector_privado,Sector privado (total),Agregado,Colocacion,229.6663,5.440972077352921,4.25,4.16331561657297,3.01164705882353,117.19048,1.1719047999999999,5.0304,9.0631777919402,-0.08668438342702967,0.7804000000000002,False
2013-01-01,2013,1,coloc_sector_privado,Sector privado (total),Agregado,Colocacion,250.0,5.5254529391317835,4.25,4.06750469795356,3.08854545454545,110.04348,1.1004348,5.0298,9.04238006585355,-0.1824953020464397,0.7797999999999998,False
2013-02-01,2013,2,coloc_sector_privado,Sector privado (total),Agregado,Colocacion,293.54285,5.685424493356316,4.25,4.15190764118355,3.29463157894737,127.05,1.2705,4.8751,9.14940540258296,-0.09809235881644973,0.6250999999999998,False
2013-03-01,2013,3,coloc_sector_privado,Sector privado (total),Agregado,Colocacion,224.4,5.417876601605676,4.25,4.14838614187719,3.28557894736842,140.28571,1.4028570999999999,4.6881,9.21137994314266,-0.10161385812280965,0.4381000000000004,False
2013-04-01,2013,4,coloc_sector_privado,Sector privado (total),Agregado,Colocacion,197.3668688,5.290118188970583,4.25,4.05634051937754,3.06895454545455,132.54545,1.3254545,4.4482,9.15560271564023,-0.1936594806224603,0.19819999999999993,False
2013-05-01,2013,5,coloc_sector_privado,Sector privado (total),Agregado,Colocacion,138.90836,4.940987636855323,4.25,4.20181818181818,3.25236363636364,133.73913,1.3373913,4.3607,9.04071529297496,-0.04818181818181966,0.11069999999999958,False
2013-06-01,2013,6,coloc_sector_privado,Sector privado (total),Agregado,Colocacion,60.0,4.110873864173311,4.25,5.31946716260051,4.04315789473684,179.8,1.798,4.4862,8.9853489227944,1.0694671626005103,0.2362000000000002,False
2013-07-01,2013,7,coloc_sector_privado,Sector privado (total),Agregado,Colocacion,693.96635,6.5438634271264515,4.25,5.26015228899572,4.29876190476191,175.69565,1.7569565,4.7471,8.80484910504589,1.0101522889957204,0.49709999999999965,False
2013-08-01,2013,8,coloc_sector_privado,Sector privado (total),Agregado,Colocacion,187.52,5.23920410205553,4.25,5.46271259667266,4.54695238095238,190.54545,1.9054544999999998,4.6554,8.66943327215367,1.2127125966726604,0.4054000000000002,False
2013-09-01,2013,9,coloc_sector_privado,Sector privado (total),Agregado,Colocacion,437.573,6.083526274581399,4.25,5.60047619047619,4.56314285714286,183.38095,1.8338095,4.7181,8.56490763208247,1.35047619047619,0.46809999999999974,False
2013-10-01,2013,10,coloc_sector_privado,Sector privado (total),Agregado,Colocacion,371.65145,5.9206435323707165,4.25,5.31727272727273,4.27340909090909,172.86957,1.7286957,4.7076,8.54906118892347,1.06727272727273,0.45760000000000023,False
2013-11-01,2013,11,coloc_sector_privado,Sector privado (total),Agregado,Colocacion,265.4196,5.585072509533405,4.0,5.467,4.4478,183.42857,1.8342857000000001,4.5043,8.51866990480899,1.4669999999999996,0.5042999999999997,False
2013-12-01,2013,12,coloc_sector_privado,Sector privado (total),Agregado,Colocacion,575.9648,6.3577812594479,4.0,5.6055,4.49425,176.54545,1.7654545,4.4875,8.46225460748768,1.6055000000000001,0.4874999999999998,False
2014-01-01,2014,1,coloc_sector_privado,Sector privado (total),Agregado,Colocacion,30.0,3.4339872044851463,4.0,5.72,4.45445454545454,176.0,1.76,4.4809,8.39783279820295,1.7199999999999998,0.4809000000000001,False
2014-02-01,2014,2,coloc_sector_privado,Sector privado (total),Agregado,Colocacion,327.5632,5.7947292090700735,4.0,6.4255,4.365,182.25,1.8225,4.7948,8.37410848580069,2.4255000000000004,0.7948000000000004,False
2014-03-01,2014,3,coloc_sector_privado,Sector privado (total),Agregado,Colocacion,28.1,3.370738174177447,4.0,6.16490476190476,4.16752380952381,167.2381,1.6723810000000001,4.9354,8.34926199159022,2.1649047619047597,0.9353999999999996,False
2014-04-01,2014,4,coloc_sector_privado,Sector privado (total),Agregado,Colocacion,319.947,5.771276000463751,4.0,5.951,4.01075,153.54545,1.5354545,5.0225,8.28488301493797,1.9509999999999996,1.0225,False
2014-05-01,2014,5,coloc_sector_privado,Sector privado (total),Agregado,Colocacion,254.405,5.542850520540717,4.0,5.64095238095238,3.83219047619048,149.40909,1.4940909,5.0269,8.25593549390221,1.6409523809523803,1.0269000000000004,False
2014-06-01,2014,6,coloc_sector_privado,Sector privado (total),Agregado,Colocacion,298.95,5.703615794099102,4.0,5.37238095238095,3.78709523809524,145.42857,1.4542857,4.9535,8.29752109735162,1.3723809523809498,0.9535,False
2014-07-01,2014,7,coloc_sector_privado,Sector privado (total),Agregado,Colocacion,243.722,5.500122872414679,3.75,5.177,3.73633333333333,146.34783,1.4634782999999998,4.7393,8.28877174921292,1.4269999999999996,0.9893000000000001,False
2014-08-01,2014,8,coloc_sector_privado,Sector privado (total),Agregado,Colocacion,20.0,3.044522437723423,3.75,5.19790476190476,3.69519047619048,157.28571,1.5728571,4.6087,8.30605360218592,1.44790476190476,0.8586999999999998,False
2014-09-01,2014,9,coloc_sector_privado,Sector privado (total),Agregado,Colocacion,422.15,6.047726726116115,3.5,5.33545454545455,3.79531818181818,149.68182,1.4968181999999999,4.4861,8.3415644243909,1.8354545454545503,0.9861000000000004,False
2014-10-01,2014,10,coloc_sector_privado,Sector privado (total),Agregado,Colocacion,0.0,0.0,3.5,5.35995454545454,3.74259090909091,170.26087,1.7026087,4.4428,8.35015609539825,1.8599545454545403,0.9428000000000001,False
2014-11-01,2014,11,coloc_sector_privado,Sector privado (total),Agregado,Colocacion,93.8,4.551769409260976,3.5,5.43935,3.654,165.35,1.6535,4.4378,8.3363985675794,1.9393500000000001,0.9378000000000002,False
2014-12-01,2014,12,coloc_sector_privado,Sector privado (total),Agregado,Colocacion,243.438,5.498961698026298,3.5,5.35971428571429,3.70204761904762,181.91304,1.8191304,4.6632,8.31860821111633,1.8597142857142899,1.1631999999999998,False
2015-01-01,2015,1,coloc_sector_privado,Sector privado (total),Agregado,Colocacion,750.05,6.621472227444063,3.25,5.2966,3.5399,201.22727,2.0122727,4.4829,8.20330799624513,2.0465999999999998,1.2328999999999999,False
2015-02-01,2015,2,coloc_sector_privado,Sector privado (total),Agregado,Colocacion,290.0,5.673323267171493,3.25,5.2855,3.34735,182.85,1.8285,4.1728,8.24620644636677,2.0355,0.9227999999999996,False
2015-03-01,2015,3,coloc_sector_privado,Sector privado (total),Agregado,Colocacion,0.0,0.0,3.25,5.52668181818182,3.41931818181818,184.45455,1.8445455000000002,4.1913,8.210629086703,2.27668181818182,0.9413,False
2015-04-01,2015,4,coloc_sector_privado,Sector privado (total),Agregado,Colocacion,463.76865,6.14153975489807,3.25,5.53809090909091,3.20913636363636,176.95455,1.7695455000000002,4.3667,8.10086813334164,2.2880909090909096,1.1166999999999998,False
2015-05-01,2015,5,coloc_sector_privado,Sector privado (total),Agregado,Colocacion,533.9,6.282079813537204,3.25,5.9019,3.41675,165.90476,1.6590476,4.4803,8.10144847599015,2.6519000000000004,1.2302999999999997,False
2015-06-01,2015,6,coloc_sector_privado,Sector privado (total),Agregado,Colocacion,218.4767,5.391246076539194,3.25,6.17166666666667,3.68176190476191,176.5,1.765,4.1341,8.07126454169475,2.9216666666666704,0.8841000000000001,False
2015-07-01,2015,7,coloc_sector_privado,Sector privado (total),Agregado,Colocacion,633.0,6.452048954437226,3.25,6.47165,3.7191,186.69565,1.8669565,4.1685,7.9716830509417,3.2216500000000003,0.9184999999999999,False
2015-08-01,2015,8,coloc_sector_privado,Sector privado (total),Agregado,Colocacion,0.0,0.0,3.25,6.66319047619047,3.91719047619048,217.47619,2.1747619,4.483,7.91908792812927,3.4131904761904703,1.2329999999999997,False
2015-09-01,2015,9,coloc_sector_privado,Sector privado (total),Agregado,Colocacion,223.786,5.415148838500135,3.5,7.23577272727273,4.06622727272727,234.27273,2.3427273,4.9268,7.91020063074947,3.73577272727273,1.4268,False
2015-10-01,2015,10,coloc_sector_privado,Sector privado (total),Agregado,Colocacion,0.0,0.0,3.5,7.01072727272727,3.864,225.90909,2.2590909,4.7596,7.87004699148263,3.5107272727272703,1.2595999999999998,False
2015-11-01,2015,11,coloc_sector_privado,Sector privado (total),Agregado,Colocacion,0.0,0.0,3.5,6.69261904761905,3.95257142857143,218.90476,2.1890476000000003,4.8417,7.87714043536655,3.1926190476190497,1.3417000000000003,False
2015-12-01,2015,12,coloc_sector_privado,Sector privado (total),Agregado,Colocacion,444.41584,6.099008317729292,3.75,6.70786363636364,4.07954545454545,236.65217,2.3665217000000003,4.9317,7.89924707101221,2.9578636363636397,1.1817000000000002,False
2016-01-01,2016,1,coloc_sector_privado,Sector privado (total),Agregado,Colocacion,3.9905,1.607536105144504,4.0,7.02015,4.238,267.05,2.6705,4.9884,7.90094495650674,3.02015,0.9884000000000004,False
2016-02-01,2016,2,coloc_sector_privado,Sector privado (total),Agregado,Colocacion,11.42944,2.5200678522148947,4.25,7.34585714285714,4.0577619047619,282.38095,2.8238095,5.2324,7.92111679006339,3.09585714285714,0.9824000000000002,False
2016-03-01,2016,3,coloc_sector_privado,Sector privado (total),Agregado,Colocacion,360.51742,5.890310228542927,4.25,7.139,3.50990476190476,226.82609,2.2682609,5.3779,7.96682877995631,2.8890000000000002,1.1279000000000003,False
2016-04-01,2016,4,coloc_sector_privado,Sector privado (total),Agregado,Colocacion,450.75,6.113128929472338,4.25,6.54485714285714,3.22447619047619,210.04762,2.1004762,5.3769,8.02653324572007,2.29485714285714,1.1269,False
2016-05-01,2016,5,coloc_sector_privado,Sector privado (total),Agregado,Colocacion,230.0,5.442417710521793,4.25,6.26581818181818,3.22086363636364,207.95455,2.0795455,5.4266,8.05332430208037,2.0158181818181804,1.1765999999999996,False
2016-06-01,2016,6,coloc_sector_privado,Sector privado (total),Agregado,Colocacion,812.5662,6.701427300115239,4.25,6.08436363636364,3.06422727272727,209.90909,2.0990908999999998,5.5167,8.05980500628028,1.8343636363636397,1.2667000000000002,False
2016-07-01,2016,7,coloc_sector_privado,Sector privado (total),Agregado,Colocacion,448.97216,6.1091857141838775,4.25,5.75652380952381,2.6487619047619,184.19048,1.8419048,5.4174,8.07355987597862,1.5065238095238103,1.1673999999999998,False
2016-08-01,2016,8,coloc_sector_privado,Sector privado (total),Agregado,Colocacion,296.42041,5.6951466597815426,4.25,5.63617391304348,2.54117391304348,169.6087,1.696087,5.0871,8.10525299480707,1.3861739130434803,0.8371000000000004,False
2016-09-01,2016,9,coloc_sector_privado,Sector privado (total),Agregado,Colocacion,228.257,5.434843645021555,4.25,5.79354545454546,2.60722727272727,161.77273,1.6177272999999999,4.9469,8.14204903341092,1.5435454545454599,0.6969000000000003,False
2016-10-01,2016,10,coloc_sector_privado,Sector privado (total),Agregado,Colocacion,1007.60004,6.9163185493015575,4.25,5.77085714285714,2.75419047619048,146.52381,1.4652380999999999,4.9397,8.19877047542736,1.5208571428571398,0.6897000000000002,False
2016-11-01,2016,11,coloc_sector_privado,Sector privado (total),Agregado,Colocacion,138.41,4.937419231764997,4.25,6.30986363636364,3.41454545454546,167.81818,1.6781818000000002,4.9515,8.23694628022982,2.05986363636364,0.7015000000000002,False
2016-12-01,2016,12,coloc_sector_privado,Sector privado (total),Agregado,Colocacion,15.0,2.772588722239781,4.25,6.44685714285714,3.71609523809524,164.72727,1.6472727,5.1925,8.2550705470513,2.19685714285714,0.9424999999999999,False
2017-01-01,2017,1,coloc_sector_privado,Sector privado (total),Agregado,Colocacion,576.274,6.358317023810346,4.25,6.35095454545454,3.49077272727273,157.3,1.5730000000000002,5.1127,8.28179495378865,2.10095454545454,0.8627000000000002,False
2017-02-01,2017,2,coloc_sector_privado,Sector privado (total),Agregado,Colocacion,212.45,5.363402613203971,4.25,6.26035,3.3545,152.105263157895,1.5210526315789499,5.0111,8.32931743428592,2.01035,0.7610999999999999,False
2017-03-01,2017,3,coloc_sector_privado,Sector privado (total),Agregado,Colocacion,519.87,6.255500490464483,4.25,6.09739130434783,3.29430434782609,141.086956521739,1.4108695652173902,4.9649,8.37276932880972,1.8473913043478296,0.7149000000000001,False
2017-04-01,2017,4,coloc_sector_privado,Sector privado (total),Agregado,Colocacion,390.9236,5.971066922836203,4.25,5.87055555555556,3.22022222222222,149.444444444444,1.49444444444444,4.9442,8.44035905120784,1.6205555555555602,0.6942000000000004,False
2017-05-01,2017,5,coloc_sector_privado,Sector privado (total),Agregado,Colocacion,0.0,0.0,4.0,5.71772727272727,3.17468181818182,141.181818181818,1.4118181818181799,4.7097,8.45666595004032,1.71772727272727,0.7096999999999998,False
2017-06-01,2017,6,coloc_sector_privado,Sector privado (total),Agregado,Colocacion,583.5,6.3707567809121235,4.0,5.57905,2.99295,143.5,1.435,4.5507,8.454424616211,1.5790499999999996,0.5507,False
2017-07-01,2017,7,coloc_sector_privado,Sector privado (total),Agregado,Colocacion,431.561,6.0697233568890905,3.75,5.65947368421053,3.11636842105263,141.9,1.419,4.4816,8.44411294629431,1.9094736842105302,0.7316000000000003,False
2017-08-01,2017,8,coloc_sector_privado,Sector privado (total),Agregado,Colocacion,30.5856,3.4527013205292665,3.75,5.46204347826087,3.00717391304348,155.391304347826,1.55391304347826,4.2758,8.43404834891398,1.7120434782608704,0.5258000000000003,False
2017-09-01,2017,9,coloc_sector_privado,Sector privado (total),Agregado,Colocacion,621.2798,6.433389830820142,3.5,5.34190476190476,2.89152380952381,144.0,1.44,3.8977,8.44522716285084,1.8419047619047602,0.39769999999999994,False
2017-10-01,2017,10,coloc_sector_privado,Sector privado (total),Agregado,Colocacion,181.8,5.20839265902005,3.5,5.26331818181818,3.01395454545455,139.619047619048,1.39619047619048,3.6451,8.42541769425409,1.76331818181818,0.14509999999999978,False
2017-11-01,2017,11,coloc_sector_privado,Sector privado (total),Agregado,Colocacion,632.688,6.451556719744937,3.25,5.2997619047619,2.99557142857143,138.809523809524,1.38809523809524,3.5737,8.42632584501934,2.0497619047619002,0.3237000000000001,False
2017-12-01,2017,12,coloc_sector_privado,Sector privado (total),Agregado,Colocacion,405.88744,6.008536586996211,3.25,5.24947368421053,3.04447368421053,136.15,1.3615000000000002,3.5602,8.40796475027092,1.99947368421053,0.31020000000000003,False
2018-01-01,2018,1,coloc_sector_privado,Sector privado (total),Agregado,Colocacion,1.91,1.068153081183401,3.0,4.81809523809524,3.11365,116.608695652174,1.16608695652174,3.4641,8.33453950449729,1.81809523809524,0.4641000000000002,False
2018-02-01,2018,2,coloc_sector_privado,Sector privado (total),Agregado,Colocacion,200.0,5.303304908059076,3.0,4.7945,3.593,132.2,1.3219999999999998,3.3265,8.332922967143,1.7945000000000002,0.3264999999999998,False
2018-03-01,2018,3,coloc_sector_privado,Sector privado (total),Agregado,Colocacion,119.61256,4.792583424807256,2.75,4.845,3.66215,147.045454545455,1.47045454545455,3.2356,8.2719700517584,2.0949999999999998,0.4855999999999998,False
2018-04-01,2018,4,coloc_sector_privado,Sector privado (total),Agregado,Colocacion,107.0635,4.682719017304683,2.75,5.0242,3.61835,145.238095238095,1.45238095238095,3.1521,8.18550089578463,2.2742000000000004,0.4020999999999999,False
2018-05-01,2018,5,coloc_sector_privado,Sector privado (total),Agregado,Colocacion,675.041,6.516253725091348,2.75,5.47227272727273,3.91371428571429,157.695652173913,1.5769565217391301,3.2427,8.15812519738456,2.7222727272727303,0.49270000000000014,False
2018-06-01,2018,6,coloc_sector_privado,Sector privado (total),Agregado,Colocacion,402.10557,5.999198487938842,2.75,5.6626,3.8928,163.333333333333,1.63333333333333,3.4706,8.09929298476305,2.9126000000000003,0.7206000000000001,False
2018-07-01,2018,7,coloc_sector_privado,Sector privado (total),Agregado,Colocacion,826.13349,6.717966096749848,2.75,5.48476190476191,3.7164,150.954545454545,1.50954545454545,3.6566,8.06241536178339,2.7347619047619096,0.9066000000000001,False
2018-08-01,2018,8,coloc_sector_privado,Sector privado (total),Agregado,Colocacion,140.8365,4.954674985770583,2.75,5.4252380952381,3.73752380952381,149.260869565217,1.49260869565217,3.7944,8.02901926695809,2.6752380952381003,1.0444,False
2018-09-01,2018,9,coloc_sector_privado,Sector privado (total),Agregado,Colocacion,155.0,5.049856007249537,2.75,5.5175,3.76705263157895,139.9,1.399,3.8758,7.9700014831202,2.7675,1.1258,False
2018-10-01,2018,10,coloc_sector_privado,Sector privado (total),Agregado,Colocacion,599.34,6.3974961613878865,2.75,5.73181818181818,3.97654545454545,142.695652173913,1.42695652173913,3.9819,7.91051162555102,2.9818181818181797,1.2319,False
2018-11-01,2018,11,coloc_sector_privado,Sector privado (total),Agregado,Colocacion,341.05,5.834956925207007,2.75,5.727,4.0345,156.863636363636,1.56863636363636,4.123,7.85637030572794,2.9770000000000003,1.3730000000000002,False
2018-12-01,2018,12,coloc_sector_privado,Sector privado (total),Agregado,Colocacion,0.0,0.0,2.75,5.74363157894737,3.77252631578947,164.809523809524,1.64809523809524,4.3114,7.82982951832825,2.9936315789473698,1.5614,False
2019-01-01,2019,1,coloc_sector_privado,Sector privado (total),Agregado,Colocacion,677.335,6.5196412662080245,2.75,5.58772727272727,3.5215,152.391304347826,1.5239130434782602,4.5276,7.77412480756175,2.83772727272727,1.7775999999999996,False
2019-02-01,2019,2,coloc_sector_privado,Sector privado (total),Agregado,Colocacion,98.698,4.602145616586043,2.75,5.4945,3.3507,139.5,1.395,4.3563,7.79885572718277,2.7445000000000004,1.6063,False
2019-03-01,2019,3,coloc_sector_privado,Sector privado (total),Agregado,Colocacion,150.0,5.017279836814924,2.75,5.29923809523809,3.15290476190476,135.666666666667,1.35666666666667,4.0849,7.81020891110979,2.54923809523809,1.3349000000000002,False
2019-04-01,2019,4,coloc_sector_privado,Sector privado (total),Agregado,Colocacion,178.685,5.191205317851404,2.75,5.2158,3.0446,122.363636363636,1.22363636363636,4.0403,7.8131751460884,2.4657999999999998,1.2903000000000002,False
2019-05-01,2019,5,coloc_sector_privado,Sector privado (total),Agregado,Colocacion,130.0,4.875197323201151,2.75,5.13735454545455,2.99745454545455,135.695652173913,1.35695652173913,4.05,7.81182226365403,2.38735454545455,1.2999999999999998,False
2019-06-01,2019,6,coloc_sector_privado,Sector privado (total),Agregado,Colocacion,26.52398,3.3150576247013994,2.75,4.81719,2.67335,129.15,1.2915,4.0253,7.83626268381355,2.06719,1.2752999999999997,False
2019-07-01,2019,7,coloc_sector_privado,Sector privado (total),Agregado,Colocacion,469.31,6.15339205174855,2.75,4.4401,2.66909523809524,116.130434782609,1.16130434782609,3.9249,7.77225596262161,1.6901000000000002,1.1749,False
2019-08-01,2019,8,coloc_sector_privado,Sector privado (total),Agregado,Colocacion,174.0348,5.16498481129691,2.5,4.228985,2.34045,127.090909090909,1.2709090909090899,3.7128,7.71228944879112,1.7289849999999998,1.2128,False
2019-09-01,2019,9,coloc_sector_privado,Sector privado (total),Agregado,Colocacion,573.46692,6.353442515126202,2.5,4.15212380952381,2.41766666666667,116.428571428571,1.1642857142857101,3.5263,7.6926466564655,1.6521238095238102,1.0263,False
2019-10-01,2019,10,coloc_sector_privado,Sector privado (total),Agregado,Colocacion,485.8329,6.187920943053162,2.5,4.07454285714286,2.51552380952381,126.913043478261,1.26913043478261,3.4438,7.65101237137315,1.57454285714286,0.9438,False
2019-11-01,2019,11,coloc_sector_privado,Sector privado (total),Agregado,Colocacion,397.6626,5.988115445121544,2.25,4.23969,2.59395,126.761904761905,1.26761904761905,3.3523,7.56679301096734,1.9896900000000004,1.1023,False
2019-12-01,2019,12,coloc_sector_privado,Sector privado (total),Agregado,Colocacion,116.41,4.76567208264212,2.25,4.3559380952381,2.512,115.909090909091,1.15909090909091,3.2587,7.44662178370309,2.1059380952381,1.0087000000000002,False
2020-01-01,2020,1,coloc_sector_privado,Sector privado (total),Agregado,Colocacion,0.0,0.0,2.25,4.50230909090909,2.40831818181818,113.869565217391,1.13869565217391,3.2747,7.35923135788744,2.2523090909090904,1.0247000000000002,False
2020-02-01,2020,2,coloc_sector_privado,Sector privado (total),Agregado,Colocacion,82.64045,4.42652725474682,2.25,4.258095,2.23695,122.2,1.222,3.1977,7.35390734329301,2.008095,0.9477000000000002,False
2020-03-01,2020,3,coloc_sector_privado,Sector privado (total),Agregado,Colocacion,13.76,2.6919208191723265,1.25,5.08725909090909,2.65986363636364,248.909090909091,2.48909090909091,3.0473,7.29802047761045,3.8372590909090896,1.7973,False
2020-04-01,2020,4,coloc_sector_privado,Sector privado (total),Agregado,Colocacion,0.0,0.0,0.25,5.0255,2.57965,277.954545454545,2.77954545454545,2.3516,7.20143184392124,4.7755,2.1016,False
2020-05-01,2020,5,coloc_sector_privado,Sector privado (total),Agregado,Colocacion,3.25507,1.4481112131238598,0.25,4.4295,2.3558,222.35,2.2235,1.4852,5.80260325458287,4.1795,1.2352,False
2020-06-01,2020,6,coloc_sector_privado,Sector privado (total),Agregado,Colocacion,0.0,0.0,0.25,4.39,2.15714285714286,180.136363636364,1.80136363636364,1.0749,5.00634998054599,4.14,0.8249,False
2020-07-01,2020,7,coloc_sector_privado,Sector privado (total),Agregado,Colocacion,0.9531,0.6694178538607085,0.25,4.24045454545455,1.85740909090909,169.347826086957,1.6934782608695702,0.9011,4.83971287679542,3.9904545454545497,0.6511,False
2020-08-01,2020,8,coloc_sector_privado,Sector privado (total),Agregado,Colocacion,0.0,0.0,0.25,4.06714285714286,1.65052380952381,145.636363636364,1.4563636363636399,1.09,4.42307239513293,3.8171428571428603,0.8400000000000001,False
2020-09-01,2020,9,coloc_sector_privado,Sector privado (total),Agregado,Colocacion,118.8,4.785823685681349,0.25,4.18681818181818,1.79659090909091,160.409090909091,1.60409090909091,1.0285,4.30721669458437,3.9368181818181798,0.7785,False
2020-10-01,2020,10,coloc_sector_privado,Sector privado (total),Agregado,Colocacion,0.0,0.0,0.25,4.20545454545454,1.76445454545455,150.181818181818,1.50181818181818,0.7759,4.1821950360515,3.95545454545454,0.5259,False
2020-11-01,2020,11,coloc_sector_privado,Sector privado (total),Agregado,Colocacion,0.0,0.0,0.25,4.01450476190476,1.78771428571429,147.0,1.47,0.6906,4.09957895654608,3.7645047619047602,0.4406,False
2020-12-01,2020,12,coloc_sector_privado,Sector privado (total),Agregado,Colocacion,592.55,6.386121456499543,0.25,3.63264285714286,1.73285714285714,143.304347826087,1.4330434782608699,0.6189,4.00137293695925,3.38264285714286,0.3689,False
2021-01-01,2021,1,coloc_sector_privado,Sector privado (total),Agregado,Colocacion,0.0,0.0,0.25,3.658,1.81105,131.619047619048,1.31619047619048,0.6644,3.93054875,3.408,0.4144,False
2021-02-01,2021,2,coloc_sector_privado,Sector privado (total),Agregado,Colocacion,32.3828,3.5080407972801533,0.25,3.9115,2.0384,138.1,1.381,0.5929,3.88365747957866,3.6615,0.3429,False
2021-03-01,2021,3,coloc_sector_privado,Sector privado (total),Agregado,Colocacion,225.0,5.420534999272286,0.25,4.68608695652174,2.641,165.086956521739,1.6508695652173901,0.5577,3.84142498051546,4.43608695652174,0.3077,False
2021-04-01,2021,4,coloc_sector_privado,Sector privado (total),Agregado,Colocacion,108.0,4.6913478822291435,0.25,5.09,2.70985,164.5,1.645,0.5062,3.79115747642998,4.84,0.2562,False
2021-05-01,2021,5,coloc_sector_privado,Sector privado (total),Agregado,Colocacion,0.0,0.0,0.25,4.99,2.75547619047619,163.571428571429,1.6357142857142901,0.6641,3.73745845968402,4.74,0.4141,False
2021-06-01,2021,6,coloc_sector_privado,Sector privado (total),Agregado,Colocacion,0.0,0.0,0.25,5.27323809523809,2.66280952380952,169.227272727273,1.69227272727273,0.9206,3.70401900108905,5.02323809523809,0.6706,False
2021-07-01,2021,7,coloc_sector_privado,Sector privado (total),Agregado,Colocacion,0.0,0.0,0.25,5.6647,2.4939,170.0,1.7,0.7924,3.79669316287069,5.4147,0.5424,False
2021-08-01,2021,8,coloc_sector_privado,Sector privado (total),Agregado,Colocacion,0.0,0.0,0.5,6.35523809523809,2.57761904761905,183.0,1.83,0.8452,3.81270919613097,5.85523809523809,0.34519999999999995,False
2021-09-01,2021,9,coloc_sector_privado,Sector privado (total),Agregado,Colocacion,0.0,0.0,1.0,6.34227272727273,2.60063636363636,174.0,1.74,1.2422,3.88117324129765,5.34227272727273,0.24219999999999997,False
2021-10-01,2021,10,coloc_sector_privado,Sector privado (total),Agregado,Colocacion,0.0,0.0,1.5,5.9495,2.75625,171.619047619048,1.7161904761904798,1.7906,3.94905991486097,4.4495,0.29059999999999997,False
2021-11-01,2021,11,coloc_sector_privado,Sector privado (total),Agregado,Colocacion,0.0,0.0,2.0,5.86571428571429,2.85347619047619,179.363636363636,1.7936363636363601,2.3431,4.02097586013207,3.86571428571429,0.3431000000000002,False
2021-12-01,2021,12,coloc_sector_privado,Sector privado (total),Agregado,Colocacion,19.32199,3.011703550986017,2.5,5.92563636363636,2.80695454545455,174.304347826087,1.74304347826087,2.8714,4.11394529379854,3.42563636363636,0.37139999999999995,False
2022-01-01,2022,1,coloc_sector_privado,Sector privado (total),Agregado,Colocacion,0.0,0.0,3.0,6.07457142857143,3.09204761904762,176.761904761905,1.7676190476190499,3.5743,4.20262820902694,3.0745714285714296,0.5743,False
2022-02-01,2022,2,coloc_sector_privado,Sector privado (total),Agregado,Colocacion,157.92,5.068400930946398,3.5,6.071,3.4629,197.75,1.9775,4.1679,4.2906273925101,2.5709999999999997,0.6679000000000004,False
2022-03-01,2022,3,coloc_sector_privado,Sector privado (total),Agregado,Colocacion,28.86687,3.396749839325315,4.0,6.59782608695652,3.5704347826087,200.739130434783,2.0073913043478298,4.553,4.39096306762848,2.5978260869565197,0.5529999999999999,False
2022-04-01,2022,4,coloc_sector_privado,Sector privado (total),Agregado,Colocacion,0.0,0.0,4.5,7.37315789473684,4.16131578947368,186.666666666667,1.86666666666667,5.3908,4.53163792121834,2.87315789473684,0.8907999999999996,False
2022-05-01,2022,5,coloc_sector_privado,Sector privado (total),Agregado,Colocacion,0.0,0.0,5.0,7.92363636363636,4.56222727272727,217.545454545455,2.1754545454545497,6.1156,4.70692227109288,2.9236363636363603,1.1155999999999997,False
2022-06-01,2022,6,coloc_sector_privado,Sector privado (total),Agregado,Colocacion,0.0,0.0,5.5,7.858,4.77219047619048,213.545454545455,2.1354545454545497,6.5066,4.95452828665271,2.3579999999999997,1.0065999999999997,False
2022-07-01,2022,7,coloc_sector_privado,Sector privado (total),Agregado,Colocacion,0.0,0.0,6.0,8.21631578947368,4.74931578947368,235.428571428571,2.35428571428571,7.1747,5.13409390416655,2.216315789473679,1.1746999999999996,False
2022-08-01,2022,8,coloc_sector_privado,Sector privado (total),Agregado,Colocacion,0.0,0.0,6.5,7.90872727272727,4.53818181818182,211.0,2.11,7.8556,5.35904493680998,1.40872727272727,1.3556,False
2022-09-01,2022,9,coloc_sector_privado,Sector privado (total),Agregado,Colocacion,0.0,0.0,6.75,8.30590909090909,5.26540909090909,225.273454545455,2.2527345454545498,7.9938,5.58356719333656,1.5559090909090898,1.2438000000000002,False
2022-10-01,2022,10,coloc_sector_privado,Sector privado (total),Agregado,Colocacion,0.0,0.0,7.0,8.64571428571429,6.02866666666667,242.587095238095,2.42587095238095,8.2644,5.86119286699759,1.6457142857142895,1.2644000000000002,False
2022-11-01,2022,11,coloc_sector_privado,Sector privado (total),Agregado,Colocacion,0.0,0.0,7.25,7.86476190476191,5.48057142857143,203.406909090909,2.03406909090909,8.4504,6.10406191790094,0.6147619047619104,1.2004000000000001,False
2022-12-01,2022,12,coloc_sector_privado,Sector privado (total),Agregado,Colocacion,0.0,0.0,7.5,7.8615,5.17145,195.5,1.955,8.7459,6.3692162201999,0.3615000000000004,1.2459000000000007,False
2023-01-01,2023,1,coloc_sector_privado,Sector privado (total),Agregado,Colocacion,0.0,0.0,7.75,7.95952380952381,5.21561904761905,207.045454545455,2.0704545454545498,9.4381,6.63189134989598,0.20952380952380967,1.6881000000000004,False
2023-02-01,2023,2,coloc_sector_privado,Sector privado (total),Agregado,Colocacion,0.0,0.0,7.75,7.87935,5.3419,192.3,1.923,9.4919,6.850617510557,0.12934999999999963,1.7418999999999993,False
2023-03-01,2023,3,coloc_sector_privado,Sector privado (total),Agregado,Colocacion,0.0,0.0,7.75,7.71669565217391,5.34278260869565,203.826086956522,2.03826086956522,9.0567,7.10922194994223,-0.03330434782608993,1.3066999999999993,False
2023-04-01,2023,4,coloc_sector_privado,Sector privado (total),Agregado,Colocacion,0.0,0.0,7.75,7.48888888888889,5.19622222222222,201.9,2.019,9.0685,7.38043153540864,-0.2611111111111102,1.3185000000000002,False
2023-05-01,2023,5,coloc_sector_privado,Sector privado (total),Agregado,Colocacion,220.8,5.401776074916267,7.75,7.275,5.24172727272727,197.391304347826,1.9739130434782601,9.1889,7.61044798189717,-0.47499999999999964,1.4389000000000003,False
2023-06-01,2023,6,coloc_sector_privado,Sector privado (total),Agregado,Colocacion,0.0,0.0,7.75,7.07380952380952,5.24138095238095,181.090909090909,1.8109090909090901,9.3105,7.81145511418098,-0.67619047619048,1.5604999999999993,False
2023-07-01,2023,7,coloc_sector_privado,Sector privado (total),Agregado,Colocacion,0.0,0.0,7.75,6.7555,5.2575,168.904761904762,1.68904761904762,9.244,7.99690744269487,-0.9945000000000004,1.4939999999999998,False
2023-08-01,2023,8,coloc_sector_privado,Sector privado (total),Agregado,Colocacion,0.0,0.0,7.75,6.84409090909091,5.58609090909091,167.227272727273,1.67227272727273,9.041,8.14090107239871,-0.9059090909090903,1.2910000000000004,False
2023-09-01,2023,9,coloc_sector_privado,Sector privado (total),Agregado,Colocacion,0.0,0.0,7.5,6.96857142857143,5.81652380952381,169.095238095238,1.6909523809523799,8.8215,8.28878510406768,-0.5314285714285703,1.3215000000000003,False
2023-10-01,2023,10,coloc_sector_privado,Sector privado (total),Agregado,Colocacion,0.0,0.0,7.25,7.62454545454545,6.32286363636364,179.954545454545,1.7995454545454501,8.3505,8.44068972530412,0.37454545454544963,1.1005000000000003,False
2023-11-01,2023,11,coloc_sector_privado,Sector privado (total),Agregado,Colocacion,0.0,0.0,7.0,7.17190476190476,5.93028571428571,175.181818181818,1.75181818181818,7.9954,8.53156476033984,0.17190476190476023,0.9954000000000001,False
2023-12-01,2023,12,coloc_sector_privado,Sector privado (total),Agregado,Colocacion,175.0,5.170483995038151,6.75,6.86847368421053,5.22494736842105,162.428571428571,1.62428571428571,7.656,8.62378590230264,0.11847368421052984,0.9059999999999997,False
2024-01-01,2024,1,coloc_sector_privado,Sector privado (total),Agregado,Colocacion,0.0,0.0,6.5,6.67952380952381,5.4167619047619,170.434782608696,1.70434782608696,7.294,8.69869046961524,0.1795238095238103,0.7939999999999996,False
2024-02-01,2024,2,coloc_sector_privado,Sector privado (total),Agregado,Colocacion,22.5855,3.16063211642671,6.25,6.75380952380952,5.53071428571429,160.285714285714,1.6028571428571399,6.8902,8.74071778178379,0.5038095238095197,0.6402000000000001,False
2024-03-01,2024,3,coloc_sector_privado,Sector privado (total),Agregado,Colocacion,0.0,0.0,6.25,7.00578947368421,5.50626315789474,152.666666666667,1.52666666666667,6.5961,8.76694823582294,0.7557894736842101,0.34609999999999985,False
2024-04-01,2024,4,coloc_sector_privado,Sector privado (total),Agregado,Colocacion,0.0,0.0,6.0,7.38204545454545,5.85754545454545,153.772727272727,1.53772727272727,6.4786,8.78031366488921,1.38204545454545,0.47860000000000014,False
2024-05-01,2024,5,coloc_sector_privado,Sector privado (total),Agregado,Colocacion,0.0,0.0,5.75,7.09540909090909,5.76072727272727,155.826086956522,1.55826086956522,6.3612,8.80480909118507,1.34540909090909,0.6112000000000002,False
2024-06-01,2024,6,coloc_sector_privado,Sector privado (total),Agregado,Colocacion,133.2074,4.899386364597072,5.75,7.08842105263158,5.63131578947368,160.9,1.609,6.238,8.79372542941437,1.3384210526315803,0.48800000000000043,False
2024-07-01,2024,7,coloc_sector_privado,Sector privado (total),Agregado,Colocacion,0.0,0.0,5.75,6.9725,5.5434,158.695652173913,1.58695652173913,5.9434,8.882805081995,1.2225000000000001,0.19339999999999957,False
2024-08-01,2024,8,coloc_sector_privado,Sector privado (total),Agregado,Colocacion,0.0,0.0,5.5,6.5835,5.1731,169.5,1.695,5.736,8.92989630054711,1.0835,0.23599999999999977,False
2024-09-01,2024,9,coloc_sector_privado,Sector privado (total),Agregado,Colocacion,0.0,0.0,5.25,6.36185714285714,5.02190476190476,162.578947368421,1.6257894736842102,5.5418,8.96187040666967,1.11185714285714,0.2918000000000003,False
2024-10-01,2024,10,coloc_sector_privado,Sector privado (total),Agregado,Colocacion,110.0,4.709530201312334,5.25,6.52246818181818,5.36572727272727,153.68,1.5368000000000002,5.5019,8.7951748787329,1.27246818181818,0.2519,False
2024-11-01,2024,11,coloc_sector_privado,Sector privado (total),Agregado,Colocacion,107.6475,4.688108696773654,5.0,6.669,5.6087,155.263157894737,1.55263157894737,5.4011,7.44683165341243,1.6689999999999996,0.40109999999999957,False
2024-12-01,2024,12,coloc_sector_privado,Sector privado (total),Agregado,Colocacion,101.131,4.626256302984351,5.0,6.62515789473684,5.67389473684211,154.380952380952,1.5438095238095202,5.1856,7.47131200827443,1.62515789473684,0.1856,False
2025-01-01,2025,1,coloc_sector_privado,Sector privado (total),Agregado,Colocacion,1.8414,1.0442968884558397,4.75,6.69,5.90368181818182,156.761904761905,1.56761904761905,5.0934,7.49907664706817,1.9400000000000004,0.3433999999999999,False
2025-02-01,2025,2,coloc_sector_privado,Sector privado (total),Agregado,Colocacion,1.9136,1.0693894299912063,4.75,6.4725,5.74665,158.25,1.5825,5.0581,7.52122935000511,1.7225000000000001,0.3080999999999996,False
2025-03-01,2025,3,coloc_sector_privado,Sector privado (total),Agregado,Colocacion,166.85639,5.123108792406505,4.75,6.4852380952381,5.59780952380952,163.354838709677,1.6335483870967702,4.9808,7.55728149897883,1.7352380952381,0.23080000000000034,False
2025-04-01,2025,4,coloc_sector_privado,Sector privado (total),Agregado,Colocacion,0.0,0.0,4.75,6.604,5.6705,177.571428571429,1.77571428571429,5.1185,7.52794557568402,1.854,0.36850000000000005,False
2025-05-01,2025,5,coloc_sector_privado,Sector privado (total),Agregado,Colocacion,0.0,0.0,4.5,6.48666666666667,5.60052380952381,158.58064516129,1.5858064516129,5.0515,7.55206145805733,1.98666666666667,0.5514999999999999,False
2025-06-01,2025,6,coloc_sector_privado,Sector privado (total),Agregado,Colocacion,24.78,3.2495989975110415,4.5,6.41190476190476,5.51895238095238,153.833333333333,1.53833333333333,4.9998,7.54014850637851,1.9119047619047604,0.4997999999999996,False
2025-07-01,2025,7,coloc_sector_privado,Sector privado (total),Agregado,Colocacion,0.0,0.0,4.5,6.18745,5.5105,140.612903225806,1.4061290322580602,5.0848,7.54163430944622,1.6874500000000001,0.5848000000000004,False
2025-08-01,2025,8,coloc_sector_privado,Sector privado (total),Agregado,Colocacion,162.551,5.0971248683038235,4.5,6.01696,5.3269,133.322580645161,1.33322580645161,5.0419,7.56402905364994,1.51696,0.5419,False
2025-09-01,2025,9,coloc_sector_privado,Sector privado (total),Agregado,Colocacion,0.0,0.0,4.25,6.12590909090909,5.11172727272727,124.107142857143,1.24107142857143,4.9333,7.56109725841028,1.87590909090909,0.6833,False
2025-10-01,2025,10,coloc_sector_privado,Sector privado (total),Agregado,Colocacion,65.33082,4.194654645891323,4.25,6.10583636363637,5.07618181818182,123.516129032258,1.23516129032258,4.8992,7.55898200976963,1.85583636363637,0.6492000000000004,False
2025-11-01,2025,11,coloc_sector_privado,Sector privado (total),Agregado,Colocacion,0.0,0.0,4.25,6.00445,5.1118,125.6,1.256,4.8408,7.54117283637899,1.7544500000000003,0.5907999999999998,False
2025-12-01,2025,12,coloc_sector_privado,Sector privado (total),Agregado,Colocacion,371.2,5.91943134420815,4.25,5.82715789473684,5.09484210526316,127.0,1.27,4.7816,7.44751485314968,1.5771578947368399,0.5316000000000001,False
2011-01-01,2011,1,coloc_titulizacion,Bonos de titulizacion,Titulizacion,Colocacion,0.0,0.0,3.25,5.84628571428571,5.165,145.57143,1.4557143,3.8403,7.20480825212354,2.5962857142857096,0.5903,False
2011-02-01,2011,2,coloc_titulizacion,Bonos de titulizacion,Titulizacion,Colocacion,0.0,0.0,3.5,6.01595,5.3764,146.1,1.4609999999999999,4.1328,7.35416964181192,2.51595,0.6327999999999996,False
2011-03-01,2011,3,coloc_titulizacion,Bonos de titulizacion,Titulizacion,Colocacion,0.0,0.0,3.75,6.35333612040134,5.30634782608696,156.78261,1.5678261,4.422,7.45319066124941,2.60333612040134,0.6719999999999997,False
2011-04-01,2011,4,coloc_titulizacion,Bonos de titulizacion,Titulizacion,Colocacion,564.0,6.336825731146441,4.0,6.94410092633545,5.65989473684211,192.90476,1.9290476,4.9028,7.47291946579307,2.94410092633545,0.9028,True
2011-05-01,2011,5,coloc_titulizacion,Bonos de titulizacion,Titulizacion,Colocacion,64.482,4.181775295713944,4.25,6.72250202228567,5.32847619047619,187.22727,1.8722727000000001,5.3829,7.68962700306516,2.4725020222856697,1.1329000000000002,True
2011-06-01,2011,6,coloc_titulizacion,Bonos de titulizacion,Titulizacion,Colocacion,0.0,0.0,4.25,6.45763825900731,5.23528571428572,192.36364,1.9236364000000001,5.6209,7.84986533465833,2.20763825900731,1.3708999999999998,False
2011-07-01,2011,7,coloc_titulizacion,Bonos de titulizacion,Titulizacion,Colocacion,0.0,0.0,4.25,6.23626241920591,5.03678947368421,170.85714,1.7085713999999999,5.4194,7.88181011506081,1.98626241920591,1.1694000000000004,False
2011-08-01,2011,8,coloc_titulizacion,Bonos de titulizacion,Titulizacion,Colocacion,0.0,0.0,4.25,5.92853521749067,4.65814285714286,199.56522,1.9956522,5.3906,7.67811464524686,1.67853521749067,1.1406,False
2011-09-01,2011,9,coloc_titulizacion,Bonos de titulizacion,Titulizacion,Colocacion,0.0,0.0,4.25,5.62017803787122,4.65722727272727,237.45455,2.3745455,5.317,7.7744779683529,1.37017803787122,1.0670000000000002,False
2011-10-01,2011,10,coloc_titulizacion,Bonos de titulizacion,Titulizacion,Colocacion,0.0,0.0,4.25,5.72483222108669,4.7062,231.95238,2.3195238000000002,5.4037,8.06880722181612,1.4748322210866904,1.1536999999999997,False
2011-11-01,2011,11,coloc_titulizacion,Bonos de titulizacion,Titulizacion,Colocacion,0.0,0.0,4.25,5.66734322961868,4.35095238095238,214.18182,2.1418182,5.1702,8.18429932294086,1.4173432296186803,0.9202000000000004,False
2011-12-01,2011,12,coloc_titulizacion,Bonos de titulizacion,Titulizacion,Colocacion,0.0,0.0,4.25,5.6953293398377,4.31715789473684,216.31818,2.1631818000000003,5.3604,8.29255426952091,1.4453293398377003,1.1104000000000003,False
2012-01-01,2012,1,coloc_titulizacion,Bonos de titulizacion,Titulizacion,Colocacion,80.76,4.403788126455394,4.25,5.6877609398031,4.34477272727273,219.40909,2.1940909,5.2828,8.25284590289425,1.4377609398031002,1.0328,True
2012-02-01,2012,2,coloc_titulizacion,Bonos de titulizacion,Titulizacion,Colocacion,0.0,0.0,4.25,5.55203643226112,4.07966666666667,199.2381,1.992381,5.3,8.27348386309663,1.3020364322611204,1.0499999999999998,False
2012-03-01,2012,3,coloc_titulizacion,Bonos de titulizacion,Titulizacion,Colocacion,0.0,0.0,4.25,5.40746192764249,3.90677272727273,165.59091,1.6559091000000001,5.2513,8.37300111927793,1.1574619276424896,1.0012999999999996,False
2012-04-01,2012,4,coloc_titulizacion,Bonos de titulizacion,Titulizacion,Colocacion,0.0,0.0,4.25,5.31709184145608,3.745,164.14286,1.6414286000000002,5.265,8.43188843464642,1.0670918414560804,1.0149999999999997,False
2012-05-01,2012,5,coloc_titulizacion,Bonos de titulizacion,Titulizacion,Colocacion,0.0,0.0,4.25,5.1611689535073,3.71418181818182,180.52174,1.8052173999999999,5.1938,8.55555282489058,0.9111689535072998,0.9438000000000004,False
2012-06-01,2012,6,coloc_titulizacion,Bonos de titulizacion,Titulizacion,Colocacion,0.0,0.0,4.25,5.14383563093637,3.59845,188.42857,1.8842857000000002,5.1563,8.60182745997574,0.89383563093637,0.9062999999999999,False
2012-07-01,2012,7,coloc_titulizacion,Bonos de titulizacion,Titulizacion,Colocacion,0.0,0.0,4.25,5.02354166666667,3.2648,162.59091,1.6259091,5.1698,8.5929081450795,0.7735416666666701,0.9198000000000004,False
2012-08-01,2012,8,coloc_titulizacion,Bonos de titulizacion,Titulizacion,Colocacion,0.0,0.0,4.25,4.85419437482595,3.13571428571429,133.13043,1.3313043,5.1906,8.68128951453787,0.6041943748259504,0.9405999999999999,False
2012-09-01,2012,9,coloc_titulizacion,Bonos de titulizacion,Titulizacion,Colocacion,0.0,0.0,4.25,4.67659618205868,3.06225,124.0,1.24,5.1102,8.72151201615506,0.4265961820586801,0.8601999999999999,False
2012-10-01,2012,10,coloc_titulizacion,Bonos de titulizacion,Titulizacion,Colocacion,0.0,0.0,4.25,4.55363674242424,2.9236,108.04348,1.0804348,5.0611,8.76811775572671,0.3036367424242403,0.8110999999999997,False
2012-11-01,2012,11,coloc_titulizacion,Bonos de titulizacion,Titulizacion,Colocacion,0.0,0.0,4.25,4.45981283452211,2.9668,122.95455,1.2295455,5.0593,8.8966005994144,0.20981283452211041,0.8093000000000004,False
2012-12-01,2012,12,coloc_titulizacion,Bonos de titulizacion,Titulizacion,Colocacion,0.0,0.0,4.25,4.16331561657297,3.01164705882353,117.19048,1.1719047999999999,5.0304,9.0631777919402,-0.08668438342702967,0.7804000000000002,False
2013-01-01,2013,1,coloc_titulizacion,Bonos de titulizacion,Titulizacion,Colocacion,0.0,0.0,4.25,4.06750469795356,3.08854545454545,110.04348,1.1004348,5.0298,9.04238006585355,-0.1824953020464397,0.7797999999999998,False
2013-02-01,2013,2,coloc_titulizacion,Bonos de titulizacion,Titulizacion,Colocacion,167.91,5.129366028692254,4.25,4.15190764118355,3.29463157894737,127.05,1.2705,4.8751,9.14940540258296,-0.09809235881644973,0.6250999999999998,True
2013-03-01,2013,3,coloc_titulizacion,Bonos de titulizacion,Titulizacion,Colocacion,0.0,0.0,4.25,4.14838614187719,3.28557894736842,140.28571,1.4028570999999999,4.6881,9.21137994314266,-0.10161385812280965,0.4381000000000004,False
2013-04-01,2013,4,coloc_titulizacion,Bonos de titulizacion,Titulizacion,Colocacion,77.3668688,4.361401246202533,4.25,4.05634051937754,3.06895454545455,132.54545,1.3254545,4.4482,9.15560271564023,-0.1936594806224603,0.19819999999999993,True
2013-05-01,2013,5,coloc_titulizacion,Bonos de titulizacion,Titulizacion,Colocacion,0.0,0.0,4.25,4.20181818181818,3.25236363636364,133.73913,1.3373913,4.3607,9.04071529297496,-0.04818181818181966,0.11069999999999958,False
2013-06-01,2013,6,coloc_titulizacion,Bonos de titulizacion,Titulizacion,Colocacion,0.0,0.0,4.25,5.31946716260051,4.04315789473684,179.8,1.798,4.4862,8.9853489227944,1.0694671626005103,0.2362000000000002,False
2013-07-01,2013,7,coloc_titulizacion,Bonos de titulizacion,Titulizacion,Colocacion,623.74635,6.437345727361061,4.25,5.26015228899572,4.29876190476191,175.69565,1.7569565,4.7471,8.80484910504589,1.0101522889957204,0.49709999999999965,True
2013-08-01,2013,8,coloc_titulizacion,Bonos de titulizacion,Titulizacion,Colocacion,0.0,0.0,4.25,5.46271259667266,4.54695238095238,190.54545,1.9054544999999998,4.6554,8.66943327215367,1.2127125966726604,0.4054000000000002,False
2013-09-01,2013,9,coloc_titulizacion,Bonos de titulizacion,Titulizacion,Colocacion,437.573,6.083526274581399,4.25,5.60047619047619,4.56314285714286,183.38095,1.8338095,4.7181,8.56490763208247,1.35047619047619,0.46809999999999974,True
2013-10-01,2013,10,coloc_titulizacion,Bonos de titulizacion,Titulizacion,Colocacion,0.0,0.0,4.25,5.31727272727273,4.27340909090909,172.86957,1.7286957,4.7076,8.54906118892347,1.06727272727273,0.45760000000000023,False
2013-11-01,2013,11,coloc_titulizacion,Bonos de titulizacion,Titulizacion,Colocacion,112.0,4.727387818712341,4.0,5.467,4.4478,183.42857,1.8342857000000001,4.5043,8.51866990480899,1.4669999999999996,0.5042999999999997,True
2013-12-01,2013,12,coloc_titulizacion,Bonos de titulizacion,Titulizacion,Colocacion,292.5048,5.681893993478543,4.0,5.6055,4.49425,176.54545,1.7654545,4.4875,8.46225460748768,1.6055000000000001,0.4874999999999998,True
2014-01-01,2014,1,coloc_titulizacion,Bonos de titulizacion,Titulizacion,Colocacion,0.0,0.0,4.0,5.72,4.45445454545454,176.0,1.76,4.4809,8.39783279820295,1.7199999999999998,0.4809000000000001,False
2014-02-01,2014,2,coloc_titulizacion,Bonos de titulizacion,Titulizacion,Colocacion,75.5132,4.337463274967228,4.0,6.4255,4.365,182.25,1.8225,4.7948,8.37410848580069,2.4255000000000004,0.7948000000000004,True
2014-03-01,2014,3,coloc_titulizacion,Bonos de titulizacion,Titulizacion,Colocacion,0.0,0.0,4.0,6.16490476190476,4.16752380952381,167.2381,1.6723810000000001,4.9354,8.34926199159022,2.1649047619047597,0.9353999999999996,False
2014-04-01,2014,4,coloc_titulizacion,Bonos de titulizacion,Titulizacion,Colocacion,0.0,0.0,4.0,5.951,4.01075,153.54545,1.5354545,5.0225,8.28488301493797,1.9509999999999996,1.0225,False
2014-05-01,2014,5,coloc_titulizacion,Bonos de titulizacion,Titulizacion,Colocacion,54.405,4.0146698423882885,4.0,5.64095238095238,3.83219047619048,149.40909,1.4940909,5.0269,8.25593549390221,1.6409523809523803,1.0269000000000004,True
2014-06-01,2014,6,coloc_titulizacion,Bonos de titulizacion,Titulizacion,Colocacion,0.0,0.0,4.0,5.37238095238095,3.78709523809524,145.42857,1.4542857,4.9535,8.29752109735162,1.3723809523809498,0.9535,False
2014-07-01,2014,7,coloc_titulizacion,Bonos de titulizacion,Titulizacion,Colocacion,0.0,0.0,3.75,5.177,3.73633333333333,146.34783,1.4634782999999998,4.7393,8.28877174921292,1.4269999999999996,0.9893000000000001,False
2014-08-01,2014,8,coloc_titulizacion,Bonos de titulizacion,Titulizacion,Colocacion,0.0,0.0,3.75,5.19790476190476,3.69519047619048,157.28571,1.5728571,4.6087,8.30605360218592,1.44790476190476,0.8586999999999998,False
2014-09-01,2014,9,coloc_titulizacion,Bonos de titulizacion,Titulizacion,Colocacion,0.0,0.0,3.5,5.33545454545455,3.79531818181818,149.68182,1.4968181999999999,4.4861,8.3415644243909,1.8354545454545503,0.9861000000000004,False
2014-10-01,2014,10,coloc_titulizacion,Bonos de titulizacion,Titulizacion,Colocacion,0.0,0.0,3.5,5.35995454545454,3.74259090909091,170.26087,1.7026087,4.4428,8.35015609539825,1.8599545454545403,0.9428000000000001,False
2014-11-01,2014,11,coloc_titulizacion,Bonos de titulizacion,Titulizacion,Colocacion,0.0,0.0,3.5,5.43935,3.654,165.35,1.6535,4.4378,8.3363985675794,1.9393500000000001,0.9378000000000002,False
2014-12-01,2014,12,coloc_titulizacion,Bonos de titulizacion,Titulizacion,Colocacion,0.0,0.0,3.5,5.35971428571429,3.70204761904762,181.91304,1.8191304,4.6632,8.31860821111633,1.8597142857142899,1.1631999999999998,False
2015-01-01,2015,1,coloc_titulizacion,Bonos de titulizacion,Titulizacion,Colocacion,0.0,0.0,3.25,5.2966,3.5399,201.22727,2.0122727,4.4829,8.20330799624513,2.0465999999999998,1.2328999999999999,False
2015-02-01,2015,2,coloc_titulizacion,Bonos de titulizacion,Titulizacion,Colocacion,0.0,0.0,3.25,5.2855,3.34735,182.85,1.8285,4.1728,8.24620644636677,2.0355,0.9227999999999996,False
2015-03-01,2015,3,coloc_titulizacion,Bonos de titulizacion,Titulizacion,Colocacion,0.0,0.0,3.25,5.52668181818182,3.41931818181818,184.45455,1.8445455000000002,4.1913,8.210629086703,2.27668181818182,0.9413,False
2015-04-01,2015,4,coloc_titulizacion,Bonos de titulizacion,Titulizacion,Colocacion,421.17665,6.0454238283424155,3.25,5.53809090909091,3.20913636363636,176.95455,1.7695455000000002,4.3667,8.10086813334164,2.2880909090909096,1.1166999999999998,True
2015-05-01,2015,5,coloc_titulizacion,Bonos de titulizacion,Titulizacion,Colocacion,0.0,0.0,3.25,5.9019,3.41675,165.90476,1.6590476,4.4803,8.10144847599015,2.6519000000000004,1.2302999999999997,False
2015-06-01,2015,6,coloc_titulizacion,Bonos de titulizacion,Titulizacion,Colocacion,39.9567,3.7125154110793552,3.25,6.17166666666667,3.68176190476191,176.5,1.765,4.1341,8.07126454169475,2.9216666666666704,0.8841000000000001,True
2015-07-01,2015,7,coloc_titulizacion,Bonos de titulizacion,Titulizacion,Colocacion,0.0,0.0,3.25,6.47165,3.7191,186.69565,1.8669565,4.1685,7.9716830509417,3.2216500000000003,0.9184999999999999,False
2015-08-01,2015,8,coloc_titulizacion,Bonos de titulizacion,Titulizacion,Colocacion,0.0,0.0,3.25,6.66319047619047,3.91719047619048,217.47619,2.1747619,4.483,7.91908792812927,3.4131904761904703,1.2329999999999997,False
2015-09-01,2015,9,coloc_titulizacion,Bonos de titulizacion,Titulizacion,Colocacion,0.0,0.0,3.5,7.23577272727273,4.06622727272727,234.27273,2.3427273,4.9268,7.91020063074947,3.73577272727273,1.4268,False
2015-10-01,2015,10,coloc_titulizacion,Bonos de titulizacion,Titulizacion,Colocacion,0.0,0.0,3.5,7.01072727272727,3.864,225.90909,2.2590909,4.7596,7.87004699148263,3.5107272727272703,1.2595999999999998,False
2015-11-01,2015,11,coloc_titulizacion,Bonos de titulizacion,Titulizacion,Colocacion,0.0,0.0,3.5,6.69261904761905,3.95257142857143,218.90476,2.1890476000000003,4.8417,7.87714043536655,3.1926190476190497,1.3417000000000003,False
2015-12-01,2015,12,coloc_titulizacion,Bonos de titulizacion,Titulizacion,Colocacion,68.42165,4.240198778517642,3.75,6.70786363636364,4.07954545454545,236.65217,2.3665217000000003,4.9317,7.89924707101221,2.9578636363636397,1.1817000000000002,True
2016-01-01,2016,1,coloc_titulizacion,Bonos de titulizacion,Titulizacion,Colocacion,0.0,0.0,4.0,7.02015,4.238,267.05,2.6705,4.9884,7.90094495650674,3.02015,0.9884000000000004,False
2016-02-01,2016,2,coloc_titulizacion,Bonos de titulizacion,Titulizacion,Colocacion,11.42944,2.5200678522148947,4.25,7.34585714285714,4.0577619047619,282.38095,2.8238095,5.2324,7.92111679006339,3.09585714285714,0.9824000000000002,True
2016-03-01,2016,3,coloc_titulizacion,Bonos de titulizacion,Titulizacion,Colocacion,0.0,0.0,4.25,7.139,3.50990476190476,226.82609,2.2682609,5.3779,7.96682877995631,2.8890000000000002,1.1279000000000003,False
2016-04-01,2016,4,coloc_titulizacion,Bonos de titulizacion,Titulizacion,Colocacion,0.0,0.0,4.25,6.54485714285714,3.22447619047619,210.04762,2.1004762,5.3769,8.02653324572007,2.29485714285714,1.1269,False
2016-05-01,2016,5,coloc_titulizacion,Bonos de titulizacion,Titulizacion,Colocacion,0.0,0.0,4.25,6.26581818181818,3.22086363636364,207.95455,2.0795455,5.4266,8.05332430208037,2.0158181818181804,1.1765999999999996,False
2016-06-01,2016,6,coloc_titulizacion,Bonos de titulizacion,Titulizacion,Colocacion,0.0,0.0,4.25,6.08436363636364,3.06422727272727,209.90909,2.0990908999999998,5.5167,8.05980500628028,1.8343636363636397,1.2667000000000002,False
2016-07-01,2016,7,coloc_titulizacion,Bonos de titulizacion,Titulizacion,Colocacion,0.0,0.0,4.25,5.75652380952381,2.6487619047619,184.19048,1.8419048,5.4174,8.07355987597862,1.5065238095238103,1.1673999999999998,False
2016-08-01,2016,8,coloc_titulizacion,Bonos de titulizacion,Titulizacion,Colocacion,0.0,0.0,4.25,5.63617391304348,2.54117391304348,169.6087,1.696087,5.0871,8.10525299480707,1.3861739130434803,0.8371000000000004,False
2016-09-01,2016,9,coloc_titulizacion,Bonos de titulizacion,Titulizacion,Colocacion,78.257,4.372695736932405,4.25,5.79354545454546,2.60722727272727,161.77273,1.6177272999999999,4.9469,8.14204903341092,1.5435454545454599,0.6969000000000003,True
2016-10-01,2016,10,coloc_titulizacion,Bonos de titulizacion,Titulizacion,Colocacion,0.0,0.0,4.25,5.77085714285714,2.75419047619048,146.52381,1.4652380999999999,4.9397,8.19877047542736,1.5208571428571398,0.6897000000000002,False
2016-11-01,2016,11,coloc_titulizacion,Bonos de titulizacion,Titulizacion,Colocacion,0.0,0.0,4.25,6.30986363636364,3.41454545454546,167.81818,1.6781818000000002,4.9515,8.23694628022982,2.05986363636364,0.7015000000000002,False
2016-12-01,2016,12,coloc_titulizacion,Bonos de titulizacion,Titulizacion,Colocacion,0.0,0.0,4.25,6.44685714285714,3.71609523809524,164.72727,1.6472727,5.1925,8.2550705470513,2.19685714285714,0.9424999999999999,False
2017-01-01,2017,1,coloc_titulizacion,Bonos de titulizacion,Titulizacion,Colocacion,165.0,5.111987788356544,4.25,6.35095454545454,3.49077272727273,157.3,1.5730000000000002,5.1127,8.28179495378865,2.10095454545454,0.8627000000000002,True
2017-02-01,2017,2,coloc_titulizacion,Bonos de titulizacion,Titulizacion,Colocacion,0.0,0.0,4.25,6.26035,3.3545,152.105263157895,1.5210526315789499,5.0111,8.32931743428592,2.01035,0.7610999999999999,False
2017-03-01,2017,3,coloc_titulizacion,Bonos de titulizacion,Titulizacion,Colocacion,0.0,0.0,4.25,6.09739130434783,3.29430434782609,141.086956521739,1.4108695652173902,4.9649,8.37276932880972,1.8473913043478296,0.7149000000000001,False
2017-04-01,2017,4,coloc_titulizacion,Bonos de titulizacion,Titulizacion,Colocacion,0.0,0.0,4.25,5.87055555555556,3.22022222222222,149.444444444444,1.49444444444444,4.9442,8.44035905120784,1.6205555555555602,0.6942000000000004,False
2017-05-01,2017,5,coloc_titulizacion,Bonos de titulizacion,Titulizacion,Colocacion,0.0,0.0,4.0,5.71772727272727,3.17468181818182,141.181818181818,1.4118181818181799,4.7097,8.45666595004032,1.71772727272727,0.7096999999999998,False
2017-06-01,2017,6,coloc_titulizacion,Bonos de titulizacion,Titulizacion,Colocacion,0.0,0.0,4.0,5.57905,2.99295,143.5,1.435,4.5507,8.454424616211,1.5790499999999996,0.5507,False
2017-07-01,2017,7,coloc_titulizacion,Bonos de titulizacion,Titulizacion,Colocacion,0.0,0.0,3.75,5.65947368421053,3.11636842105263,141.9,1.419,4.4816,8.44411294629431,1.9094736842105302,0.7316000000000003,False
2017-08-01,2017,8,coloc_titulizacion,Bonos de titulizacion,Titulizacion,Colocacion,0.0,0.0,3.75,5.46204347826087,3.00717391304348,155.391304347826,1.55391304347826,4.2758,8.43404834891398,1.7120434782608704,0.5258000000000003,False
2017-09-01,2017,9,coloc_titulizacion,Bonos de titulizacion,Titulizacion,Colocacion,0.0,0.0,3.5,5.34190476190476,2.89152380952381,144.0,1.44,3.8977,8.44522716285084,1.8419047619047602,0.39769999999999994,False
2017-10-01,2017,10,coloc_titulizacion,Bonos de titulizacion,Titulizacion,Colocacion,0.0,0.0,3.5,5.26331818181818,3.01395454545455,139.619047619048,1.39619047619048,3.6451,8.42541769425409,1.76331818181818,0.14509999999999978,False
2017-11-01,2017,11,coloc_titulizacion,Bonos de titulizacion,Titulizacion,Colocacion,0.0,0.0,3.25,5.2997619047619,2.99557142857143,138.809523809524,1.38809523809524,3.5737,8.42632584501934,2.0497619047619002,0.3237000000000001,False
2017-12-01,2017,12,coloc_titulizacion,Bonos de titulizacion,Titulizacion,Colocacion,0.0,0.0,3.25,5.24947368421053,3.04447368421053,136.15,1.3615000000000002,3.5602,8.40796475027092,1.99947368421053,0.31020000000000003,False
2018-01-01,2018,1,coloc_titulizacion,Bonos de titulizacion,Titulizacion,Colocacion,0.0,0.0,3.0,4.81809523809524,3.11365,116.608695652174,1.16608695652174,3.4641,8.33453950449729,1.81809523809524,0.4641000000000002,False
2018-02-01,2018,2,coloc_titulizacion,Bonos de titulizacion,Titulizacion,Colocacion,0.0,0.0,3.0,4.7945,3.593,132.2,1.3219999999999998,3.3265,8.332922967143,1.7945000000000002,0.3264999999999998,False
2018-03-01,2018,3,coloc_titulizacion,Bonos de titulizacion,Titulizacion,Colocacion,0.0,0.0,2.75,4.845,3.66215,147.045454545455,1.47045454545455,3.2356,8.2719700517584,2.0949999999999998,0.4855999999999998,False
2018-04-01,2018,4,coloc_titulizacion,Bonos de titulizacion,Titulizacion,Colocacion,0.0,0.0,2.75,5.0242,3.61835,145.238095238095,1.45238095238095,3.1521,8.18550089578463,2.2742000000000004,0.4020999999999999,False
2018-05-01,2018,5,coloc_titulizacion,Bonos de titulizacion,Titulizacion,Colocacion,350.0,5.860786223465865,2.75,5.47227272727273,3.91371428571429,157.695652173913,1.5769565217391301,3.2427,8.15812519738456,2.7222727272727303,0.49270000000000014,True
2018-06-01,2018,6,coloc_titulizacion,Bonos de titulizacion,Titulizacion,Colocacion,0.0,0.0,2.75,5.6626,3.8928,163.333333333333,1.63333333333333,3.4706,8.09929298476305,2.9126000000000003,0.7206000000000001,False
2018-07-01,2018,7,coloc_titulizacion,Bonos de titulizacion,Titulizacion,Colocacion,0.0,0.0,2.75,5.48476190476191,3.7164,150.954545454545,1.50954545454545,3.6566,8.06241536178339,2.7347619047619096,0.9066000000000001,False
2018-08-01,2018,8,coloc_titulizacion,Bonos de titulizacion,Titulizacion,Colocacion,0.0,0.0,2.75,5.4252380952381,3.73752380952381,149.260869565217,1.49260869565217,3.7944,8.02901926695809,2.6752380952381003,1.0444,False
2018-09-01,2018,9,coloc_titulizacion,Bonos de titulizacion,Titulizacion,Colocacion,0.0,0.0,2.75,5.5175,3.76705263157895,139.9,1.399,3.8758,7.9700014831202,2.7675,1.1258,False
2018-10-01,2018,10,coloc_titulizacion,Bonos de titulizacion,Titulizacion,Colocacion,0.0,0.0,2.75,5.73181818181818,3.97654545454545,142.695652173913,1.42695652173913,3.9819,7.91051162555102,2.9818181818181797,1.2319,False
2018-11-01,2018,11,coloc_titulizacion,Bonos de titulizacion,Titulizacion,Colocacion,0.0,0.0,2.75,5.727,4.0345,156.863636363636,1.56863636363636,4.123,7.85637030572794,2.9770000000000003,1.3730000000000002,False
2018-12-01,2018,12,coloc_titulizacion,Bonos de titulizacion,Titulizacion,Colocacion,0.0,0.0,2.75,5.74363157894737,3.77252631578947,164.809523809524,1.64809523809524,4.3114,7.82982951832825,2.9936315789473698,1.5614,False
2019-01-01,2019,1,coloc_titulizacion,Bonos de titulizacion,Titulizacion,Colocacion,0.0,0.0,2.75,5.58772727272727,3.5215,152.391304347826,1.5239130434782602,4.5276,7.77412480756175,2.83772727272727,1.7775999999999996,False
2019-02-01,2019,2,coloc_titulizacion,Bonos de titulizacion,Titulizacion,Colocacion,0.0,0.0,2.75,5.4945,3.3507,139.5,1.395,4.3563,7.79885572718277,2.7445000000000004,1.6063,False
2019-03-01,2019,3,coloc_titulizacion,Bonos de titulizacion,Titulizacion,Colocacion,0.0,0.0,2.75,5.29923809523809,3.15290476190476,135.666666666667,1.35666666666667,4.0849,7.81020891110979,2.54923809523809,1.3349000000000002,False
2019-04-01,2019,4,coloc_titulizacion,Bonos de titulizacion,Titulizacion,Colocacion,0.0,0.0,2.75,5.2158,3.0446,122.363636363636,1.22363636363636,4.0403,7.8131751460884,2.4657999999999998,1.2903000000000002,False
2019-05-01,2019,5,coloc_titulizacion,Bonos de titulizacion,Titulizacion,Colocacion,0.0,0.0,2.75,5.13735454545455,2.99745454545455,135.695652173913,1.35695652173913,4.05,7.81182226365403,2.38735454545455,1.2999999999999998,False
2019-06-01,2019,6,coloc_titulizacion,Bonos de titulizacion,Titulizacion,Colocacion,0.0,0.0,2.75,4.81719,2.67335,129.15,1.2915,4.0253,7.83626268381355,2.06719,1.2752999999999997,False
2019-07-01,2019,7,coloc_titulizacion,Bonos de titulizacion,Titulizacion,Colocacion,0.0,0.0,2.75,4.4401,2.66909523809524,116.130434782609,1.16130434782609,3.9249,7.77225596262161,1.6901000000000002,1.1749,False
2019-08-01,2019,8,coloc_titulizacion,Bonos de titulizacion,Titulizacion,Colocacion,0.0,0.0,2.5,4.228985,2.34045,127.090909090909,1.2709090909090899,3.7128,7.71228944879112,1.7289849999999998,1.2128,False
2019-09-01,2019,9,coloc_titulizacion,Bonos de titulizacion,Titulizacion,Colocacion,230.0,5.442417710521793,2.5,4.15212380952381,2.41766666666667,116.428571428571,1.1642857142857101,3.5263,7.6926466564655,1.6521238095238102,1.0263,True
2019-10-01,2019,10,coloc_titulizacion,Bonos de titulizacion,Titulizacion,Colocacion,0.0,0.0,2.5,4.07454285714286,2.51552380952381,126.913043478261,1.26913043478261,3.4438,7.65101237137315,1.57454285714286,0.9438,False
2019-11-01,2019,11,coloc_titulizacion,Bonos de titulizacion,Titulizacion,Colocacion,0.0,0.0,2.25,4.23969,2.59395,126.761904761905,1.26761904761905,3.3523,7.56679301096734,1.9896900000000004,1.1023,False
2019-12-01,2019,12,coloc_titulizacion,Bonos de titulizacion,Titulizacion,Colocacion,0.0,0.0,2.25,4.3559380952381,2.512,115.909090909091,1.15909090909091,3.2587,7.44662178370309,2.1059380952381,1.0087000000000002,False
2020-01-01,2020,1,coloc_titulizacion,Bonos de titulizacion,Titulizacion,Colocacion,0.0,0.0,2.25,4.50230909090909,2.40831818181818,113.869565217391,1.13869565217391,3.2747,7.35923135788744,2.2523090909090904,1.0247000000000002,False
2020-02-01,2020,2,coloc_titulizacion,Bonos de titulizacion,Titulizacion,Colocacion,0.0,0.0,2.25,4.258095,2.23695,122.2,1.222,3.1977,7.35390734329301,2.008095,0.9477000000000002,False
2020-03-01,2020,3,coloc_titulizacion,Bonos de titulizacion,Titulizacion,Colocacion,0.0,0.0,1.25,5.08725909090909,2.65986363636364,248.909090909091,2.48909090909091,3.0473,7.29802047761045,3.8372590909090896,1.7973,False
2020-04-01,2020,4,coloc_titulizacion,Bonos de titulizacion,Titulizacion,Colocacion,0.0,0.0,0.25,5.0255,2.57965,277.954545454545,2.77954545454545,2.3516,7.20143184392124,4.7755,2.1016,False
2020-05-01,2020,5,coloc_titulizacion,Bonos de titulizacion,Titulizacion,Colocacion,0.0,0.0,0.25,4.4295,2.3558,222.35,2.2235,1.4852,5.80260325458287,4.1795,1.2352,False
2020-06-01,2020,6,coloc_titulizacion,Bonos de titulizacion,Titulizacion,Colocacion,0.0,0.0,0.25,4.39,2.15714285714286,180.136363636364,1.80136363636364,1.0749,5.00634998054599,4.14,0.8249,False
2020-07-01,2020,7,coloc_titulizacion,Bonos de titulizacion,Titulizacion,Colocacion,0.0,0.0,0.25,4.24045454545455,1.85740909090909,169.347826086957,1.6934782608695702,0.9011,4.83971287679542,3.9904545454545497,0.6511,False
2020-08-01,2020,8,coloc_titulizacion,Bonos de titulizacion,Titulizacion,Colocacion,0.0,0.0,0.25,4.06714285714286,1.65052380952381,145.636363636364,1.4563636363636399,1.09,4.42307239513293,3.8171428571428603,0.8400000000000001,False
2020-09-01,2020,9,coloc_titulizacion,Bonos de titulizacion,Titulizacion,Colocacion,0.0,0.0,0.25,4.18681818181818,1.79659090909091,160.409090909091,1.60409090909091,1.0285,4.30721669458437,3.9368181818181798,0.7785,False
2020-10-01,2020,10,coloc_titulizacion,Bonos de titulizacion,Titulizacion,Colocacion,0.0,0.0,0.25,4.20545454545454,1.76445454545455,150.181818181818,1.50181818181818,0.7759,4.1821950360515,3.95545454545454,0.5259,False
2020-11-01,2020,11,coloc_titulizacion,Bonos de titulizacion,Titulizacion,Colocacion,0.0,0.0,0.25,4.01450476190476,1.78771428571429,147.0,1.47,0.6906,4.09957895654608,3.7645047619047602,0.4406,False
2020-12-01,2020,12,coloc_titulizacion,Bonos de titulizacion,Titulizacion,Colocacion,0.0,0.0,0.25,3.63264285714286,1.73285714285714,143.304347826087,1.4330434782608699,0.6189,4.00137293695925,3.38264285714286,0.3689,False
2021-01-01,2021,1,coloc_titulizacion,Bonos de titulizacion,Titulizacion,Colocacion,0.0,0.0,0.25,3.658,1.81105,131.619047619048,1.31619047619048,0.6644,3.93054875,3.408,0.4144,False
2021-02-01,2021,2,coloc_titulizacion,Bonos de titulizacion,Titulizacion,Colocacion,0.0,0.0,0.25,3.9115,2.0384,138.1,1.381,0.5929,3.88365747957866,3.6615,0.3429,False
2021-03-01,2021,3,coloc_titulizacion,Bonos de titulizacion,Titulizacion,Colocacion,0.0,0.0,0.25,4.68608695652174,2.641,165.086956521739,1.6508695652173901,0.5577,3.84142498051546,4.43608695652174,0.3077,False
2021-04-01,2021,4,coloc_titulizacion,Bonos de titulizacion,Titulizacion,Colocacion,0.0,0.0,0.25,5.09,2.70985,164.5,1.645,0.5062,3.79115747642998,4.84,0.2562,False
2021-05-01,2021,5,coloc_titulizacion,Bonos de titulizacion,Titulizacion,Colocacion,0.0,0.0,0.25,4.99,2.75547619047619,163.571428571429,1.6357142857142901,0.6641,3.73745845968402,4.74,0.4141,False
2021-06-01,2021,6,coloc_titulizacion,Bonos de titulizacion,Titulizacion,Colocacion,0.0,0.0,0.25,5.27323809523809,2.66280952380952,169.227272727273,1.69227272727273,0.9206,3.70401900108905,5.02323809523809,0.6706,False
2021-07-01,2021,7,coloc_titulizacion,Bonos de titulizacion,Titulizacion,Colocacion,0.0,0.0,0.25,5.6647,2.4939,170.0,1.7,0.7924,3.79669316287069,5.4147,0.5424,False
2021-08-01,2021,8,coloc_titulizacion,Bonos de titulizacion,Titulizacion,Colocacion,0.0,0.0,0.5,6.35523809523809,2.57761904761905,183.0,1.83,0.8452,3.81270919613097,5.85523809523809,0.34519999999999995,False
2021-09-01,2021,9,coloc_titulizacion,Bonos de titulizacion,Titulizacion,Colocacion,0.0,0.0,1.0,6.34227272727273,2.60063636363636,174.0,1.74,1.2422,3.88117324129765,5.34227272727273,0.24219999999999997,False
2021-10-01,2021,10,coloc_titulizacion,Bonos de titulizacion,Titulizacion,Colocacion,0.0,0.0,1.5,5.9495,2.75625,171.619047619048,1.7161904761904798,1.7906,3.94905991486097,4.4495,0.29059999999999997,False
2021-11-01,2021,11,coloc_titulizacion,Bonos de titulizacion,Titulizacion,Colocacion,0.0,0.0,2.0,5.86571428571429,2.85347619047619,179.363636363636,1.7936363636363601,2.3431,4.02097586013207,3.86571428571429,0.3431000000000002,False
2021-12-01,2021,12,coloc_titulizacion,Bonos de titulizacion,Titulizacion,Colocacion,0.0,0.0,2.5,5.92563636363636,2.80695454545455,174.304347826087,1.74304347826087,2.8714,4.11394529379854,3.42563636363636,0.37139999999999995,False
2022-01-01,2022,1,coloc_titulizacion,Bonos de titulizacion,Titulizacion,Colocacion,0.0,0.0,3.0,6.07457142857143,3.09204761904762,176.761904761905,1.7676190476190499,3.5743,4.20262820902694,3.0745714285714296,0.5743,False
2022-02-01,2022,2,coloc_titulizacion,Bonos de titulizacion,Titulizacion,Colocacion,0.0,0.0,3.5,6.071,3.4629,197.75,1.9775,4.1679,4.2906273925101,2.5709999999999997,0.6679000000000004,False
2022-03-01,2022,3,coloc_titulizacion,Bonos de titulizacion,Titulizacion,Colocacion,0.0,0.0,4.0,6.59782608695652,3.5704347826087,200.739130434783,2.0073913043478298,4.553,4.39096306762848,2.5978260869565197,0.5529999999999999,False
2022-04-01,2022,4,coloc_titulizacion,Bonos de titulizacion,Titulizacion,Colocacion,0.0,0.0,4.5,7.37315789473684,4.16131578947368,186.666666666667,1.86666666666667,5.3908,4.53163792121834,2.87315789473684,0.8907999999999996,False
2022-05-01,2022,5,coloc_titulizacion,Bonos de titulizacion,Titulizacion,Colocacion,0.0,0.0,5.0,7.92363636363636,4.56222727272727,217.545454545455,2.1754545454545497,6.1156,4.70692227109288,2.9236363636363603,1.1155999999999997,False
2022-06-01,2022,6,coloc_titulizacion,Bonos de titulizacion,Titulizacion,Colocacion,0.0,0.0,5.5,7.858,4.77219047619048,213.545454545455,2.1354545454545497,6.5066,4.95452828665271,2.3579999999999997,1.0065999999999997,False
2022-07-01,2022,7,coloc_titulizacion,Bonos de titulizacion,Titulizacion,Colocacion,0.0,0.0,6.0,8.21631578947368,4.74931578947368,235.428571428571,2.35428571428571,7.1747,5.13409390416655,2.216315789473679,1.1746999999999996,False
2022-08-01,2022,8,coloc_titulizacion,Bonos de titulizacion,Titulizacion,Colocacion,0.0,0.0,6.5,7.90872727272727,4.53818181818182,211.0,2.11,7.8556,5.35904493680998,1.40872727272727,1.3556,False
2022-09-01,2022,9,coloc_titulizacion,Bonos de titulizacion,Titulizacion,Colocacion,0.0,0.0,6.75,8.30590909090909,5.26540909090909,225.273454545455,2.2527345454545498,7.9938,5.58356719333656,1.5559090909090898,1.2438000000000002,False
2022-10-01,2022,10,coloc_titulizacion,Bonos de titulizacion,Titulizacion,Colocacion,0.0,0.0,7.0,8.64571428571429,6.02866666666667,242.587095238095,2.42587095238095,8.2644,5.86119286699759,1.6457142857142895,1.2644000000000002,False
2022-11-01,2022,11,coloc_titulizacion,Bonos de titulizacion,Titulizacion,Colocacion,0.0,0.0,7.25,7.86476190476191,5.48057142857143,203.406909090909,2.03406909090909,8.4504,6.10406191790094,0.6147619047619104,1.2004000000000001,False
2022-12-01,2022,12,coloc_titulizacion,Bonos de titulizacion,Titulizacion,Colocacion,0.0,0.0,7.5,7.8615,5.17145,195.5,1.955,8.7459,6.3692162201999,0.3615000000000004,1.2459000000000007,False
2023-01-01,2023,1,coloc_titulizacion,Bonos de titulizacion,Titulizacion,Colocacion,0.0,0.0,7.75,7.95952380952381,5.21561904761905,207.045454545455,2.0704545454545498,9.4381,6.63189134989598,0.20952380952380967,1.6881000000000004,False
2023-02-01,2023,2,coloc_titulizacion,Bonos de titulizacion,Titulizacion,Colocacion,0.0,0.0,7.75,7.87935,5.3419,192.3,1.923,9.4919,6.850617510557,0.12934999999999963,1.7418999999999993,False
2023-03-01,2023,3,coloc_titulizacion,Bonos de titulizacion,Titulizacion,Colocacion,0.0,0.0,7.75,7.71669565217391,5.34278260869565,203.826086956522,2.03826086956522,9.0567,7.10922194994223,-0.03330434782608993,1.3066999999999993,False
2023-04-01,2023,4,coloc_titulizacion,Bonos de titulizacion,Titulizacion,Colocacion,0.0,0.0,7.75,7.48888888888889,5.19622222222222,201.9,2.019,9.0685,7.38043153540864,-0.2611111111111102,1.3185000000000002,False
2023-05-01,2023,5,coloc_titulizacion,Bonos de titulizacion,Titulizacion,Colocacion,0.0,0.0,7.75,7.275,5.24172727272727,197.391304347826,1.9739130434782601,9.1889,7.61044798189717,-0.47499999999999964,1.4389000000000003,False
2023-06-01,2023,6,coloc_titulizacion,Bonos de titulizacion,Titulizacion,Colocacion,0.0,0.0,7.75,7.07380952380952,5.24138095238095,181.090909090909,1.8109090909090901,9.3105,7.81145511418098,-0.67619047619048,1.5604999999999993,False
2023-07-01,2023,7,coloc_titulizacion,Bonos de titulizacion,Titulizacion,Colocacion,0.0,0.0,7.75,6.7555,5.2575,168.904761904762,1.68904761904762,9.244,7.99690744269487,-0.9945000000000004,1.4939999999999998,False
2023-08-01,2023,8,coloc_titulizacion,Bonos de titulizacion,Titulizacion,Colocacion,0.0,0.0,7.75,6.84409090909091,5.58609090909091,167.227272727273,1.67227272727273,9.041,8.14090107239871,-0.9059090909090903,1.2910000000000004,False
2023-09-01,2023,9,coloc_titulizacion,Bonos de titulizacion,Titulizacion,Colocacion,0.0,0.0,7.5,6.96857142857143,5.81652380952381,169.095238095238,1.6909523809523799,8.8215,8.28878510406768,-0.5314285714285703,1.3215000000000003,False
2023-10-01,2023,10,coloc_titulizacion,Bonos de titulizacion,Titulizacion,Colocacion,0.0,0.0,7.25,7.62454545454545,6.32286363636364,179.954545454545,1.7995454545454501,8.3505,8.44068972530412,0.37454545454544963,1.1005000000000003,False
2023-11-01,2023,11,coloc_titulizacion,Bonos de titulizacion,Titulizacion,Colocacion,0.0,0.0,7.0,7.17190476190476,5.93028571428571,175.181818181818,1.75181818181818,7.9954,8.53156476033984,0.17190476190476023,0.9954000000000001,False
2023-12-01,2023,12,coloc_titulizacion,Bonos de titulizacion,Titulizacion,Colocacion,0.0,0.0,6.75,6.86847368421053,5.22494736842105,162.428571428571,1.62428571428571,7.656,8.62378590230264,0.11847368421052984,0.9059999999999997,False
2024-01-01,2024,1,coloc_titulizacion,Bonos de titulizacion,Titulizacion,Colocacion,0.0,0.0,6.5,6.67952380952381,5.4167619047619,170.434782608696,1.70434782608696,7.294,8.69869046961524,0.1795238095238103,0.7939999999999996,False
2024-02-01,2024,2,coloc_titulizacion,Bonos de titulizacion,Titulizacion,Colocacion,0.0,0.0,6.25,6.75380952380952,5.53071428571429,160.285714285714,1.6028571428571399,6.8902,8.74071778178379,0.5038095238095197,0.6402000000000001,False
2024-03-01,2024,3,coloc_titulizacion,Bonos de titulizacion,Titulizacion,Colocacion,0.0,0.0,6.25,7.00578947368421,5.50626315789474,152.666666666667,1.52666666666667,6.5961,8.76694823582294,0.7557894736842101,0.34609999999999985,False
2024-04-01,2024,4,coloc_titulizacion,Bonos de titulizacion,Titulizacion,Colocacion,0.0,0.0,6.0,7.38204545454545,5.85754545454545,153.772727272727,1.53772727272727,6.4786,8.78031366488921,1.38204545454545,0.47860000000000014,False
2024-05-01,2024,5,coloc_titulizacion,Bonos de titulizacion,Titulizacion,Colocacion,0.0,0.0,5.75,7.09540909090909,5.76072727272727,155.826086956522,1.55826086956522,6.3612,8.80480909118507,1.34540909090909,0.6112000000000002,False
2024-06-01,2024,6,coloc_titulizacion,Bonos de titulizacion,Titulizacion,Colocacion,0.0,0.0,5.75,7.08842105263158,5.63131578947368,160.9,1.609,6.238,8.79372542941437,1.3384210526315803,0.48800000000000043,False
2024-07-01,2024,7,coloc_titulizacion,Bonos de titulizacion,Titulizacion,Colocacion,0.0,0.0,5.75,6.9725,5.5434,158.695652173913,1.58695652173913,5.9434,8.882805081995,1.2225000000000001,0.19339999999999957,False
2024-08-01,2024,8,coloc_titulizacion,Bonos de titulizacion,Titulizacion,Colocacion,0.0,0.0,5.5,6.5835,5.1731,169.5,1.695,5.736,8.92989630054711,1.0835,0.23599999999999977,False
2024-09-01,2024,9,coloc_titulizacion,Bonos de titulizacion,Titulizacion,Colocacion,0.0,0.0,5.25,6.36185714285714,5.02190476190476,162.578947368421,1.6257894736842102,5.5418,8.96187040666967,1.11185714285714,0.2918000000000003,False
2024-10-01,2024,10,coloc_titulizacion,Bonos de titulizacion,Titulizacion,Colocacion,0.0,0.0,5.25,6.52246818181818,5.36572727272727,153.68,1.5368000000000002,5.5019,8.7951748787329,1.27246818181818,0.2519,False
2024-11-01,2024,11,coloc_titulizacion,Bonos de titulizacion,Titulizacion,Colocacion,0.0,0.0,5.0,6.669,5.6087,155.263157894737,1.55263157894737,5.4011,7.44683165341243,1.6689999999999996,0.40109999999999957,False
2024-12-01,2024,12,coloc_titulizacion,Bonos de titulizacion,Titulizacion,Colocacion,0.0,0.0,5.0,6.62515789473684,5.67389473684211,154.380952380952,1.5438095238095202,5.1856,7.47131200827443,1.62515789473684,0.1856,False
2025-01-01,2025,1,coloc_titulizacion,Bonos de titulizacion,Titulizacion,Colocacion,0.0,0.0,4.75,6.69,5.90368181818182,156.761904761905,1.56761904761905,5.0934,7.49907664706817,1.9400000000000004,0.3433999999999999,False
2025-02-01,2025,2,coloc_titulizacion,Bonos de titulizacion,Titulizacion,Colocacion,0.0,0.0,4.75,6.4725,5.74665,158.25,1.5825,5.0581,7.52122935000511,1.7225000000000001,0.3080999999999996,False
2025-03-01,2025,3,coloc_titulizacion,Bonos de titulizacion,Titulizacion,Colocacion,0.0,0.0,4.75,6.4852380952381,5.59780952380952,163.354838709677,1.6335483870967702,4.9808,7.55728149897883,1.7352380952381,0.23080000000000034,False
2025-04-01,2025,4,coloc_titulizacion,Bonos de titulizacion,Titulizacion,Colocacion,0.0,0.0,4.75,6.604,5.6705,177.571428571429,1.77571428571429,5.1185,7.52794557568402,1.854,0.36850000000000005,False
2025-05-01,2025,5,coloc_titulizacion,Bonos de titulizacion,Titulizacion,Colocacion,0.0,0.0,4.5,6.48666666666667,5.60052380952381,158.58064516129,1.5858064516129,5.0515,7.55206145805733,1.98666666666667,0.5514999999999999,False
2025-06-01,2025,6,coloc_titulizacion,Bonos de titulizacion,Titulizacion,Colocacion,0.0,0.0,4.5,6.41190476190476,5.51895238095238,153.833333333333,1.53833333333333,4.9998,7.54014850637851,1.9119047619047604,0.4997999999999996,False
2025-07-01,2025,7,coloc_titulizacion,Bonos de titulizacion,Titulizacion,Colocacion,0.0,0.0,4.5,6.18745,5.5105,140.612903225806,1.4061290322580602,5.0848,7.54163430944622,1.6874500000000001,0.5848000000000004,False
2025-08-01,2025,8,coloc_titulizacion,Bonos de titulizacion,Titulizacion,Colocacion,0.0,0.0,4.5,6.01696,5.3269,133.322580645161,1.33322580645161,5.0419,7.56402905364994,1.51696,0.5419,False
2025-09-01,2025,9,coloc_titulizacion,Bonos de titulizacion,Titulizacion,Colocacion,0.0,0.0,4.25,6.12590909090909,5.11172727272727,124.107142857143,1.24107142857143,4.9333,7.56109725841028,1.87590909090909,0.6833,False
2025-10-01,2025,10,coloc_titulizacion,Bonos de titulizacion,Titulizacion,Colocacion,0.0,0.0,4.25,6.10583636363637,5.07618181818182,123.516129032258,1.23516129032258,4.8992,7.55898200976963,1.85583636363637,0.6492000000000004,False
2025-11-01,2025,11,coloc_titulizacion,Bonos de titulizacion,Titulizacion,Colocacion,0.0,0.0,4.25,6.00445,5.1118,125.6,1.256,4.8408,7.54117283637899,1.7544500000000003,0.5907999999999998,False
2025-12-01,2025,12,coloc_titulizacion,Bonos de titulizacion,Titulizacion,Colocacion,0.0,0.0,4.25,5.82715789473684,5.09484210526316,127.0,1.27,4.7816,7.44751485314968,1.5771578947368399,0.5316000000000001,False
2011-01-01,2011,1,saldo_corporativos,Saldo corporativos,Corporativo,Saldo,14150.3921269692,9.557568281763434,3.25,5.84628571428571,5.165,145.57143,1.4557143,3.8403,7.20480825212354,2.5962857142857096,0.5903,False
2011-02-01,2011,2,saldo_corporativos,Saldo corporativos,Corporativo,Saldo,13902.5720477248,9.539901067955308,3.5,6.01595,5.3764,146.1,1.4609999999999999,4.1328,7.35416964181192,2.51595,0.6327999999999996,False
2011-03-01,2011,3,saldo_corporativos,Saldo corporativos,Corporativo,Saldo,13887.0879126206,9.538786766993907,3.75,6.35333612040134,5.30634782608696,156.78261,1.5678261,4.422,7.45319066124941,2.60333612040134,0.6719999999999997,False
2011-04-01,2011,4,saldo_corporativos,Saldo corporativos,Corporativo,Saldo,13803.9439053568,9.532782060999013,4.0,6.94410092633545,5.65989473684211,192.90476,1.9290476,4.9028,7.47291946579307,2.94410092633545,0.9028,False
2011-05-01,2011,5,saldo_corporativos,Saldo corporativos,Corporativo,Saldo,13728.9247158523,9.527333015560698,4.25,6.72250202228567,5.32847619047619,187.22727,1.8722727000000001,5.3829,7.68962700306516,2.4725020222856697,1.1329000000000002,False
2011-06-01,2011,6,saldo_corporativos,Saldo corporativos,Corporativo,Saldo,13622.903184683,9.519581116084376,4.25,6.45763825900731,5.23528571428572,192.36364,1.9236364000000001,5.6209,7.84986533465833,2.20763825900731,1.3708999999999998,False
2011-07-01,2011,7,saldo_corporativos,Saldo corporativos,Corporativo,Saldo,13530.6812762694,9.512788976288112,4.25,6.23626241920591,5.03678947368421,170.85714,1.7085713999999999,5.4194,7.88181011506081,1.98626241920591,1.1694000000000004,False
2011-08-01,2011,8,saldo_corporativos,Saldo corporativos,Corporativo,Saldo,13369.2025433705,9.500783819074025,4.25,5.92853521749067,4.65814285714286,199.56522,1.9956522,5.3906,7.67811464524686,1.67853521749067,1.1406,False
2011-09-01,2011,9,saldo_corporativos,Saldo corporativos,Corporativo,Saldo,13459.7055662834,9.507530021311002,4.25,5.62017803787122,4.65722727272727,237.45455,2.3745455,5.317,7.7744779683529,1.37017803787122,1.0670000000000002,False
2011-10-01,2011,10,saldo_corporativos,Saldo corporativos,Corporativo,Saldo,13541.5767315952,9.51359383350051,4.25,5.72483222108669,4.7062,231.95238,2.3195238000000002,5.4037,8.06880722181612,1.4748322210866904,1.1536999999999997,False
2011-11-01,2011,11,saldo_corporativos,Saldo corporativos,Corporativo,Saldo,13492.4101552576,9.509956708601457,4.25,5.66734322961868,4.35095238095238,214.18182,2.1418182,5.1702,8.18429932294086,1.4173432296186803,0.9202000000000004,False
2011-12-01,2011,12,saldo_corporativos,Saldo corporativos,Corporativo,Saldo,13764.6512867794,9.529931731152601,4.25,5.6953293398377,4.31715789473684,216.31818,2.1631818000000003,5.3604,8.29255426952091,1.4453293398377003,1.1104000000000003,False
2012-01-01,2012,1,saldo_corporativos,Saldo corporativos,Corporativo,Saldo,13703.0788557551,9.525448794201871,4.25,5.6877609398031,4.34477272727273,219.40909,2.1940909,5.2828,8.25284590289425,1.4377609398031002,1.0328,False
2012-02-01,2012,2,saldo_corporativos,Saldo corporativos,Corporativo,Saldo,13781.3721322461,9.531145672876532,4.25,5.55203643226112,4.07966666666667,199.2381,1.992381,5.3,8.27348386309663,1.3020364322611204,1.0499999999999998,False
2012-03-01,2012,3,saldo_corporativos,Saldo corporativos,Corporativo,Saldo,13608.7734890453,9.518543452527243,4.25,5.40746192764249,3.90677272727273,165.59091,1.6559091000000001,5.2513,8.37300111927793,1.1574619276424896,1.0012999999999996,False
2012-04-01,2012,4,saldo_corporativos,Saldo corporativos,Corporativo,Saldo,13628.6616912462,9.52000370349084,4.25,5.31709184145608,3.745,164.14286,1.6414286000000002,5.265,8.43188843464642,1.0670918414560804,1.0149999999999997,False
2012-05-01,2012,5,saldo_corporativos,Saldo corporativos,Corporativo,Saldo,13931.2918349636,9.541964578364093,4.25,5.1611689535073,3.71418181818182,180.52174,1.8052173999999999,5.1938,8.55555282489058,0.9111689535072998,0.9438000000000004,False
2012-06-01,2012,6,saldo_corporativos,Saldo corporativos,Corporativo,Saldo,13894.1874411945,9.539297831916096,4.25,5.14383563093637,3.59845,188.42857,1.8842857000000002,5.1563,8.60182745997574,0.89383563093637,0.9062999999999999,False
2012-07-01,2012,7,saldo_corporativos,Saldo corporativos,Corporativo,Saldo,14005.087591844,9.54724734207596,4.25,5.02354166666667,3.2648,162.59091,1.6259091,5.1698,8.5929081450795,0.7735416666666701,0.9198000000000004,False
2012-08-01,2012,8,saldo_corporativos,Saldo corporativos,Corporativo,Saldo,14059.6972803434,9.551138757331497,4.25,4.85419437482595,3.13571428571429,133.13043,1.3313043,5.1906,8.68128951453787,0.6041943748259504,0.9405999999999999,False
2012-09-01,2012,9,saldo_corporativos,Saldo corporativos,Corporativo,Saldo,13853.4215860276,9.536359708755292,4.25,4.67659618205868,3.06225,124.0,1.24,5.1102,8.72151201615506,0.4265961820586801,0.8601999999999999,False
2012-10-01,2012,10,saldo_corporativos,Saldo corporativos,Corporativo,Saldo,14228.6331172596,9.563081908408563,4.25,4.55363674242424,2.9236,108.04348,1.0804348,5.0611,8.76811775572671,0.3036367424242403,0.8110999999999997,False
2012-11-01,2012,11,saldo_corporativos,Saldo corporativos,Corporativo,Saldo,14338.337165235,9.570761890298346,4.25,4.45981283452211,2.9668,122.95455,1.2295455,5.0593,8.8966005994144,0.20981283452211041,0.8093000000000004,False
2012-12-01,2012,12,saldo_corporativos,Saldo corporativos,Corporativo,Saldo,13345.0102403209,9.498972760758395,4.25,4.16331561657297,3.01164705882353,117.19048,1.1719047999999999,5.0304,9.0631777919402,-0.08668438342702967,0.7804000000000002,False
2013-01-01,2013,1,saldo_corporativos,Saldo corporativos,Corporativo,Saldo,13293.1844065593,9.495081955917934,4.25,4.06750469795356,3.08854545454545,110.04348,1.1004348,5.0298,9.04238006585355,-0.1824953020464397,0.7797999999999998,False
2013-02-01,2013,2,saldo_corporativos,Saldo corporativos,Corporativo,Saldo,13314.803715735,9.49670685810377,4.25,4.15190764118355,3.29463157894737,127.05,1.2705,4.8751,9.14940540258296,-0.09809235881644973,0.6250999999999998,False
2013-03-01,2013,3,saldo_corporativos,Saldo corporativos,Corporativo,Saldo,13359.0851295588,9.500026819043299,4.25,4.14838614187719,3.28557894736842,140.28571,1.4028570999999999,4.6881,9.21137994314266,-0.10161385812280965,0.4381000000000004,False
2013-04-01,2013,4,saldo_corporativos,Saldo corporativos,Corporativo,Saldo,13224.7916132158,9.48992411226713,4.25,4.05634051937754,3.06895454545455,132.54545,1.3254545,4.4482,9.15560271564023,-0.1936594806224603,0.19819999999999993,False
2013-05-01,2013,5,saldo_corporativos,Saldo corporativos,Corporativo,Saldo,12186.9842748094,9.40820584988565,4.25,4.20181818181818,3.25236363636364,133.73913,1.3373913,4.3607,9.04071529297496,-0.04818181818181966,0.11069999999999958,False
2013-06-01,2013,6,saldo_corporativos,Saldo corporativos,Corporativo,Saldo,12061.6357858634,9.397868002443026,4.25,5.31946716260051,4.04315789473684,179.8,1.798,4.4862,8.9853489227944,1.0694671626005103,0.2362000000000002,False
2013-07-01,2013,7,saldo_corporativos,Saldo corporativos,Corporativo,Saldo,12064.2797320217,9.398087163204503,4.25,5.26015228899572,4.29876190476191,175.69565,1.7569565,4.7471,8.80484910504589,1.0101522889957204,0.49709999999999965,False
2013-08-01,2013,8,saldo_corporativos,Saldo corporativos,Corporativo,Saldo,12141.4821423738,9.404465503547524,4.25,5.46271259667266,4.54695238095238,190.54545,1.9054544999999998,4.6554,8.66943327215367,1.2127125966726604,0.4054000000000002,False
2013-09-01,2013,9,saldo_corporativos,Saldo corporativos,Corporativo,Saldo,11855.9894203592,9.38067279718806,4.25,5.60047619047619,4.56314285714286,183.38095,1.8338095,4.7181,8.56490763208247,1.35047619047619,0.46809999999999974,False
2013-10-01,2013,10,saldo_corporativos,Saldo corporativos,Corporativo,Saldo,11898.0041896369,9.384209994055007,4.25,5.31727272727273,4.27340909090909,172.86957,1.7286957,4.7076,8.54906118892347,1.06727272727273,0.45760000000000023,False
2013-11-01,2013,11,saldo_corporativos,Saldo corporativos,Corporativo,Saldo,11992.6057189323,9.392128929995883,4.0,5.467,4.4478,183.42857,1.8342857000000001,4.5043,8.51866990480899,1.4669999999999996,0.5042999999999997,False
2013-12-01,2013,12,saldo_corporativos,Saldo corporativos,Corporativo,Saldo,11995.4154476574,9.392363171451397,4.0,5.6055,4.49425,176.54545,1.7654545,4.4875,8.46225460748768,1.6055000000000001,0.4874999999999998,False
2014-01-01,2014,1,saldo_corporativos,Saldo corporativos,Corporativo,Saldo,11700.3130084365,9.367456337432614,4.0,5.72,4.45445454545454,176.0,1.76,4.4809,8.39783279820295,1.7199999999999998,0.4809000000000001,False
2014-02-01,2014,2,saldo_corporativos,Saldo corporativos,Corporativo,Saldo,11790.4579980896,9.375130649845762,4.0,6.4255,4.365,182.25,1.8225,4.7948,8.37410848580069,2.4255000000000004,0.7948000000000004,False
2014-03-01,2014,3,saldo_corporativos,Saldo corporativos,Corporativo,Saldo,11726.4491539943,9.369687454571325,4.0,6.16490476190476,4.16752380952381,167.2381,1.6723810000000001,4.9354,8.34926199159022,2.1649047619047597,0.9353999999999996,False
2014-04-01,2014,4,saldo_corporativos,Saldo corporativos,Corporativo,Saldo,11648.3461440413,9.363005332443786,4.0,5.951,4.01075,153.54545,1.5354545,5.0225,8.28488301493797,1.9509999999999996,1.0225,False
2014-05-01,2014,5,saldo_corporativos,Saldo corporativos,Corporativo,Saldo,11475.4473639688,9.348052158911061,4.0,5.64095238095238,3.83219047619048,149.40909,1.4940909,5.0269,8.25593549390221,1.6409523809523803,1.0269000000000004,False
2014-06-01,2014,6,saldo_corporativos,Saldo corporativos,Corporativo,Saldo,11524.1410231342,9.352286104070611,4.0,5.37238095238095,3.78709523809524,145.42857,1.4542857,4.9535,8.29752109735162,1.3723809523809498,0.9535,False
2014-07-01,2014,7,saldo_corporativos,Saldo corporativos,Corporativo,Saldo,11498.5503675576,9.350063215113725,3.75,5.177,3.73633333333333,146.34783,1.4634782999999998,4.7393,8.28877174921292,1.4269999999999996,0.9893000000000001,False
2014-08-01,2014,8,saldo_corporativos,Saldo corporativos,Corporativo,Saldo,11451.8813990455,9.345996627895351,3.75,5.19790476190476,3.69519047619048,157.28571,1.5728571,4.6087,8.30605360218592,1.44790476190476,0.8586999999999998,False
2014-09-01,2014,9,saldo_corporativos,Saldo corporativos,Corporativo,Saldo,11716.7245190746,9.368857890618164,3.5,5.33545454545455,3.79531818181818,149.68182,1.4968181999999999,4.4861,8.3415644243909,1.8354545454545503,0.9861000000000004,False
2014-10-01,2014,10,saldo_corporativos,Saldo corporativos,Corporativo,Saldo,11436.4024763789,9.344644182892027,3.5,5.35995454545454,3.74259090909091,170.26087,1.7026087,4.4428,8.35015609539825,1.8599545454545403,0.9428000000000001,False
2014-11-01,2014,11,saldo_corporativos,Saldo corporativos,Corporativo,Saldo,11264.3198217385,9.329484243207986,3.5,5.43935,3.654,165.35,1.6535,4.4378,8.3363985675794,1.9393500000000001,0.9378000000000002,False
2014-12-01,2014,12,saldo_corporativos,Saldo corporativos,Corporativo,Saldo,11448.2052176196,9.345675593264838,3.5,5.35971428571429,3.70204761904762,181.91304,1.8191304,4.6632,8.31860821111633,1.8597142857142899,1.1631999999999998,False
2015-01-01,2015,1,saldo_corporativos,Saldo corporativos,Corporativo,Saldo,12179.415824247,9.407584680602891,3.25,5.2966,3.5399,201.22727,2.0122727,4.4829,8.20330799624513,2.0465999999999998,1.2328999999999999,False
2015-02-01,2015,2,saldo_corporativos,Saldo corporativos,Corporativo,Saldo,12471.4517853446,9.431277634050799,3.25,5.2855,3.34735,182.85,1.8285,4.1728,8.24620644636677,2.0355,0.9227999999999996,False
2015-03-01,2015,3,saldo_corporativos,Saldo corporativos,Corporativo,Saldo,12315.0292370864,9.418656882952453,3.25,5.52668181818182,3.41931818181818,184.45455,1.8445455000000002,4.1913,8.210629086703,2.27668181818182,0.9413,False
2015-04-01,2015,4,saldo_corporativos,Saldo corporativos,Corporativo,Saldo,12235.2551128275,9.412158554418234,3.25,5.53809090909091,3.20913636363636,176.95455,1.7695455000000002,4.3667,8.10086813334164,2.2880909090909096,1.1166999999999998,False
2015-05-01,2015,5,saldo_corporativos,Saldo corporativos,Corporativo,Saldo,12698.9549459906,9.449353724880595,3.25,5.9019,3.41675,165.90476,1.6590476,4.4803,8.10144847599015,2.6519000000000004,1.2302999999999997,False
2015-06-01,2015,6,saldo_corporativos,Saldo corporativos,Corporativo,Saldo,12753.989934606,9.453677841442397,3.25,6.17166666666667,3.68176190476191,176.5,1.765,4.1341,8.07126454169475,2.9216666666666704,0.8841000000000001,False
2015-07-01,2015,7,saldo_corporativos,Saldo corporativos,Corporativo,Saldo,13370.7302277637,9.500898072924555,3.25,6.47165,3.7191,186.69565,1.8669565,4.1685,7.9716830509417,3.2216500000000003,0.9184999999999999,False
2015-08-01,2015,8,saldo_corporativos,Saldo corporativos,Corporativo,Saldo,13350.5628634169,9.499388725397164,3.25,6.66319047619047,3.91719047619048,217.47619,2.1747619,4.483,7.91908792812927,3.4131904761904703,1.2329999999999997,False
2015-09-01,2015,9,saldo_corporativos,Saldo corporativos,Corporativo,Saldo,13457.0517234928,9.507332847067731,3.5,7.23577272727273,4.06622727272727,234.27273,2.3427273,4.9268,7.91020063074947,3.73577272727273,1.4268,False
2015-10-01,2015,10,saldo_corporativos,Saldo corporativos,Corporativo,Saldo,13491.0777280672,9.509857957213509,3.5,7.01072727272727,3.864,225.90909,2.2590909,4.7596,7.87004699148263,3.5107272727272703,1.2595999999999998,False
2015-11-01,2015,11,saldo_corporativos,Saldo corporativos,Corporativo,Saldo,13507.0606854912,9.51104187405468,3.5,6.69261904761905,3.95257142857143,218.90476,2.1890476000000003,4.8417,7.87714043536655,3.1926190476190497,1.3417000000000003,False
2015-12-01,2015,12,saldo_corporativos,Saldo corporativos,Corporativo,Saldo,13833.9695110246,9.534954688461793,3.75,6.70786363636364,4.07954545454545,236.65217,2.3665217000000003,4.9317,7.89924707101221,2.9578636363636397,1.1817000000000002,False
2016-01-01,2016,1,saldo_corporativos,Saldo corporativos,Corporativo,Saldo,13866.0424978752,9.537270260426114,4.0,7.02015,4.238,267.05,2.6705,4.9884,7.90094495650674,3.02015,0.9884000000000004,False
2016-02-01,2016,2,saldo_corporativos,Saldo corporativos,Corporativo,Saldo,13856.8886402277,9.53660992637987,4.25,7.34585714285714,4.0577619047619,282.38095,2.8238095,5.2324,7.92111679006339,3.09585714285714,0.9824000000000002,False
2016-03-01,2016,3,saldo_corporativos,Saldo corporativos,Corporativo,Saldo,13985.2072273206,9.545826924922284,4.25,7.139,3.50990476190476,226.82609,2.2682609,5.3779,7.96682877995631,2.8890000000000002,1.1279000000000003,False
2016-04-01,2016,4,saldo_corporativos,Saldo corporativos,Corporativo,Saldo,14248.5400187664,9.564479905790993,4.25,6.54485714285714,3.22447619047619,210.04762,2.1004762,5.3769,8.02653324572007,2.29485714285714,1.1269,False
2016-05-01,2016,5,saldo_corporativos,Saldo corporativos,Corporativo,Saldo,14367.5998650673,9.572800539744755,4.25,6.26581818181818,3.22086363636364,207.95455,2.0795455,5.4266,8.05332430208037,2.0158181818181804,1.1765999999999996,False
2016-06-01,2016,6,saldo_corporativos,Saldo corporativos,Corporativo,Saldo,14988.7628417275,9.615122769872588,4.25,6.08436363636364,3.06422727272727,209.90909,2.0990908999999998,5.5167,8.05980500628028,1.8343636363636397,1.2667000000000002,False
2016-07-01,2016,7,saldo_corporativos,Saldo corporativos,Corporativo,Saldo,15258.9093389097,9.63298436372707,4.25,5.75652380952381,2.6487619047619,184.19048,1.8419048,5.4174,8.07355987597862,1.5065238095238103,1.1673999999999998,False
2016-08-01,2016,8,saldo_corporativos,Saldo corporativos,Corporativo,Saldo,15530.2693018978,9.650610645056394,4.25,5.63617391304348,2.54117391304348,169.6087,1.696087,5.0871,8.10525299480707,1.3861739130434803,0.8371000000000004,False
2016-09-01,2016,9,saldo_corporativos,Saldo corporativos,Corporativo,Saldo,15569.4678981599,9.653131315639191,4.25,5.79354545454546,2.60722727272727,161.77273,1.6177272999999999,4.9469,8.14204903341092,1.5435454545454599,0.6969000000000003,False
2016-10-01,2016,10,saldo_corporativos,Saldo corporativos,Corporativo,Saldo,15966.8321005414,9.678331483750311,4.25,5.77085714285714,2.75419047619048,146.52381,1.4652380999999999,4.9397,8.19877047542736,1.5208571428571398,0.6897000000000002,False
2016-11-01,2016,11,saldo_corporativos,Saldo corporativos,Corporativo,Saldo,16054.8343674033,9.683827574491431,4.25,6.30986363636364,3.41454545454546,167.81818,1.6781818000000002,4.9515,8.23694628022982,2.05986363636364,0.7015000000000002,False
2016-12-01,2016,12,saldo_corporativos,Saldo corporativos,Corporativo,Saldo,15874.2581934769,9.672517087784657,4.25,6.44685714285714,3.71609523809524,164.72727,1.6472727,5.1925,8.2550705470513,2.19685714285714,0.9424999999999999,False
2017-01-01,2017,1,saldo_corporativos,Saldo corporativos,Corporativo,Saldo,15719.2808908773,9.662706934199978,4.25,6.35095454545454,3.49077272727273,157.3,1.5730000000000002,5.1127,8.28179495378865,2.10095454545454,0.8627000000000002,False
2017-02-01,2017,2,saldo_corporativos,Saldo corporativos,Corporativo,Saldo,15670.7188311475,9.659613018622926,4.25,6.26035,3.3545,152.105263157895,1.5210526315789499,5.0111,8.32931743428592,2.01035,0.7610999999999999,False
2017-03-01,2017,3,saldo_corporativos,Saldo corporativos,Corporativo,Saldo,16101.800941203,9.686748507344559,4.25,6.09739130434783,3.29430434782609,141.086956521739,1.4108695652173902,4.9649,8.37276932880972,1.8473913043478296,0.7149000000000001,False
2017-04-01,2017,4,saldo_corporativos,Saldo corporativos,Corporativo,Saldo,16213.2199804342,9.693643912769925,4.25,5.87055555555556,3.22022222222222,149.444444444444,1.49444444444444,4.9442,8.44035905120784,1.6205555555555602,0.6942000000000004,False
2017-05-01,2017,5,saldo_corporativos,Saldo corporativos,Corporativo,Saldo,16107.1324216797,9.687079542801701,4.0,5.71772727272727,3.17468181818182,141.181818181818,1.4118181818181799,4.7097,8.45666595004032,1.71772727272727,0.7096999999999998,False
2017-06-01,2017,6,saldo_corporativos,Saldo corporativos,Corporativo,Saldo,16458.5881235656,9.708663451048336,4.0,5.57905,2.99295,143.5,1.435,4.5507,8.454424616211,1.5790499999999996,0.5507,False
2017-07-01,2017,7,saldo_corporativos,Saldo corporativos,Corporativo,Saldo,16522.8777035687,9.712561747349634,3.75,5.65947368421053,3.11636842105263,141.9,1.419,4.4816,8.44411294629431,1.9094736842105302,0.7316000000000003,False
2017-08-01,2017,8,saldo_corporativos,Saldo corporativos,Corporativo,Saldo,16446.0623563894,9.707902160087484,3.75,5.46204347826087,3.00717391304348,155.391304347826,1.55391304347826,4.2758,8.43404834891398,1.7120434782608704,0.5258000000000003,False
2017-09-01,2017,9,saldo_corporativos,Saldo corporativos,Corporativo,Saldo,16965.7793944896,9.73901255792444,3.5,5.34190476190476,2.89152380952381,144.0,1.44,3.8977,8.44522716285084,1.8419047619047602,0.39769999999999994,False
2017-10-01,2017,10,saldo_corporativos,Saldo corporativos,Corporativo,Saldo,16666.6009197258,9.721222049354688,3.5,5.26331818181818,3.01395454545455,139.619047619048,1.39619047619048,3.6451,8.42541769425409,1.76331818181818,0.14509999999999978,False
2017-11-01,2017,11,saldo_corporativos,Saldo corporativos,Corporativo,Saldo,17101.0709604648,9.746954843956784,3.25,5.2997619047619,2.99557142857143,138.809523809524,1.38809523809524,3.5737,8.42632584501934,2.0497619047619002,0.3237000000000001,False
2017-12-01,2017,12,saldo_corporativos,Saldo corporativos,Corporativo,Saldo,17103.9654016948,9.74712407470839,3.25,5.24947368421053,3.04447368421053,136.15,1.3615000000000002,3.5602,8.40796475027092,1.99947368421053,0.31020000000000003,False
2018-01-01,2018,1,saldo_corporativos,Saldo corporativos,Corporativo,Saldo,16627.5289729623,9.718875112048531,3.0,4.81809523809524,3.11365,116.608695652174,1.16608695652174,3.4641,8.33453950449729,1.81809523809524,0.4641000000000002,False
2018-02-01,2018,2,saldo_corporativos,Saldo corporativos,Corporativo,Saldo,16789.911162543,9.728593016767258,3.0,4.7945,3.593,132.2,1.3219999999999998,3.3265,8.332922967143,1.7945000000000002,0.3264999999999998,False
2018-03-01,2018,3,saldo_corporativos,Saldo corporativos,Corporativo,Saldo,16370.6293550029,9.70330519839945,2.75,4.845,3.66215,147.045454545455,1.47045454545455,3.2356,8.2719700517584,2.0949999999999998,0.4855999999999998,False
2018-04-01,2018,4,saldo_corporativos,Saldo corporativos,Corporativo,Saldo,16473.1068971896,9.709545148322535,2.75,5.0242,3.61835,145.238095238095,1.45238095238095,3.1521,8.18550089578463,2.2742000000000004,0.4020999999999999,False
2018-05-01,2018,5,saldo_corporativos,Saldo corporativos,Corporativo,Saldo,16592.5652778966,9.716770265333558,2.75,5.47227272727273,3.91371428571429,157.695652173913,1.5769565217391301,3.2427,8.15812519738456,2.7222727272727303,0.49270000000000014,False
2018-06-01,2018,6,saldo_corporativos,Saldo corporativos,Corporativo,Saldo,16850.0310915699,9.732167126286367,2.75,5.6626,3.8928,163.333333333333,1.63333333333333,3.4706,8.09929298476305,2.9126000000000003,0.7206000000000001,False
2018-07-01,2018,7,saldo_corporativos,Saldo corporativos,Corporativo,Saldo,17370.8293495625,9.76260517030244,2.75,5.48476190476191,3.7164,150.954545454545,1.50954545454545,3.6566,8.06241536178339,2.7347619047619096,0.9066000000000001,False
2018-08-01,2018,8,saldo_corporativos,Saldo corporativos,Corporativo,Saldo,17338.7470473477,9.76075666241658,2.75,5.4252380952381,3.73752380952381,149.260869565217,1.49260869565217,3.7944,8.02901926695809,2.6752380952381003,1.0444,False
2018-09-01,2018,9,saldo_corporativos,Saldo corporativos,Corporativo,Saldo,17322.9193373345,9.759843446201218,2.75,5.5175,3.76705263157895,139.9,1.399,3.8758,7.9700014831202,2.7675,1.1258,False
2018-10-01,2018,10,saldo_corporativos,Saldo corporativos,Corporativo,Saldo,17779.8260228376,9.785875965966126,2.75,5.73181818181818,3.97654545454545,142.695652173913,1.42695652173913,3.9819,7.91051162555102,2.9818181818181797,1.2319,False
2018-11-01,2018,11,saldo_corporativos,Saldo corporativos,Corporativo,Saldo,18081.8123521397,9.802717172299655,2.75,5.727,4.0345,156.863636363636,1.56863636363636,4.123,7.85637030572794,2.9770000000000003,1.3730000000000002,False
2018-12-01,2018,12,saldo_corporativos,Saldo corporativos,Corporativo,Saldo,17777.6299534362,9.78575245061169,2.75,5.74363157894737,3.77252631578947,164.809523809524,1.64809523809524,4.3114,7.82982951832825,2.9936315789473698,1.5614,False
2019-01-01,2019,1,saldo_corporativos,Saldo corporativos,Corporativo,Saldo,17704.8602682288,9.781650952364682,2.75,5.58772727272727,3.5215,152.391304347826,1.5239130434782602,4.5276,7.77412480756175,2.83772727272727,1.7775999999999996,False
2019-02-01,2019,2,saldo_corporativos,Saldo corporativos,Corporativo,Saldo,18172.209324541,9.807703773451122,2.75,5.4945,3.3507,139.5,1.395,4.3563,7.79885572718277,2.7445000000000004,1.6063,False
2019-03-01,2019,3,saldo_corporativos,Saldo corporativos,Corporativo,Saldo,18230.098590904,9.81088412866027,2.75,5.29923809523809,3.15290476190476,135.666666666667,1.35666666666667,4.0849,7.81020891110979,2.54923809523809,1.3349000000000002,False
2019-04-01,2019,4,saldo_corporativos,Saldo corporativos,Corporativo,Saldo,17722.4174882882,9.782642066076752,2.75,5.2158,3.0446,122.363636363636,1.22363636363636,4.0403,7.8131751460884,2.4657999999999998,1.2903000000000002,False
2019-05-01,2019,5,saldo_corporativos,Saldo corporativos,Corporativo,Saldo,17747.8653775391,9.784076870468276,2.75,5.13735454545455,2.99745454545455,135.695652173913,1.35695652173913,4.05,7.81182226365403,2.38735454545455,1.2999999999999998,False
2019-06-01,2019,6,saldo_corporativos,Saldo corporativos,Corporativo,Saldo,17454.3490317829,9.767401415431047,2.75,4.81719,2.67335,129.15,1.2915,4.0253,7.83626268381355,2.06719,1.2752999999999997,False
2019-07-01,2019,7,saldo_corporativos,Saldo corporativos,Corporativo,Saldo,17737.0077600544,9.783464947418228,2.75,4.4401,2.66909523809524,116.130434782609,1.16130434782609,3.9249,7.77225596262161,1.6901000000000002,1.1749,False
2019-08-01,2019,8,saldo_corporativos,Saldo corporativos,Corporativo,Saldo,17778.4402286562,9.785798025369601,2.5,4.228985,2.34045,127.090909090909,1.2709090909090899,3.7128,7.71228944879112,1.7289849999999998,1.2128,False
2019-09-01,2019,9,saldo_corporativos,Saldo corporativos,Corporativo,Saldo,17931.1759355987,9.794351916491905,2.5,4.15212380952381,2.41766666666667,116.428571428571,1.1642857142857101,3.5263,7.6926466564655,1.6521238095238102,1.0263,False
2019-10-01,2019,10,saldo_corporativos,Saldo corporativos,Corporativo,Saldo,18202.0622570791,9.80934511479492,2.5,4.07454285714286,2.51552380952381,126.913043478261,1.26913043478261,3.4438,7.65101237137315,1.57454285714286,0.9438,False
2019-11-01,2019,11,saldo_corporativos,Saldo corporativos,Corporativo,Saldo,18295.3726501121,9.814458103341288,2.25,4.23969,2.59395,126.761904761905,1.26761904761905,3.3523,7.56679301096734,1.9896900000000004,1.1023,False
2019-12-01,2019,12,saldo_corporativos,Saldo corporativos,Corporativo,Saldo,18144.9529859186,9.80620283884771,2.25,4.3559380952381,2.512,115.909090909091,1.15909090909091,3.2587,7.44662178370309,2.1059380952381,1.0087000000000002,False
2020-01-01,2020,1,saldo_corporativos,Saldo corporativos,Corporativo,Saldo,17653.6311014306,9.778753413294602,2.25,4.50230909090909,2.40831818181818,113.869565217391,1.13869565217391,3.2747,7.35923135788744,2.2523090909090904,1.0247000000000002,False
2020-02-01,2020,2,saldo_corporativos,Saldo corporativos,Corporativo,Saldo,17693.0905262704,9.780985994243107,2.25,4.258095,2.23695,122.2,1.222,3.1977,7.35390734329301,2.008095,0.9477000000000002,False
2020-03-01,2020,3,saldo_corporativos,Saldo corporativos,Corporativo,Saldo,17606.5399230548,9.776082494006165,1.25,5.08725909090909,2.65986363636364,248.909090909091,2.48909090909091,3.0473,7.29802047761045,3.8372590909090896,1.7973,False
2020-04-01,2020,4,saldo_corporativos,Saldo corporativos,Corporativo,Saldo,17536.0739540471,9.772072430689944,0.25,5.0255,2.57965,277.954545454545,2.77954545454545,2.3516,7.20143184392124,4.7755,2.1016,False
2020-05-01,2020,5,saldo_corporativos,Saldo corporativos,Corporativo,Saldo,17511.6241074512,9.770677277412512,0.25,4.4295,2.3558,222.35,2.2235,1.4852,5.80260325458287,4.1795,1.2352,False
2020-06-01,2020,6,saldo_corporativos,Saldo corporativos,Corporativo,Saldo,17384.4056304415,9.763386376378081,0.25,4.39,2.15714285714286,180.136363636364,1.80136363636364,1.0749,5.00634998054599,4.14,0.8249,False
2020-07-01,2020,7,saldo_corporativos,Saldo corporativos,Corporativo,Saldo,17361.8464702455,9.762087941953233,0.25,4.24045454545455,1.85740909090909,169.347826086957,1.6934782608695702,0.9011,4.83971287679542,3.9904545454545497,0.6511,False
2020-08-01,2020,8,saldo_corporativos,Saldo corporativos,Corporativo,Saldo,17118.6166558833,9.747980257849436,0.25,4.06714285714286,1.65052380952381,145.636363636364,1.4563636363636399,1.09,4.42307239513293,3.8171428571428603,0.8400000000000001,False
2020-09-01,2020,9,saldo_corporativos,Saldo corporativos,Corporativo,Saldo,17072.1049847546,9.745259696420874,0.25,4.18681818181818,1.79659090909091,160.409090909091,1.60409090909091,1.0285,4.30721669458437,3.9368181818181798,0.7785,False
2020-10-01,2020,10,saldo_corporativos,Saldo corporativos,Corporativo,Saldo,17038.8505853663,9.743310031880444,0.25,4.20545454545454,1.76445454545455,150.181818181818,1.50181818181818,0.7759,4.1821950360515,3.95545454545454,0.5259,False
2020-11-01,2020,11,saldo_corporativos,Saldo corporativos,Corporativo,Saldo,16594.2834297679,9.716873803234975,0.25,4.01450476190476,1.78771428571429,147.0,1.47,0.6906,4.09957895654608,3.7645047619047602,0.4406,False
2020-12-01,2020,12,saldo_corporativos,Saldo corporativos,Corporativo,Saldo,16805.3496916662,9.729512051820553,0.25,3.63264285714286,1.73285714285714,143.304347826087,1.4330434782608699,0.6189,4.00137293695925,3.38264285714286,0.3689,False
2021-01-01,2021,1,saldo_corporativos,Saldo corporativos,Corporativo,Saldo,16757.2621465784,9.726646678121558,0.25,3.658,1.81105,131.619047619048,1.31619047619048,0.6644,3.93054875,3.408,0.4144,False
2021-02-01,2021,2,saldo_corporativos,Saldo corporativos,Corporativo,Saldo,16718.5919294077,9.724336480204954,0.25,3.9115,2.0384,138.1,1.381,0.5929,3.88365747957866,3.6615,0.3429,False
2021-03-01,2021,3,saldo_corporativos,Saldo corporativos,Corporativo,Saldo,16663.6674792627,9.721046037303209,0.25,4.68608695652174,2.641,165.086956521739,1.6508695652173901,0.5577,3.84142498051546,4.43608695652174,0.3077,False
2021-04-01,2021,4,saldo_corporativos,Saldo corporativos,Corporativo,Saldo,16630.6909680096,9.719065248798225,0.25,5.09,2.70985,164.5,1.645,0.5062,3.79115747642998,4.84,0.2562,False
2021-05-01,2021,5,saldo_corporativos,Saldo corporativos,Corporativo,Saldo,16524.3200576514,9.712649032620158,0.25,4.99,2.75547619047619,163.571428571429,1.6357142857142901,0.6641,3.73745845968402,4.74,0.4141,False
2021-06-01,2021,6,saldo_corporativos,Saldo corporativos,Corporativo,Saldo,16111.2416321745,9.687334611877574,0.25,5.27323809523809,2.66280952380952,169.227272727273,1.69227272727273,0.9206,3.70401900108905,5.02323809523809,0.6706,False
2021-07-01,2021,7,saldo_corporativos,Saldo corporativos,Corporativo,Saldo,15817.6166983684,9.668942797445974,0.25,5.6647,2.4939,170.0,1.7,0.7924,3.79669316287069,5.4147,0.5424,False
2021-08-01,2021,8,saldo_corporativos,Saldo corporativos,Corporativo,Saldo,15783.9346198533,9.666811259067346,0.5,6.35523809523809,2.57761904761905,183.0,1.83,0.8452,3.81270919613097,5.85523809523809,0.34519999999999995,False
2021-09-01,2021,9,saldo_corporativos,Saldo corporativos,Corporativo,Saldo,15662.5151315959,9.659089409975307,1.0,6.34227272727273,2.60063636363636,174.0,1.74,1.2422,3.88117324129765,5.34227272727273,0.24219999999999997,False
2021-10-01,2021,10,saldo_corporativos,Saldo corporativos,Corporativo,Saldo,15488.482946213,9.647916553009573,1.5,5.9495,2.75625,171.619047619048,1.7161904761904798,1.7906,3.94905991486097,4.4495,0.29059999999999997,False
2021-11-01,2021,11,saldo_corporativos,Saldo corporativos,Corporativo,Saldo,15277.8056257235,9.63422189380961,2.0,5.86571428571429,2.85347619047619,179.363636363636,1.7936363636363601,2.3431,4.02097586013207,3.86571428571429,0.3431000000000002,False
2021-12-01,2021,12,saldo_corporativos,Saldo corporativos,Corporativo,Saldo,15016.1629380279,9.616949021859673,2.5,5.92563636363636,2.80695454545455,174.304347826087,1.74304347826087,2.8714,4.11394529379854,3.42563636363636,0.37139999999999995,False
2022-01-01,2022,1,saldo_corporativos,Saldo corporativos,Corporativo,Saldo,14950.1020099059,9.612540289139345,3.0,6.07457142857143,3.09204761904762,176.761904761905,1.7676190476190499,3.5743,4.20262820902694,3.0745714285714296,0.5743,False
2022-02-01,2022,2,saldo_corporativos,Saldo corporativos,Corporativo,Saldo,14864.1525519803,9.606774997874009,3.5,6.071,3.4629,197.75,1.9775,4.1679,4.2906273925101,2.5709999999999997,0.6679000000000004,False
2022-03-01,2022,3,saldo_corporativos,Saldo corporativos,Corporativo,Saldo,14701.0081089488,9.59573936948801,4.0,6.59782608695652,3.5704347826087,200.739130434783,2.0073913043478298,4.553,4.39096306762848,2.5978260869565197,0.5529999999999999,False
2022-04-01,2022,4,saldo_corporativos,Saldo corporativos,Corporativo,Saldo,14667.940209806,9.593487626523768,4.5,7.37315789473684,4.16131578947368,186.666666666667,1.86666666666667,5.3908,4.53163792121834,2.87315789473684,0.8907999999999996,False
2022-05-01,2022,5,saldo_corporativos,Saldo corporativos,Corporativo,Saldo,14449.5904301786,9.578490552925794,5.0,7.92363636363636,4.56222727272727,217.545454545455,2.1754545454545497,6.1156,4.70692227109288,2.9236363636363603,1.1155999999999997,False
2022-06-01,2022,6,saldo_corporativos,Saldo corporativos,Corporativo,Saldo,14472.4750224672,9.580072944384646,5.5,7.858,4.77219047619048,213.545454545455,2.1354545454545497,6.5066,4.95452828665271,2.3579999999999997,1.0065999999999997,False
2022-07-01,2022,7,saldo_corporativos,Saldo corporativos,Corporativo,Saldo,14115.9315974223,9.555130178467792,6.0,8.21631578947368,4.74931578947368,235.428571428571,2.35428571428571,7.1747,5.13409390416655,2.216315789473679,1.1746999999999996,False
2022-08-01,2022,8,saldo_corporativos,Saldo corporativos,Corporativo,Saldo,13848.3965835838,9.535996942694084,6.5,7.90872727272727,4.53818181818182,211.0,2.11,7.8556,5.35904493680998,1.40872727272727,1.3556,False
2022-09-01,2022,9,saldo_corporativos,Saldo corporativos,Corporativo,Saldo,13774.2898128912,9.53063167284816,6.75,8.30590909090909,5.26540909090909,225.273454545455,2.2527345454545498,7.9938,5.58356719333656,1.5559090909090898,1.2438000000000002,False
2022-10-01,2022,10,saldo_corporativos,Saldo corporativos,Corporativo,Saldo,13298.6875660428,9.495495822658944,7.0,8.64571428571429,6.02866666666667,242.587095238095,2.42587095238095,8.2644,5.86119286699759,1.6457142857142895,1.2644000000000002,False
2022-11-01,2022,11,saldo_corporativos,Saldo corporativos,Corporativo,Saldo,12848.3452696378,9.46104813724612,7.25,7.86476190476191,5.48057142857143,203.406909090909,2.03406909090909,8.4504,6.10406191790094,0.6147619047619104,1.2004000000000001,False
2022-12-01,2022,12,saldo_corporativos,Saldo corporativos,Corporativo,Saldo,12836.9170856539,9.460158343341279,7.5,7.8615,5.17145,195.5,1.955,8.7459,6.3692162201999,0.3615000000000004,1.2459000000000007,False
2023-01-01,2023,1,saldo_corporativos,Saldo corporativos,Corporativo,Saldo,12816.0718134113,9.458533296695425,7.75,7.95952380952381,5.21561904761905,207.045454545455,2.0704545454545498,9.4381,6.63189134989598,0.20952380952380967,1.6881000000000004,False
2023-02-01,2023,2,saldo_corporativos,Saldo corporativos,Corporativo,Saldo,12531.4944874052,9.436080109273624,7.75,7.87935,5.3419,192.3,1.923,9.4919,6.850617510557,0.12934999999999963,1.7418999999999993,False
2023-03-01,2023,3,saldo_corporativos,Saldo corporativos,Corporativo,Saldo,12316.1864207315,9.418750836065358,7.75,7.71669565217391,5.34278260869565,203.826086956522,2.03826086956522,9.0567,7.10922194994223,-0.03330434782608993,1.3066999999999993,False
2023-04-01,2023,4,saldo_corporativos,Saldo corporativos,Corporativo,Saldo,12011.5655862416,9.39370851309645,7.75,7.48888888888889,5.19622222222222,201.9,2.019,9.0685,7.38043153540864,-0.2611111111111102,1.3185000000000002,False
2023-05-01,2023,5,saldo_corporativos,Saldo corporativos,Corporativo,Saldo,11949.5372385756,9.388531513552092,7.75,7.275,5.24172727272727,197.391304347826,1.9739130434782601,9.1889,7.61044798189717,-0.47499999999999964,1.4389000000000003,False
2023-06-01,2023,6,saldo_corporativos,Saldo corporativos,Corporativo,Saldo,11609.8752372674,9.359697458350725,7.75,7.07380952380952,5.24138095238095,181.090909090909,1.8109090909090901,9.3105,7.81145511418098,-0.67619047619048,1.5604999999999993,False
2023-07-01,2023,7,saldo_corporativos,Saldo corporativos,Corporativo,Saldo,11376.7369060458,9.339413822002804,7.75,6.7555,5.2575,168.904761904762,1.68904761904762,9.244,7.99690744269487,-0.9945000000000004,1.4939999999999998,False
2023-08-01,2023,8,saldo_corporativos,Saldo corporativos,Corporativo,Saldo,11308.2622041387,9.33337733304235,7.75,6.84409090909091,5.58609090909091,167.227272727273,1.67227272727273,9.041,8.14090107239871,-0.9059090909090903,1.2910000000000004,False
2023-09-01,2023,9,saldo_corporativos,Saldo corporativos,Corporativo,Saldo,11317.1858458267,9.334166077944639,7.5,6.96857142857143,5.81652380952381,169.095238095238,1.6909523809523799,8.8215,8.28878510406768,-0.5314285714285703,1.3215000000000003,False
2023-10-01,2023,10,saldo_corporativos,Saldo corporativos,Corporativo,Saldo,11248.9220776787,9.328116481180018,7.25,7.62454545454545,6.32286363636364,179.954545454545,1.7995454545454501,8.3505,8.44068972530412,0.37454545454544963,1.1005000000000003,False
2023-11-01,2023,11,saldo_corporativos,Saldo corporativos,Corporativo,Saldo,11213.2369748787,9.324939408516581,7.0,7.17190476190476,5.93028571428571,175.181818181818,1.75181818181818,7.9954,8.53156476033984,0.17190476190476023,0.9954000000000001,False
2023-12-01,2023,12,saldo_corporativos,Saldo corporativos,Corporativo,Saldo,11327.751283706,9.335099134682988,6.75,6.86847368421053,5.22494736842105,162.428571428571,1.62428571428571,7.656,8.62378590230264,0.11847368421052984,0.9059999999999997,False
2024-01-01,2024,1,saldo_corporativos,Saldo corporativos,Corporativo,Saldo,11332.8820605893,9.335551930868938,6.5,6.67952380952381,5.4167619047619,170.434782608696,1.70434782608696,7.294,8.69869046961524,0.1795238095238103,0.7939999999999996,False
2024-02-01,2024,2,saldo_corporativos,Saldo corporativos,Corporativo,Saldo,11152.8651702971,9.31954136886291,6.25,6.75380952380952,5.53071428571429,160.285714285714,1.6028571428571399,6.8902,8.74071778178379,0.5038095238095197,0.6402000000000001,False
2024-03-01,2024,3,saldo_corporativos,Saldo corporativos,Corporativo,Saldo,11115.0905799904,9.316148939442941,6.25,7.00578947368421,5.50626315789474,152.666666666667,1.52666666666667,6.5961,8.76694823582294,0.7557894736842101,0.34609999999999985,False
2024-04-01,2024,4,saldo_corporativos,Saldo corporativos,Corporativo,Saldo,10977.7741776237,9.303719067448982,6.0,7.38204545454545,5.85754545454545,153.772727272727,1.53772727272727,6.4786,8.78031366488921,1.38204545454545,0.47860000000000014,False
2024-05-01,2024,5,saldo_corporativos,Saldo corporativos,Corporativo,Saldo,10959.2431270024,9.302029743376622,5.75,7.09540909090909,5.76072727272727,155.826086956522,1.55826086956522,6.3612,8.80480909118507,1.34540909090909,0.6112000000000002,False
2024-06-01,2024,6,saldo_corporativos,Saldo corporativos,Corporativo,Saldo,10767.2291421688,9.284355331577189,5.75,7.08842105263158,5.63131578947368,160.9,1.609,6.238,8.79372542941437,1.3384210526315803,0.48800000000000043,False
2024-07-01,2024,7,saldo_corporativos,Saldo corporativos,Corporativo,Saldo,10708.3453168213,9.278872033358757,5.75,6.9725,5.5434,158.695652173913,1.58695652173913,5.9434,8.882805081995,1.2225000000000001,0.19339999999999957,False
2024-08-01,2024,8,saldo_corporativos,Saldo corporativos,Corporativo,Saldo,10694.1426242753,9.2775449570307,5.5,6.5835,5.1731,169.5,1.695,5.736,8.92989630054711,1.0835,0.23599999999999977,False
2024-09-01,2024,9,saldo_corporativos,Saldo corporativos,Corporativo,Saldo,10571.183758234,9.265981657169224,5.25,6.36185714285714,5.02190476190476,162.578947368421,1.6257894736842102,5.5418,8.96187040666967,1.11185714285714,0.2918000000000003,False
2024-10-01,2024,10,saldo_corporativos,Saldo corporativos,Corporativo,Saldo,10245.3721785579,9.234678988117976,5.25,6.52246818181818,5.36572727272727,153.68,1.5368000000000002,5.5019,8.7951748787329,1.27246818181818,0.2519,False
2024-11-01,2024,11,saldo_corporativos,Saldo corporativos,Corporativo,Saldo,10164.2545021638,9.226730762853185,5.0,6.669,5.6087,155.263157894737,1.55263157894737,5.4011,7.44683165341243,1.6689999999999996,0.40109999999999957,False
2024-12-01,2024,12,saldo_corporativos,Saldo corporativos,Corporativo,Saldo,10173.1871789953,9.227609122991662,5.0,6.62515789473684,5.67389473684211,154.380952380952,1.5438095238095202,5.1856,7.47131200827443,1.62515789473684,0.1856,False
2025-01-01,2025,1,saldo_corporativos,Saldo corporativos,Corporativo,Saldo,10127.5915782984,9.22311755285769,4.75,6.69,5.90368181818182,156.761904761905,1.56761904761905,5.0934,7.49907664706817,1.9400000000000004,0.3433999999999999,False
2025-02-01,2025,2,saldo_corporativos,Saldo corporativos,Corporativo,Saldo,10118.3624899182,9.222205945789812,4.75,6.4725,5.74665,158.25,1.5825,5.0581,7.52122935000511,1.7225000000000001,0.3080999999999996,False
2025-03-01,2025,3,saldo_corporativos,Saldo corporativos,Corporativo,Saldo,10091.9737894426,9.21959479633096,4.75,6.4852380952381,5.59780952380952,163.354838709677,1.6335483870967702,4.9808,7.55728149897883,1.7352380952381,0.23080000000000034,False
2025-04-01,2025,4,saldo_corporativos,Saldo corporativos,Corporativo,Saldo,9962.28886481537,9.206662503382988,4.75,6.604,5.6705,177.571428571429,1.77571428571429,5.1185,7.52794557568402,1.854,0.36850000000000005,False
2025-05-01,2025,5,saldo_corporativos,Saldo corporativos,Corporativo,Saldo,9897.28519867308,9.200116808864461,4.5,6.48666666666667,5.60052380952381,158.58064516129,1.5858064516129,5.0515,7.55206145805733,1.98666666666667,0.5514999999999999,False
2025-06-01,2025,6,saldo_corporativos,Saldo corporativos,Corporativo,Saldo,9814.91853108529,9.191760686752117,4.5,6.41190476190476,5.51895238095238,153.833333333333,1.53833333333333,4.9998,7.54014850637851,1.9119047619047604,0.4997999999999996,False
2025-07-01,2025,7,saldo_corporativos,Saldo corporativos,Corporativo,Saldo,9598.0429199612,9.169418676648592,4.5,6.18745,5.5105,140.612903225806,1.4061290322580602,5.0848,7.54163430944622,1.6874500000000001,0.5848000000000004,False
2025-08-01,2025,8,saldo_corporativos,Saldo corporativos,Corporativo,Saldo,9578.6182582157,9.167393022385545,4.5,6.01696,5.3269,133.322580645161,1.33322580645161,5.0419,7.56402905364994,1.51696,0.5419,False
2025-09-01,2025,9,saldo_corporativos,Saldo corporativos,Corporativo,Saldo,9463.86800620784,9.155342118084784,4.25,6.12590909090909,5.11172727272727,124.107142857143,1.24107142857143,4.9333,7.56109725841028,1.87590909090909,0.6833,False
2025-10-01,2025,10,saldo_corporativos,Saldo corporativos,Corporativo,Saldo,9390.68446682204,9.147579945551865,4.25,6.10583636363637,5.07618181818182,123.516129032258,1.23516129032258,4.8992,7.55898200976963,1.85583636363637,0.6492000000000004,False
2025-11-01,2025,11,saldo_corporativos,Saldo corporativos,Corporativo,Saldo,9233.41811470939,9.130692881954044,4.25,6.00445,5.1118,125.6,1.256,4.8408,7.54117283637899,1.7544500000000003,0.5907999999999998,False
2025-12-01,2025,12,saldo_corporativos,Saldo corporativos,Corporativo,Saldo,9226.84717627117,9.129981058284294,4.25,5.82715789473684,5.09484210526316,127.0,1.27,4.7816,7.44751485314968,1.5771578947368399,0.5316000000000001,False
2011-01-01,2011,1,saldo_plazo_3a_5a,Saldo plazo 3 a 5 anos,Plazo medio,Saldo,3638.65349023792,8.199643761109874,3.25,5.84628571428571,5.165,145.57143,1.4557143,3.8403,7.20480825212354,2.5962857142857096,0.5903,False
2011-02-01,2011,2,saldo_plazo_3a_5a,Saldo plazo 3 a 5 anos,Plazo medio,Saldo,3533.23605811922,8.17025244694746,3.5,6.01595,5.3764,146.1,1.4609999999999999,4.1328,7.35416964181192,2.51595,0.6327999999999996,False
2011-03-01,2011,3,saldo_plazo_3a_5a,Saldo plazo 3 a 5 anos,Plazo medio,Saldo,3511.96267779347,8.164215028182483,3.75,6.35333612040134,5.30634782608696,156.78261,1.5678261,4.422,7.45319066124941,2.60333612040134,0.6719999999999997,False
2011-04-01,2011,4,saldo_plazo_3a_5a,Saldo plazo 3 a 5 anos,Plazo medio,Saldo,3508.5035870947,8.163229878279855,4.0,6.94410092633545,5.65989473684211,192.90476,1.9290476,4.9028,7.47291946579307,2.94410092633545,0.9028,False
2011-05-01,2011,5,saldo_plazo_3a_5a,Saldo plazo 3 a 5 anos,Plazo medio,Saldo,3516.9416891867,8.16563135017057,4.25,6.72250202228567,5.32847619047619,187.22727,1.8722727000000001,5.3829,7.68962700306516,2.4725020222856697,1.1329000000000002,False
2011-06-01,2011,6,saldo_plazo_3a_5a,Saldo plazo 3 a 5 anos,Plazo medio,Saldo,3412.31397920721,8.135438939755176,4.25,6.45763825900731,5.23528571428572,192.36364,1.9236364000000001,5.6209,7.84986533465833,2.20763825900731,1.3708999999999998,False
2011-07-01,2011,7,saldo_plazo_3a_5a,Saldo plazo 3 a 5 anos,Plazo medio,Saldo,3305.56561282868,8.103665350507335,4.25,6.23626241920591,5.03678947368421,170.85714,1.7085713999999999,5.4194,7.88181011506081,1.98626241920591,1.1694000000000004,False
2011-08-01,2011,8,saldo_plazo_3a_5a,Saldo plazo 3 a 5 anos,Plazo medio,Saldo,3193.21259318276,8.069095886729858,4.25,5.92853521749067,4.65814285714286,199.56522,1.9956522,5.3906,7.67811464524686,1.67853521749067,1.1406,False
2011-09-01,2011,9,saldo_plazo_3a_5a,Saldo plazo 3 a 5 anos,Plazo medio,Saldo,3199.53172694167,8.07107223965327,4.25,5.62017803787122,4.65722727272727,237.45455,2.3745455,5.317,7.7744779683529,1.37017803787122,1.0670000000000002,False
2011-10-01,2011,10,saldo_plazo_3a_5a,Saldo plazo 3 a 5 anos,Plazo medio,Saldo,3362.62226828456,8.120773728309215,4.25,5.72483222108669,4.7062,231.95238,2.3195238000000002,5.4037,8.06880722181612,1.4748322210866904,1.1536999999999997,False
2011-11-01,2011,11,saldo_plazo_3a_5a,Saldo plazo 3 a 5 anos,Plazo medio,Saldo,3239.62529111438,8.083521581250677,4.25,5.66734322961868,4.35095238095238,214.18182,2.1418182,5.1702,8.18429932294086,1.4173432296186803,0.9202000000000004,False
2011-12-01,2011,12,saldo_plazo_3a_5a,Saldo plazo 3 a 5 anos,Plazo medio,Saldo,3204.54936949699,8.072638764805198,4.25,5.6953293398377,4.31715789473684,216.31818,2.1631818000000003,5.3604,8.29255426952091,1.4453293398377003,1.1104000000000003,False
2012-01-01,2012,1,saldo_plazo_3a_5a,Saldo plazo 3 a 5 anos,Plazo medio,Saldo,3200.80050194665,8.071468587414127,4.25,5.6877609398031,4.34477272727273,219.40909,2.1940909,5.2828,8.25284590289425,1.4377609398031002,1.0328,False
2012-02-01,2012,2,saldo_plazo_3a_5a,Saldo plazo 3 a 5 anos,Plazo medio,Saldo,3352.44838629626,8.117744464425751,4.25,5.55203643226112,4.07966666666667,199.2381,1.992381,5.3,8.27348386309663,1.3020364322611204,1.0499999999999998,False
2012-03-01,2012,3,saldo_plazo_3a_5a,Saldo plazo 3 a 5 anos,Plazo medio,Saldo,3173.11232061254,8.06278328817684,4.25,5.40746192764249,3.90677272727273,165.59091,1.6559091000000001,5.2513,8.37300111927793,1.1574619276424896,1.0012999999999996,False
2012-04-01,2012,4,saldo_plazo_3a_5a,Saldo plazo 3 a 5 anos,Plazo medio,Saldo,3135.99800823543,8.051021573263933,4.25,5.31709184145608,3.745,164.14286,1.6414286000000002,5.265,8.43188843464642,1.0670918414560804,1.0149999999999997,False
2012-05-01,2012,5,saldo_plazo_3a_5a,Saldo plazo 3 a 5 anos,Plazo medio,Saldo,3268.39731877037,8.092360940718395,4.25,5.1611689535073,3.71418181818182,180.52174,1.8052173999999999,5.1938,8.55555282489058,0.9111689535072998,0.9438000000000004,False
2012-06-01,2012,6,saldo_plazo_3a_5a,Saldo plazo 3 a 5 anos,Plazo medio,Saldo,3344.2814052447,8.1153060961523,4.25,5.14383563093637,3.59845,188.42857,1.8842857000000002,5.1563,8.60182745997574,0.89383563093637,0.9062999999999999,False
2012-07-01,2012,7,saldo_plazo_3a_5a,Saldo plazo 3 a 5 anos,Plazo medio,Saldo,3539.28952601317,8.171963789792816,4.25,5.02354166666667,3.2648,162.59091,1.6259091,5.1698,8.5929081450795,0.7735416666666701,0.9198000000000004,False
2012-08-01,2012,8,saldo_plazo_3a_5a,Saldo plazo 3 a 5 anos,Plazo medio,Saldo,3523.76785238881,8.167569855599318,4.25,4.85419437482595,3.13571428571429,133.13043,1.3313043,5.1906,8.68128951453787,0.6041943748259504,0.9405999999999999,False
2012-09-01,2012,9,saldo_plazo_3a_5a,Saldo plazo 3 a 5 anos,Plazo medio,Saldo,3458.53857723782,8.148890499978823,4.25,4.67659618205868,3.06225,124.0,1.24,5.1102,8.72151201615506,0.4265961820586801,0.8601999999999999,False
2012-10-01,2012,10,saldo_plazo_3a_5a,Saldo plazo 3 a 5 anos,Plazo medio,Saldo,3280.73898799435,8.096128740149389,4.25,4.55363674242424,2.9236,108.04348,1.0804348,5.0611,8.76811775572671,0.3036367424242403,0.8110999999999997,False
2012-11-01,2012,11,saldo_plazo_3a_5a,Saldo plazo 3 a 5 anos,Plazo medio,Saldo,3232.87917584067,8.081437678845642,4.25,4.45981283452211,2.9668,122.95455,1.2295455,5.0593,8.8966005994144,0.20981283452211041,0.8093000000000004,False
2012-12-01,2012,12,saldo_plazo_3a_5a,Saldo plazo 3 a 5 anos,Plazo medio,Saldo,3317.46454500038,8.107257468485024,4.25,4.16331561657297,3.01164705882353,117.19048,1.1719047999999999,5.0304,9.0631777919402,-0.08668438342702967,0.7804000000000002,False
2013-01-01,2013,1,saldo_plazo_3a_5a,Saldo plazo 3 a 5 anos,Plazo medio,Saldo,3284.11530427923,8.09715703053992,4.25,4.06750469795356,3.08854545454545,110.04348,1.1004348,5.0298,9.04238006585355,-0.1824953020464397,0.7797999999999998,False
2013-02-01,2013,2,saldo_plazo_3a_5a,Saldo plazo 3 a 5 anos,Plazo medio,Saldo,3306.59503451962,8.103976628613248,4.25,4.15190764118355,3.29463157894737,127.05,1.2705,4.8751,9.14940540258296,-0.09809235881644973,0.6250999999999998,False
2013-03-01,2013,3,saldo_plazo_3a_5a,Saldo plazo 3 a 5 anos,Plazo medio,Saldo,3281.42572954962,8.096337979736548,4.25,4.14838614187719,3.28557894736842,140.28571,1.4028570999999999,4.6881,9.21137994314266,-0.10161385812280965,0.4381000000000004,False
2013-04-01,2013,4,saldo_plazo_3a_5a,Saldo plazo 3 a 5 anos,Plazo medio,Saldo,3007.63060440538,8.00924030551983,4.25,4.05634051937754,3.06895454545455,132.54545,1.3254545,4.4482,9.15560271564023,-0.1936594806224603,0.19819999999999993,False
2013-05-01,2013,5,saldo_plazo_3a_5a,Saldo plazo 3 a 5 anos,Plazo medio,Saldo,2901.71959187,7.973403366823963,4.25,4.20181818181818,3.25236363636364,133.73913,1.3373913,4.3607,9.04071529297496,-0.04818181818181966,0.11069999999999958,False
2013-06-01,2013,6,saldo_plazo_3a_5a,Saldo plazo 3 a 5 anos,Plazo medio,Saldo,2845.78998826923,7.953947318582213,4.25,5.31946716260051,4.04315789473684,179.8,1.798,4.4862,8.9853489227944,1.0694671626005103,0.2362000000000002,False
2013-07-01,2013,7,saldo_plazo_3a_5a,Saldo plazo 3 a 5 anos,Plazo medio,Saldo,2952.94822052885,7.990897934342183,4.25,5.26015228899572,4.29876190476191,175.69565,1.7569565,4.7471,8.80484910504589,1.0101522889957204,0.49709999999999965,False
2013-08-01,2013,8,saldo_plazo_3a_5a,Saldo plazo 3 a 5 anos,Plazo medio,Saldo,3016.38495091346,8.01214582495848,4.25,5.46271259667266,4.54695238095238,190.54545,1.9054544999999998,4.6554,8.66943327215367,1.2127125966726604,0.4054000000000002,False
2013-09-01,2013,9,saldo_plazo_3a_5a,Saldo plazo 3 a 5 anos,Plazo medio,Saldo,2892.47355137154,7.970212980267621,4.25,5.60047619047619,4.56314285714286,183.38095,1.8338095,4.7181,8.56490763208247,1.35047619047619,0.46809999999999974,False
2013-10-01,2013,10,saldo_plazo_3a_5a,Saldo plazo 3 a 5 anos,Plazo medio,Saldo,3101.50645483308,8.039965597602974,4.25,5.31727272727273,4.27340909090909,172.86957,1.7286957,4.7076,8.54906118892347,1.06727272727273,0.45760000000000023,False
2013-11-01,2013,11,saldo_plazo_3a_5a,Saldo plazo 3 a 5 anos,Plazo medio,Saldo,3077.53968460538,8.032210635158345,4.0,5.467,4.4478,183.42857,1.8342857000000001,4.5043,8.51866990480899,1.4669999999999996,0.5042999999999997,False
2013-12-01,2013,12,saldo_plazo_3a_5a,Saldo plazo 3 a 5 anos,Plazo medio,Saldo,3071.12497869338,8.030124776608442,4.0,5.6055,4.49425,176.54545,1.7654545,4.4875,8.46225460748768,1.6055000000000001,0.4874999999999998,False
2014-01-01,2014,1,saldo_plazo_3a_5a,Saldo plazo 3 a 5 anos,Plazo medio,Saldo,3066.99385328028,8.028779158991098,4.0,5.72,4.45445454545454,176.0,1.76,4.4809,8.39783279820295,1.7199999999999998,0.4809000000000001,False
2014-02-01,2014,2,saldo_plazo_3a_5a,Saldo plazo 3 a 5 anos,Plazo medio,Saldo,3134.22918446262,8.05045755548672,4.0,6.4255,4.365,182.25,1.8225,4.7948,8.37410848580069,2.4255000000000004,0.7948000000000004,False
2014-03-01,2014,3,saldo_plazo_3a_5a,Saldo plazo 3 a 5 anos,Plazo medio,Saldo,3158.63593862685,8.058212090648556,4.0,6.16490476190476,4.16752380952381,167.2381,1.6723810000000001,4.9354,8.34926199159022,2.1649047619047597,0.9353999999999996,False
2014-04-01,2014,4,saldo_plazo_3a_5a,Saldo plazo 3 a 5 anos,Plazo medio,Saldo,3019.25878156954,8.013097795959238,4.0,5.951,4.01075,153.54545,1.5354545,5.0225,8.28488301493797,1.9509999999999996,1.0225,False
2014-05-01,2014,5,saldo_plazo_3a_5a,Saldo plazo 3 a 5 anos,Plazo medio,Saldo,2892.10547481677,7.970085762941597,4.0,5.64095238095238,3.83219047619048,149.40909,1.4940909,5.0269,8.25593549390221,1.6409523809523803,1.0269000000000004,False
2014-06-01,2014,6,saldo_plazo_3a_5a,Saldo plazo 3 a 5 anos,Plazo medio,Saldo,2846.36015421785,7.954147582339318,4.0,5.37238095238095,3.78709523809524,145.42857,1.4542857,4.9535,8.29752109735162,1.3723809523809498,0.9535,False
2014-07-01,2014,7,saldo_plazo_3a_5a,Saldo plazo 3 a 5 anos,Plazo medio,Saldo,2818.53018498708,7.944325548984248,3.75,5.177,3.73633333333333,146.34783,1.4634782999999998,4.7393,8.28877174921292,1.4269999999999996,0.9893000000000001,False
2014-08-01,2014,8,saldo_plazo_3a_5a,Saldo plazo 3 a 5 anos,Plazo medio,Saldo,2793.79623048689,7.935514477917865,3.75,5.19790476190476,3.69519047619048,157.28571,1.5728571,4.6087,8.30605360218592,1.44790476190476,0.8586999999999998,False
2014-09-01,2014,9,saldo_plazo_3a_5a,Saldo plazo 3 a 5 anos,Plazo medio,Saldo,2630.28751653396,7.87522855539421,3.5,5.33545454545455,3.79531818181818,149.68182,1.4968181999999999,4.4861,8.3415644243909,1.8354545454545503,0.9861000000000004,False
2014-10-01,2014,10,saldo_plazo_3a_5a,Saldo plazo 3 a 5 anos,Plazo medio,Saldo,2369.82732808169,7.770994256792453,3.5,5.35995454545454,3.74259090909091,170.26087,1.7026087,4.4428,8.35015609539825,1.8599545454545403,0.9428000000000001,False
2014-11-01,2014,11,saldo_plazo_3a_5a,Saldo plazo 3 a 5 anos,Plazo medio,Saldo,2149.81732808169,7.673603201478152,3.5,5.43935,3.654,165.35,1.6535,4.4378,8.3363985675794,1.9393500000000001,0.9378000000000002,False
2014-12-01,2014,12,saldo_plazo_3a_5a,Saldo plazo 3 a 5 anos,Plazo medio,Saldo,2203.45027238678,7.698233447222991,3.5,5.35971428571429,3.70204761904762,181.91304,1.8191304,4.6632,8.31860821111633,1.8597142857142899,1.1631999999999998,False
2015-01-01,2015,1,saldo_plazo_3a_5a,Saldo plazo 3 a 5 anos,Plazo medio,Saldo,2252.276712974,7.7201407526748,3.25,5.2966,3.5399,201.22727,2.0122727,4.4829,8.20330799624513,2.0465999999999998,1.2328999999999999,False
2015-02-01,2015,2,saldo_plazo_3a_5a,Saldo plazo 3 a 5 anos,Plazo medio,Saldo,2398.59082127114,7.783053510663746,3.25,5.2855,3.34735,182.85,1.8285,4.1728,8.24620644636677,2.0355,0.9227999999999996,False
2015-03-01,2015,3,saldo_plazo_3a_5a,Saldo plazo 3 a 5 anos,Plazo medio,Saldo,2387.88815665885,7.7785833302645875,3.25,5.52668181818182,3.41931818181818,184.45455,1.8445455000000002,4.1913,8.210629086703,2.27668181818182,0.9413,False
2015-04-01,2015,4,saldo_plazo_3a_5a,Saldo plazo 3 a 5 anos,Plazo medio,Saldo,2413.87010842304,7.7894007793081155,3.25,5.53809090909091,3.20913636363636,176.95455,1.7695455000000002,4.3667,8.10086813334164,2.2880909090909096,1.1166999999999998,False
2015-05-01,2015,5,saldo_plazo_3a_5a,Saldo plazo 3 a 5 anos,Plazo medio,Saldo,2698.73188326415,7.900907744566842,3.25,5.9019,3.41675,165.90476,1.6590476,4.4803,8.10144847599015,2.6519000000000004,1.2302999999999997,False
2015-06-01,2015,6,saldo_plazo_3a_5a,Saldo plazo 3 a 5 anos,Plazo medio,Saldo,2883.36595131036,7.967060380545792,3.25,6.17166666666667,3.68176190476191,176.5,1.765,4.1341,8.07126454169475,2.9216666666666704,0.8841000000000001,False
2015-07-01,2015,7,saldo_plazo_3a_5a,Saldo plazo 3 a 5 anos,Plazo medio,Saldo,3029.0218787399,8.016325119183584,3.25,6.47165,3.7191,186.69565,1.8669565,4.1685,7.9716830509417,3.2216500000000003,0.9184999999999999,False
2015-08-01,2015,8,saldo_plazo_3a_5a,Saldo plazo 3 a 5 anos,Plazo medio,Saldo,3040.97526973373,8.020262343178608,3.25,6.66319047619047,3.91719047619048,217.47619,2.1747619,4.483,7.91908792812927,3.4131904761904703,1.2329999999999997,False
2015-09-01,2015,9,saldo_plazo_3a_5a,Saldo plazo 3 a 5 anos,Plazo medio,Saldo,3023.1701497174,8.014392002157466,3.5,7.23577272727273,4.06622727272727,234.27273,2.3427273,4.9268,7.91020063074947,3.73577272727273,1.4268,False
2015-10-01,2015,10,saldo_plazo_3a_5a,Saldo plazo 3 a 5 anos,Plazo medio,Saldo,3039.80371529097,8.01987713948795,3.5,7.01072727272727,3.864,225.90909,2.2590909,4.7596,7.87004699148263,3.5107272727272703,1.2595999999999998,False
2015-11-01,2015,11,saldo_plazo_3a_5a,Saldo plazo 3 a 5 anos,Plazo medio,Saldo,3014.8635045179,8.011641470981,3.5,6.69261904761905,3.95257142857143,218.90476,2.1890476000000003,4.8417,7.87714043536655,3.1926190476190497,1.3417000000000003,False
2015-12-01,2015,12,saldo_plazo_3a_5a,Saldo plazo 3 a 5 anos,Plazo medio,Saldo,2940.9793735505,7.986837890107064,3.75,6.70786363636364,4.07954545454545,236.65217,2.3665217000000003,4.9317,7.89924707101221,2.9578636363636397,1.1817000000000002,False
2016-01-01,2016,1,saldo_plazo_3a_5a,Saldo plazo 3 a 5 anos,Plazo medio,Saldo,2955.0495666335,7.991609050071453,4.0,7.02015,4.238,267.05,2.6705,4.9884,7.90094495650674,3.02015,0.9884000000000004,False
2016-02-01,2016,2,saldo_plazo_3a_5a,Saldo plazo 3 a 5 anos,Plazo medio,Saldo,2966.774727536,7.9955677009808115,4.25,7.34585714285714,4.0577619047619,282.38095,2.8238095,5.2324,7.92111679006339,3.09585714285714,0.9824000000000002,False
2016-03-01,2016,3,saldo_plazo_3a_5a,Saldo plazo 3 a 5 anos,Plazo medio,Saldo,2908.9893339872,7.975904694862326,4.25,7.139,3.50990476190476,226.82609,2.2682609,5.3779,7.96682877995631,2.8890000000000002,1.1279000000000003,False
2016-04-01,2016,4,saldo_plazo_3a_5a,Saldo plazo 3 a 5 anos,Plazo medio,Saldo,2879.2611517952,7.965636246725683,4.25,6.54485714285714,3.22447619047619,210.04762,2.1004762,5.3769,8.02653324572007,2.29485714285714,1.1269,False
2016-05-01,2016,5,saldo_plazo_3a_5a,Saldo plazo 3 a 5 anos,Plazo medio,Saldo,2879.5450797408,7.9657348190207475,4.25,6.26581818181818,3.22086363636364,207.95455,2.0795455,5.4266,8.05332430208037,2.0158181818181804,1.1765999999999996,False
2016-06-01,2016,6,saldo_plazo_3a_5a,Saldo plazo 3 a 5 anos,Plazo medio,Saldo,2997.99996022563,8.006034165486465,4.25,6.08436363636364,3.06422727272727,209.90909,2.0990908999999998,5.5167,8.05980500628028,1.8343636363636397,1.2667000000000002,False
2016-07-01,2016,7,saldo_plazo_3a_5a,Saldo plazo 3 a 5 anos,Plazo medio,Saldo,2832.51367710987,7.949272802529335,4.25,5.75652380952381,2.6487619047619,184.19048,1.8419048,5.4174,8.07355987597862,1.5065238095238103,1.1673999999999998,False
2016-08-01,2016,8,saldo_plazo_3a_5a,Saldo plazo 3 a 5 anos,Plazo medio,Saldo,2837.73098434597,7.951112394796177,4.25,5.63617391304348,2.54117391304348,169.6087,1.696087,5.0871,8.10525299480707,1.3861739130434803,0.8371000000000004,False
2016-09-01,2016,9,saldo_plazo_3a_5a,Saldo plazo 3 a 5 anos,Plazo medio,Saldo,2826.089200522,7.9470029102633655,4.25,5.79354545454546,2.60722727272727,161.77273,1.6177272999999999,4.9469,8.14204903341092,1.5435454545454599,0.6969000000000003,False
2016-10-01,2016,10,saldo_plazo_3a_5a,Saldo plazo 3 a 5 anos,Plazo medio,Saldo,2650.06062953547,7.882715076467135,4.25,5.77085714285714,2.75419047619048,146.52381,1.4652380999999999,4.9397,8.19877047542736,1.5208571428571398,0.6897000000000002,False
2016-11-01,2016,11,saldo_plazo_3a_5a,Saldo plazo 3 a 5 anos,Plazo medio,Saldo,2583.14817660197,7.857151207144606,4.25,6.30986363636364,3.41454545454546,167.81818,1.6781818000000002,4.9515,8.23694628022982,2.05986363636364,0.7015000000000002,False
2016-12-01,2016,12,saldo_plazo_3a_5a,Saldo plazo 3 a 5 anos,Plazo medio,Saldo,2483.67284042613,7.8178962761115525,4.25,6.44685714285714,3.71609523809524,164.72727,1.6472727,5.1925,8.2550705470513,2.19685714285714,0.9424999999999999,False
2017-01-01,2017,1,saldo_plazo_3a_5a,Saldo plazo 3 a 5 anos,Plazo medio,Saldo,2370.5651331144,7.771305409884357,4.25,6.35095454545454,3.49077272727273,157.3,1.5730000000000002,5.1127,8.28179495378865,2.10095454545454,0.8627000000000002,False
2017-02-01,2017,2,saldo_plazo_3a_5a,Saldo plazo 3 a 5 anos,Plazo medio,Saldo,2211.00820628647,7.70165607252977,4.25,6.26035,3.3545,152.105263157895,1.5210526315789499,5.0111,8.32931743428592,2.01035,0.7610999999999999,False
2017-03-01,2017,3,saldo_plazo_3a_5a,Saldo plazo 3 a 5 anos,Plazo medio,Saldo,2281.04977324,7.732829341419918,4.25,6.09739130434783,3.29430434782609,141.086956521739,1.4108695652173902,4.9649,8.37276932880972,1.8473913043478296,0.7149000000000001,False
2017-04-01,2017,4,saldo_plazo_3a_5a,Saldo plazo 3 a 5 anos,Plazo medio,Saldo,2306.00129619413,7.743703820026274,4.25,5.87055555555556,3.22022222222222,149.444444444444,1.49444444444444,4.9442,8.44035905120784,1.6205555555555602,0.6942000000000004,False
2017-05-01,2017,5,saldo_plazo_3a_5a,Saldo plazo 3 a 5 anos,Plazo medio,Saldo,2208.9928939984,7.70074457912129,4.0,5.71772727272727,3.17468181818182,141.181818181818,1.4118181818181799,4.7097,8.45666595004032,1.71772727272727,0.7096999999999998,False
2017-06-01,2017,6,saldo_plazo_3a_5a,Saldo plazo 3 a 5 anos,Plazo medio,Saldo,2146.52462026,7.67207111840736,4.0,5.57905,2.99295,143.5,1.435,4.5507,8.454424616211,1.5790499999999996,0.5507,False
2017-07-01,2017,7,saldo_plazo_3a_5a,Saldo plazo 3 a 5 anos,Plazo medio,Saldo,2271.7602706592,7.728750350036615,3.75,5.65947368421053,3.11636842105263,141.9,1.419,4.4816,8.44411294629431,1.9094736842105302,0.7316000000000003,False
2017-08-01,2017,8,saldo_plazo_3a_5a,Saldo plazo 3 a 5 anos,Plazo medio,Saldo,2271.7602706592,7.728750350036615,3.75,5.46204347826087,3.00717391304348,155.391304347826,1.55391304347826,4.2758,8.43404834891398,1.7120434782608704,0.5258000000000003,False
2017-09-01,2017,9,saldo_plazo_3a_5a,Saldo plazo 3 a 5 anos,Plazo medio,Saldo,2368.5341789517,7.77044866584537,3.5,5.34190476190476,2.89152380952381,144.0,1.44,3.8977,8.44522716285084,1.8419047619047602,0.39769999999999994,False
2017-10-01,2017,10,saldo_plazo_3a_5a,Saldo plazo 3 a 5 anos,Plazo medio,Saldo,2237.9827390575,7.713776907349521,3.5,5.26331818181818,3.01395454545455,139.619047619048,1.39619047619048,3.6451,8.42541769425409,1.76331818181818,0.14509999999999978,False
2017-11-01,2017,11,saldo_plazo_3a_5a,Saldo plazo 3 a 5 anos,Plazo medio,Saldo,2368.5588366633,7.7704590719342645,3.25,5.2997619047619,2.99557142857143,138.809523809524,1.38809523809524,3.5737,8.42632584501934,2.0497619047619002,0.3237000000000001,False
2017-12-01,2017,12,saldo_plazo_3a_5a,Saldo plazo 3 a 5 anos,Plazo medio,Saldo,2303.2181805364,7.7424967137457275,3.25,5.24947368421053,3.04447368421053,136.15,1.3615000000000002,3.5602,8.40796475027092,1.99947368421053,0.31020000000000003,False
2018-01-01,2018,1,saldo_plazo_3a_5a,Saldo plazo 3 a 5 anos,Plazo medio,Saldo,2293.8445016442,7.738420364924295,3.0,4.81809523809524,3.11365,116.608695652174,1.16608695652174,3.4641,8.33453950449729,1.81809523809524,0.4641000000000002,False
2018-02-01,2018,2,saldo_plazo_3a_5a,Saldo plazo 3 a 5 anos,Plazo medio,Saldo,2268.9318594286,7.72750509215204,3.0,4.7945,3.593,132.2,1.3219999999999998,3.3265,8.332922967143,1.7945000000000002,0.3264999999999998,False
2018-03-01,2018,3,saldo_plazo_3a_5a,Saldo plazo 3 a 5 anos,Plazo medio,Saldo,2276.9023580532,7.731010280074083,2.75,4.845,3.66215,147.045454545455,1.47045454545455,3.2356,8.2719700517584,2.0949999999999998,0.4855999999999998,False
2018-04-01,2018,4,saldo_plazo_3a_5a,Saldo plazo 3 a 5 anos,Plazo medio,Saldo,2273.86037873,7.7296739575149,2.75,5.0242,3.61835,145.238095238095,1.45238095238095,3.1521,8.18550089578463,2.2742000000000004,0.4020999999999999,False
2018-05-01,2018,5,saldo_plazo_3a_5a,Saldo plazo 3 a 5 anos,Plazo medio,Saldo,2271.7648469068,7.728752363554297,2.75,5.47227272727273,3.91371428571429,157.695652173913,1.5769565217391301,3.2427,8.15812519738456,2.7222727272727303,0.49270000000000014,False
2018-06-01,2018,6,saldo_plazo_3a_5a,Saldo plazo 3 a 5 anos,Plazo medio,Saldo,2092.5702569068,7.646626144440775,2.75,5.6626,3.8928,163.333333333333,1.63333333333333,3.4706,8.09929298476305,2.9126000000000003,0.7206000000000001,False
2018-07-01,2018,7,saldo_plazo_3a_5a,Saldo plazo 3 a 5 anos,Plazo medio,Saldo,2188.1702569068,7.691277872893346,2.75,5.48476190476191,3.7164,150.954545454545,1.50954545454545,3.6566,8.06241536178339,2.7347619047619096,0.9066000000000001,False
2018-08-01,2018,8,saldo_plazo_3a_5a,Saldo plazo 3 a 5 anos,Plazo medio,Saldo,2271.209049172,7.728507786687508,2.75,5.4252380952381,3.73752380952381,149.260869565217,1.49260869565217,3.7944,8.02901926695809,2.6752380952381003,1.0444,False
2018-09-01,2018,9,saldo_plazo_3a_5a,Saldo plazo 3 a 5 anos,Plazo medio,Saldo,2256.79315,7.722143132896012,2.75,5.5175,3.76705263157895,139.9,1.399,3.8758,7.9700014831202,2.7675,1.1258,False
2018-10-01,2018,10,saldo_plazo_3a_5a,Saldo plazo 3 a 5 anos,Plazo medio,Saldo,2289.5624725,7.736552687567381,2.75,5.73181818181818,3.97654545454545,142.695652173913,1.42695652173913,3.9819,7.91051162555102,2.9818181818181797,1.2319,False
2018-11-01,2018,11,saldo_plazo_3a_5a,Saldo plazo 3 a 5 anos,Plazo medio,Saldo,2240.678565,7.7149802235945355,2.75,5.727,4.0345,156.863636363636,1.56863636363636,4.123,7.85637030572794,2.9770000000000003,1.3730000000000002,False
2018-12-01,2018,12,saldo_plazo_3a_5a,Saldo plazo 3 a 5 anos,Plazo medio,Saldo,2120.52817875,7.659891947019405,2.75,5.74363157894737,3.77252631578947,164.809523809524,1.64809523809524,4.3114,7.82982951832825,2.9936315789473698,1.5614,False
2019-01-01,2019,1,saldo_plazo_3a_5a,Saldo plazo 3 a 5 anos,Plazo medio,Saldo,2048.0581499,7.625135527484814,2.75,5.58772727272727,3.5215,152.391304347826,1.5239130434782602,4.5276,7.77412480756175,2.83772727272727,1.7775999999999996,False
2019-02-01,2019,2,saldo_plazo_3a_5a,Saldo plazo 3 a 5 anos,Plazo medio,Saldo,2008.71357115,7.605747488983336,2.75,5.4945,3.3507,139.5,1.395,4.3563,7.79885572718277,2.7445000000000004,1.6063,False
2019-03-01,2019,3,saldo_plazo_3a_5a,Saldo plazo 3 a 5 anos,Plazo medio,Saldo,2002.92419615,7.6028626352168684,2.75,5.29923809523809,3.15290476190476,135.666666666667,1.35666666666667,4.0849,7.81020891110979,2.54923809523809,1.3349000000000002,False
2019-04-01,2019,4,saldo_plazo_3a_5a,Saldo plazo 3 a 5 anos,Plazo medio,Saldo,2055.35401919,7.628689800074333,2.75,5.2158,3.0446,122.363636363636,1.22363636363636,4.0403,7.8131751460884,2.4657999999999998,1.2903000000000002,False
2019-05-01,2019,5,saldo_plazo_3a_5a,Saldo plazo 3 a 5 anos,Plazo medio,Saldo,2051.68093419,7.626901990518065,2.75,5.13735454545455,2.99745454545455,135.695652173913,1.35695652173913,4.05,7.81182226365403,2.38735454545455,1.2999999999999998,False
2019-06-01,2019,6,saldo_plazo_3a_5a,Saldo plazo 3 a 5 anos,Plazo medio,Saldo,1946.05381044,7.574072642607134,2.75,4.81719,2.67335,129.15,1.2915,4.0253,7.83626268381355,2.06719,1.2752999999999997,False
2019-07-01,2019,7,saldo_plazo_3a_5a,Saldo plazo 3 a 5 anos,Plazo medio,Saldo,1871.78884794,7.535183961406728,2.75,4.4401,2.66909523809524,116.130434782609,1.16130434782609,3.9249,7.77225596262161,1.6901000000000002,1.1749,False
2019-08-01,2019,8,saldo_plazo_3a_5a,Saldo plazo 3 a 5 anos,Plazo medio,Saldo,1844.54044169,7.520527435906462,2.5,4.228985,2.34045,127.090909090909,1.2709090909090899,3.7128,7.71228944879112,1.7289849999999998,1.2128,False
2019-09-01,2019,9,saldo_plazo_3a_5a,Saldo plazo 3 a 5 anos,Plazo medio,Saldo,1838.42195169,7.517206644555263,2.5,4.15212380952381,2.41766666666667,116.428571428571,1.1642857142857101,3.5263,7.6926466564655,1.6521238095238102,1.0263,False
2019-10-01,2019,10,saldo_plazo_3a_5a,Saldo plazo 3 a 5 anos,Plazo medio,Saldo,1826.21967919,7.510550789538326,2.5,4.07454285714286,2.51552380952381,126.913043478261,1.26913043478261,3.4438,7.65101237137315,1.57454285714286,0.9438,False
2019-11-01,2019,11,saldo_plazo_3a_5a,Saldo plazo 3 a 5 anos,Plazo medio,Saldo,1836.85119169,7.516352337554239,2.25,4.23969,2.59395,126.761904761905,1.26761904761905,3.3523,7.56679301096734,1.9896900000000004,1.1023,False
2019-12-01,2019,12,saldo_plazo_3a_5a,Saldo plazo 3 a 5 anos,Plazo medio,Saldo,1908.87466544,7.554792898699095,2.25,4.3559380952381,2.512,115.909090909091,1.15909090909091,3.2587,7.44662178370309,2.1059380952381,1.0087000000000002,False
2020-01-01,2020,1,saldo_plazo_3a_5a,Saldo plazo 3 a 5 anos,Plazo medio,Saldo,1995.25624,7.599028825385326,2.25,4.50230909090909,2.40831818181818,113.869565217391,1.13869565217391,3.2747,7.35923135788744,2.2523090909090904,1.0247000000000002,False
2020-02-01,2020,2,saldo_plazo_3a_5a,Saldo plazo 3 a 5 anos,Plazo medio,Saldo,1966.5246,7.584531483390014,2.25,4.258095,2.23695,122.2,1.222,3.1977,7.35390734329301,2.008095,0.9477000000000002,False
2020-03-01,2020,3,saldo_plazo_3a_5a,Saldo plazo 3 a 5 anos,Plazo medio,Saldo,1976.16412,7.58941883439378,1.25,5.08725909090909,2.65986363636364,248.909090909091,2.48909090909091,3.0473,7.29802047761045,3.8372590909090896,1.7973,False
2020-04-01,2020,4,saldo_plazo_3a_5a,Saldo plazo 3 a 5 anos,Plazo medio,Saldo,1960.52899,7.581479545045872,0.25,5.0255,2.57965,277.954545454545,2.77954545454545,2.3516,7.20143184392124,4.7755,2.1016,False
2020-05-01,2020,5,saldo_plazo_3a_5a,Saldo plazo 3 a 5 anos,Plazo medio,Saldo,1927.57764,7.564538036106762,0.25,4.4295,2.3558,222.35,2.2235,1.4852,5.80260325458287,4.1795,1.2352,False
2020-06-01,2020,6,saldo_plazo_3a_5a,Saldo plazo 3 a 5 anos,Plazo medio,Saldo,1905.81192,7.553187974622229,0.25,4.39,2.15714285714286,180.136363636364,1.80136363636364,1.0749,5.00634998054599,4.14,0.8249,False
2020-07-01,2020,7,saldo_plazo_3a_5a,Saldo plazo 3 a 5 anos,Plazo medio,Saldo,1898.12844,7.5491503441227845,0.25,4.24045454545455,1.85740909090909,169.347826086957,1.6934782608695702,0.9011,4.83971287679542,3.9904545454545497,0.6511,False
2020-08-01,2020,8,saldo_plazo_3a_5a,Saldo plazo 3 a 5 anos,Plazo medio,Saldo,1898.93192,7.549573332933618,0.25,4.06714285714286,1.65052380952381,145.636363636364,1.4563636363636399,1.09,4.42307239513293,3.8171428571428603,0.8400000000000001,False
2020-09-01,2020,9,saldo_plazo_3a_5a,Saldo plazo 3 a 5 anos,Plazo medio,Saldo,1900.3778,7.550334060249322,0.25,4.18681818181818,1.79659090909091,160.409090909091,1.60409090909091,1.0285,4.30721669458437,3.9368181818181798,0.7785,False
2020-10-01,2020,10,saldo_plazo_3a_5a,Saldo plazo 3 a 5 anos,Plazo medio,Saldo,1853.761775,7.5255115436139794,0.25,4.20545454545454,1.76445454545455,150.181818181818,1.50181818181818,0.7759,4.1821950360515,3.95545454545454,0.5259,False
2020-11-01,2020,11,saldo_plazo_3a_5a,Saldo plazo 3 a 5 anos,Plazo medio,Saldo,1853.761775,7.5255115436139794,0.25,4.01450476190476,1.78771428571429,147.0,1.47,0.6906,4.09957895654608,3.7645047619047602,0.4406,False
2020-12-01,2020,12,saldo_plazo_3a_5a,Saldo plazo 3 a 5 anos,Plazo medio,Saldo,1972.6308,7.587630171092564,0.25,3.63264285714286,1.73285714285714,143.304347826087,1.4330434782608699,0.6189,4.00137293695925,3.38264285714286,0.3689,False
2021-01-01,2021,1,saldo_plazo_3a_5a,Saldo plazo 3 a 5 anos,Plazo medio,Saldo,1973.9376,7.588292081899382,0.25,3.658,1.81105,131.619047619048,1.31619047619048,0.6644,3.93054875,3.408,0.4144,False
2021-02-01,2021,2,saldo_plazo_3a_5a,Saldo plazo 3 a 5 anos,Plazo medio,Saldo,2006.9738,7.604881432917732,0.25,3.9115,2.0384,138.1,1.381,0.5929,3.88365747957866,3.6615,0.3429,False
2021-03-01,2021,3,saldo_plazo_3a_5a,Saldo plazo 3 a 5 anos,Plazo medio,Saldo,1959.473125,7.580941113400733,0.25,4.68608695652174,2.641,165.086956521739,1.6508695652173901,0.5577,3.84142498051546,4.43608695652174,0.3077,False
2021-04-01,2021,4,saldo_plazo_3a_5a,Saldo plazo 3 a 5 anos,Plazo medio,Saldo,1917.281229,7.559184870867914,0.25,5.09,2.70985,164.5,1.645,0.5062,3.79115747642998,4.84,0.2562,False
2021-05-01,2021,5,saldo_plazo_3a_5a,Saldo plazo 3 a 5 anos,Plazo medio,Saldo,1919.249682,7.560210499275341,0.25,4.99,2.75547619047619,163.571428571429,1.6357142857142901,0.6641,3.73745845968402,4.74,0.4141,False
2021-06-01,2021,6,saldo_plazo_3a_5a,Saldo plazo 3 a 5 anos,Plazo medio,Saldo,1722.367036,7.4520352353162504,0.25,5.27323809523809,2.66280952380952,169.227272727273,1.69227272727273,0.9206,3.70401900108905,5.02323809523809,0.6706,False
2021-07-01,2021,7,saldo_plazo_3a_5a,Saldo plazo 3 a 5 anos,Plazo medio,Saldo,1547.62224875,7.34512094285833,0.25,5.6647,2.4939,170.0,1.7,0.7924,3.79669316287069,5.4147,0.5424,False
2021-08-01,2021,8,saldo_plazo_3a_5a,Saldo plazo 3 a 5 anos,Plazo medio,Saldo,1546.492394,7.34439108952244,0.5,6.35523809523809,2.57761904761905,183.0,1.83,0.8452,3.81270919613097,5.85523809523809,0.34519999999999995,False
2021-09-01,2021,9,saldo_plazo_3a_5a,Saldo plazo 3 a 5 anos,Plazo medio,Saldo,1531.7481545,7.334817582597055,1.0,6.34227272727273,2.60063636363636,174.0,1.74,1.2422,3.88117324129765,5.34227272727273,0.24219999999999997,False
2021-10-01,2021,10,saldo_plazo_3a_5a,Saldo plazo 3 a 5 anos,Plazo medio,Saldo,1496.99723125,7.311884315777727,1.5,5.9495,2.75625,171.619047619048,1.7161904761904798,1.7906,3.94905991486097,4.4495,0.29059999999999997,False
2021-11-01,2021,11,saldo_plazo_3a_5a,Saldo plazo 3 a 5 anos,Plazo medio,Saldo,1396.7593625,7.242625778149391,2.0,5.86571428571429,2.85347619047619,179.363636363636,1.7936363636363601,2.3431,4.02097586013207,3.86571428571429,0.3431000000000002,False
2021-12-01,2021,12,saldo_plazo_3a_5a,Saldo plazo 3 a 5 anos,Plazo medio,Saldo,1389.11780875,7.237143777029681,2.5,5.92563636363636,2.80695454545455,174.304347826087,1.74304347826087,2.8714,4.11394529379854,3.42563636363636,0.37139999999999995,False
2022-01-01,2022,1,saldo_plazo_3a_5a,Saldo plazo 3 a 5 anos,Plazo medio,Saldo,1384.14448,7.233559730870258,3.0,6.07457142857143,3.09204761904762,176.761904761905,1.7676190476190499,3.5743,4.20262820902694,3.0745714285714296,0.5743,False
2022-02-01,2022,2,saldo_plazo_3a_5a,Saldo plazo 3 a 5 anos,Plazo medio,Saldo,1381.08397,7.231347762250267,3.5,6.071,3.4629,197.75,1.9775,4.1679,4.2906273925101,2.5709999999999997,0.6679000000000004,False
2022-03-01,2022,3,saldo_plazo_3a_5a,Saldo plazo 3 a 5 anos,Plazo medio,Saldo,1273.38468375,7.150218740122801,4.0,6.59782608695652,3.5704347826087,200.739130434783,2.0073913043478298,4.553,4.39096306762848,2.5978260869565197,0.5529999999999999,False
2022-04-01,2022,4,saldo_plazo_3a_5a,Saldo plazo 3 a 5 anos,Plazo medio,Saldo,1256.76978625,7.137095420712607,4.5,7.37315789473684,4.16131578947368,186.666666666667,1.86666666666667,5.3908,4.53163792121834,2.87315789473684,0.8907999999999996,False
2022-05-01,2022,5,saldo_plazo_3a_5a,Saldo plazo 3 a 5 anos,Plazo medio,Saldo,1191.4078875,7.083729976592505,5.0,7.92363636363636,4.56222727272727,217.545454545455,2.1754545454545497,6.1156,4.70692227109288,2.9236363636363603,1.1155999999999997,False
2022-06-01,2022,6,saldo_plazo_3a_5a,Saldo plazo 3 a 5 anos,Plazo medio,Saldo,1191.6749675,7.08395393527013,5.5,7.858,4.77219047619048,213.545454545455,2.1354545454545497,6.5066,4.95452828665271,2.3579999999999997,1.0065999999999997,False
2022-07-01,2022,7,saldo_plazo_3a_5a,Saldo plazo 3 a 5 anos,Plazo medio,Saldo,1055.67693,6.9628842910898,6.0,8.21631578947368,4.74931578947368,235.428571428571,2.35428571428571,7.1747,5.13409390416655,2.216315789473679,1.1746999999999996,False
2022-08-01,2022,8,saldo_plazo_3a_5a,Saldo plazo 3 a 5 anos,Plazo medio,Saldo,1045.22256,6.9529413944585565,6.5,7.90872727272727,4.53818181818182,211.0,2.11,7.8556,5.35904493680998,1.40872727272727,1.3556,False
2022-09-01,2022,9,saldo_plazo_3a_5a,Saldo plazo 3 a 5 anos,Plazo medio,Saldo,946.0833825,6.853387138412412,6.75,8.30590909090909,5.26540909090909,225.273454545455,2.2527345454545498,7.9938,5.58356719333656,1.5559090909090898,1.2438000000000002,False
2022-10-01,2022,10,saldo_plazo_3a_5a,Saldo plazo 3 a 5 anos,Plazo medio,Saldo,923.5953295,6.8293561601678,7.0,8.64571428571429,6.02866666666667,242.587095238095,2.42587095238095,8.2644,5.86119286699759,1.6457142857142895,1.2644000000000002,False
2022-11-01,2022,11,saldo_plazo_3a_5a,Saldo plazo 3 a 5 anos,Plazo medio,Saldo,918.67136875,6.82401639834872,7.25,7.86476190476191,5.48057142857143,203.406909090909,2.03406909090909,8.4504,6.10406191790094,0.6147619047619104,1.2004000000000001,False
2022-12-01,2022,12,saldo_plazo_3a_5a,Saldo plazo 3 a 5 anos,Plazo medio,Saldo,904.93307125,6.808965430521756,7.5,7.8615,5.17145,195.5,1.955,8.7459,6.3692162201999,0.3615000000000004,1.2459000000000007,False
2023-01-01,2023,1,saldo_plazo_3a_5a,Saldo plazo 3 a 5 anos,Plazo medio,Saldo,880.304675,6.7814033947551104,7.75,7.95952380952381,5.21561904761905,207.045454545455,2.0704545454545498,9.4381,6.63189134989598,0.20952380952380967,1.6881000000000004,False
2023-02-01,2023,2,saldo_plazo_3a_5a,Saldo plazo 3 a 5 anos,Plazo medio,Saldo,879.0189,6.779943384514346,7.75,7.87935,5.3419,192.3,1.923,9.4919,6.850617510557,0.12934999999999963,1.7418999999999993,False
2023-03-01,2023,3,saldo_plazo_3a_5a,Saldo plazo 3 a 5 anos,Plazo medio,Saldo,869.08566,6.7685916665719,7.75,7.71669565217391,5.34278260869565,203.826086956522,2.03826086956522,9.0567,7.10922194994223,-0.03330434782608993,1.3066999999999993,False
2023-04-01,2023,4,saldo_plazo_3a_5a,Saldo plazo 3 a 5 anos,Plazo medio,Saldo,772.0332975,6.650322123338864,7.75,7.48888888888889,5.19622222222222,201.9,2.019,9.0685,7.38043153540864,-0.2611111111111102,1.3185000000000002,False
2023-05-01,2023,5,saldo_plazo_3a_5a,Saldo plazo 3 a 5 anos,Plazo medio,Saldo,771.33288,6.64941564879819,7.75,7.275,5.24172727272727,197.391304347826,1.9739130434782601,9.1889,7.61044798189717,-0.47499999999999964,1.4389000000000003,False
2023-06-01,2023,6,saldo_plazo_3a_5a,Saldo plazo 3 a 5 anos,Plazo medio,Saldo,765.1742675,6.641409647129356,7.75,7.07380952380952,5.24138095238095,181.090909090909,1.8109090909090901,9.3105,7.81145511418098,-0.67619047619048,1.5604999999999993,False
2023-07-01,2023,7,saldo_plazo_3a_5a,Saldo plazo 3 a 5 anos,Plazo medio,Saldo,664.7348225,6.500891426837477,7.75,6.7555,5.2575,168.904761904762,1.68904761904762,9.244,7.99690744269487,-0.9945000000000004,1.4939999999999998,False
2023-08-01,2023,8,saldo_plazo_3a_5a,Saldo plazo 3 a 5 anos,Plazo medio,Saldo,593.0276025,6.38692578713822,7.75,6.84409090909091,5.58609090909091,167.227272727273,1.67227272727273,9.041,8.14090107239871,-0.9059090909090903,1.2910000000000004,False
2023-09-01,2023,9,saldo_plazo_3a_5a,Saldo plazo 3 a 5 anos,Plazo medio,Saldo,591.9085775,6.385040217635155,7.5,6.96857142857143,5.81652380952381,169.095238095238,1.6909523809523799,8.8215,8.28878510406768,-0.5314285714285703,1.3215000000000003,False
2023-10-01,2023,10,saldo_plazo_3a_5a,Saldo plazo 3 a 5 anos,Plazo medio,Saldo,581.52168,6.367366403631371,7.25,7.62454545454545,6.32286363636364,179.954545454545,1.7995454545454501,8.3505,8.44068972530412,0.37454545454544963,1.1005000000000003,False
2023-11-01,2023,11,saldo_plazo_3a_5a,Saldo plazo 3 a 5 anos,Plazo medio,Saldo,575.093355,6.356269722215991,7.0,7.17190476190476,5.93028571428571,175.181818181818,1.75181818181818,7.9954,8.53156476033984,0.17190476190476023,0.9954000000000001,False
2023-12-01,2023,12,saldo_plazo_3a_5a,Saldo plazo 3 a 5 anos,Plazo medio,Saldo,572.2681075,6.351353508679176,6.75,6.86847368421053,5.22494736842105,162.428571428571,1.62428571428571,7.656,8.62378590230264,0.11847368421052984,0.9059999999999997,False
2024-01-01,2024,1,saldo_plazo_3a_5a,Saldo plazo 3 a 5 anos,Plazo medio,Saldo,573.73135,6.353902714225992,6.5,6.67952380952381,5.4167619047619,170.434782608696,1.70434782608696,7.294,8.69869046961524,0.1795238095238103,0.7939999999999996,False
2024-02-01,2024,2,saldo_plazo_3a_5a,Saldo plazo 3 a 5 anos,Plazo medio,Saldo,591.799665,6.384856508867007,6.25,6.75380952380952,5.53071428571429,160.285714285714,1.6028571428571399,6.8902,8.74071778178379,0.5038095238095197,0.6402000000000001,False
2024-03-01,2024,3,saldo_plazo_3a_5a,Saldo plazo 3 a 5 anos,Plazo medio,Saldo,588.20721,6.378777921445037,6.25,7.00578947368421,5.50626315789474,152.666666666667,1.52666666666667,6.5961,8.76694823582294,0.7557894736842101,0.34609999999999985,False
2024-04-01,2024,4,saldo_plazo_3a_5a,Saldo plazo 3 a 5 anos,Plazo medio,Saldo,586.43625,6.375767729492311,6.0,7.38204545454545,5.85754545454545,153.772727272727,1.53772727272727,6.4786,8.78031366488921,1.38204545454545,0.47860000000000014,False
2024-05-01,2024,5,saldo_plazo_3a_5a,Saldo plazo 3 a 5 anos,Plazo medio,Saldo,586.23762,6.3754295420056115,5.75,7.09540909090909,5.76072727272727,155.826086956522,1.55826086956522,6.3612,8.80480909118507,1.34540909090909,0.6112000000000002,False
2024-06-01,2024,6,saldo_plazo_3a_5a,Saldo plazo 3 a 5 anos,Plazo medio,Saldo,585.63154,6.374396922571508,5.75,7.08842105263158,5.63131578947368,160.9,1.609,6.238,8.79372542941437,1.3384210526315803,0.48800000000000043,False
2024-07-01,2024,7,saldo_plazo_3a_5a,Saldo plazo 3 a 5 anos,Plazo medio,Saldo,583.51536,6.370783059437669,5.75,6.9725,5.5434,158.695652173913,1.58695652173913,5.9434,8.882805081995,1.2225000000000001,0.19339999999999957,False
2024-08-01,2024,8,saldo_plazo_3a_5a,Saldo plazo 3 a 5 anos,Plazo medio,Saldo,577.693125,6.360772328433192,5.5,6.5835,5.1731,169.5,1.695,5.736,8.92989630054711,1.0835,0.23599999999999977,False
2024-09-01,2024,9,saldo_plazo_3a_5a,Saldo plazo 3 a 5 anos,Plazo medio,Saldo,574.673115,6.355539990921334,5.25,6.36185714285714,5.02190476190476,162.578947368421,1.6257894736842102,5.5418,8.96187040666967,1.11185714285714,0.2918000000000003,False
2024-10-01,2024,10,saldo_plazo_3a_5a,Saldo plazo 3 a 5 anos,Plazo medio,Saldo,683.2888425,6.5283801128423296,5.25,6.52246818181818,5.36572727272727,153.68,1.5368000000000002,5.5019,8.7951748787329,1.27246818181818,0.2519,False
2024-11-01,2024,11,saldo_plazo_3a_5a,Saldo plazo 3 a 5 anos,Plazo medio,Saldo,682.9634375,6.527904462246469,5.0,6.669,5.6087,155.263157894737,1.55263157894737,5.4011,7.44683165341243,1.6689999999999996,0.40109999999999957,False
2024-12-01,2024,12,saldo_plazo_3a_5a,Saldo plazo 3 a 5 anos,Plazo medio,Saldo,684.3825925,6.5299772115399275,5.0,6.62515789473684,5.67389473684211,154.380952380952,1.5438095238095202,5.1856,7.47131200827443,1.62515789473684,0.1856,False
2025-01-01,2025,1,saldo_plazo_3a_5a,Saldo plazo 3 a 5 anos,Plazo medio,Saldo,683.60033,6.528835208129273,4.75,6.69,5.90368181818182,156.761904761905,1.56761904761905,5.0934,7.49907664706817,1.9400000000000004,0.3433999999999999,False
2025-02-01,2025,2,saldo_plazo_3a_5a,Saldo plazo 3 a 5 anos,Plazo medio,Saldo,676.6946,6.518696743982831,4.75,6.4725,5.74665,158.25,1.5825,5.0581,7.52122935000511,1.7225000000000001,0.3080999999999996,False
2025-03-01,2025,3,saldo_plazo_3a_5a,Saldo plazo 3 a 5 anos,Plazo medio,Saldo,673.302675,6.513679082809636,4.75,6.4852380952381,5.59780952380952,163.354838709677,1.6335483870967702,4.9808,7.55728149897883,1.7352380952381,0.23080000000000034,False
2025-04-01,2025,4,saldo_plazo_3a_5a,Saldo plazo 3 a 5 anos,Plazo medio,Saldo,673.302675,6.513679082809636,4.75,6.604,5.6705,177.571428571429,1.77571428571429,5.1185,7.52794557568402,1.854,0.36850000000000005,False
2025-05-01,2025,5,saldo_plazo_3a_5a,Saldo plazo 3 a 5 anos,Plazo medio,Saldo,672.780575,6.512904501527503,4.5,6.48666666666667,5.60052380952381,158.58064516129,1.5858064516129,5.0515,7.55206145805733,1.98666666666667,0.5514999999999999,False
2025-06-01,2025,6,saldo_plazo_3a_5a,Saldo plazo 3 a 5 anos,Plazo medio,Saldo,696.38585,6.5473388443884515,4.5,6.41190476190476,5.51895238095238,153.833333333333,1.53833333333333,4.9998,7.54014850637851,1.9119047619047604,0.4997999999999996,False
2025-07-01,2025,7,saldo_plazo_3a_5a,Saldo plazo 3 a 5 anos,Plazo medio,Saldo,697.388475,6.548775502384651,4.5,6.18745,5.5105,140.612903225806,1.4061290322580602,5.0848,7.54163430944622,1.6874500000000001,0.5848000000000004,False
2025-08-01,2025,8,saldo_plazo_3a_5a,Saldo plazo 3 a 5 anos,Plazo medio,Saldo,696.185325,6.54705126494471,4.5,6.01696,5.3269,133.322580645161,1.33322580645161,5.0419,7.56402905364994,1.51696,0.5419,False
2025-09-01,2025,9,saldo_plazo_3a_5a,Saldo plazo 3 a 5 anos,Plazo medio,Saldo,622.910585,6.436007064832736,4.25,6.12590909090909,5.11172727272727,124.107142857143,1.24107142857143,4.9333,7.56109725841028,1.87590909090909,0.6833,False
2025-10-01,2025,10,saldo_plazo_3a_5a,Saldo plazo 3 a 5 anos,Plazo medio,Saldo,620.965035,6.432883877332756,4.25,6.10583636363637,5.07618181818182,123.516129032258,1.23516129032258,4.8992,7.55898200976963,1.85583636363637,0.6492000000000004,False
2025-11-01,2025,11,saldo_plazo_3a_5a,Saldo plazo 3 a 5 anos,Plazo medio,Saldo,618.63268,6.42912685085743,4.25,6.00445,5.1118,125.6,1.256,4.8408,7.54117283637899,1.7544500000000003,0.5907999999999998,False
2025-12-01,2025,12,saldo_plazo_3a_5a,Saldo plazo 3 a 5 anos,Plazo medio,Saldo,472.29708,6.159723267444618,4.25,5.82715789473684,5.09484210526316,127.0,1.27,4.7816,7.44751485314968,1.5771578947368399,0.5316000000000001,False
2011-01-01,2011,1,saldo_plazo_hasta_3a,Saldo plazo hasta 3 anos,Plazo corto,Saldo,2563.12028666667,7.849370730616696,3.25,5.84628571428571,5.165,145.57143,1.4557143,3.8403,7.20480825212354,2.5962857142857096,0.5903,False
2011-02-01,2011,2,saldo_plazo_hasta_3a,Saldo plazo hasta 3 anos,Plazo corto,Saldo,2404.05744666667,7.785329068602475,3.5,6.01595,5.3764,146.1,1.4609999999999999,4.1328,7.35416964181192,2.51595,0.6327999999999996,False
2011-03-01,2011,3,saldo_plazo_hasta_3a,Saldo plazo hasta 3 anos,Plazo corto,Saldo,2331.71986666667,7.754790190515608,3.75,6.35333612040134,5.30634782608696,156.78261,1.5678261,4.422,7.45319066124941,2.60333612040134,0.6719999999999997,False
2011-04-01,2011,4,saldo_plazo_hasta_3a,Saldo plazo hasta 3 anos,Plazo corto,Saldo,2326.71508,7.752642413045116,4.0,6.94410092633545,5.65989473684211,192.90476,1.9290476,4.9028,7.47291946579307,2.94410092633545,0.9028,False
2011-05-01,2011,5,saldo_plazo_hasta_3a,Saldo plazo hasta 3 anos,Plazo corto,Saldo,2159.71871333333,7.678196182987634,4.25,6.72250202228567,5.32847619047619,187.22727,1.8722727000000001,5.3829,7.68962700306516,2.4725020222856697,1.1329000000000002,False
2011-06-01,2011,6,saldo_plazo_hasta_3a,Saldo plazo hasta 3 anos,Plazo corto,Saldo,1932.15945833333,7.566910968477146,4.25,6.45763825900731,5.23528571428572,192.36364,1.9236364000000001,5.6209,7.84986533465833,2.20763825900731,1.3708999999999998,False
2011-07-01,2011,7,saldo_plazo_hasta_3a,Saldo plazo hasta 3 anos,Plazo corto,Saldo,1876.26380333333,7.5375705719071915,4.25,6.23626241920591,5.03678947368421,170.85714,1.7085713999999999,5.4194,7.88181011506081,1.98626241920591,1.1694000000000004,False
2011-08-01,2011,8,saldo_plazo_hasta_3a,Saldo plazo hasta 3 anos,Plazo corto,Saldo,1808.54498166667,7.500830701311389,4.25,5.92853521749067,4.65814285714286,199.56522,1.9956522,5.3906,7.67811464524686,1.67853521749067,1.1406,False
2011-09-01,2011,9,saldo_plazo_hasta_3a,Saldo plazo hasta 3 anos,Plazo corto,Saldo,1716.57365833333,7.448667910124967,4.25,5.62017803787122,4.65722727272727,237.45455,2.3745455,5.317,7.7744779683529,1.37017803787122,1.0670000000000002,False
2011-10-01,2011,10,saldo_plazo_hasta_3a,Saldo plazo hasta 3 anos,Plazo corto,Saldo,1662.274975,7.416543814291615,4.25,5.72483222108669,4.7062,231.95238,2.3195238000000002,5.4037,8.06880722181612,1.4748322210866904,1.1536999999999997,False
2011-11-01,2011,11,saldo_plazo_hasta_3a,Saldo plazo hasta 3 anos,Plazo corto,Saldo,1683.65741666667,7.429317508564522,4.25,5.66734322961868,4.35095238095238,214.18182,2.1418182,5.1702,8.18429932294086,1.4173432296186803,0.9202000000000004,False
2011-12-01,2011,12,saldo_plazo_hasta_3a,Saldo plazo hasta 3 anos,Plazo corto,Saldo,1731.20163333333,7.457148498820717,4.25,5.6953293398377,4.31715789473684,216.31818,2.1631818000000003,5.3604,8.29255426952091,1.4453293398377003,1.1104000000000003,False
2012-01-01,2012,1,saldo_plazo_hasta_3a,Saldo plazo hasta 3 anos,Plazo corto,Saldo,1694.87498666667,7.43595410294326,4.25,5.6877609398031,4.34477272727273,219.40909,2.1940909,5.2828,8.25284590289425,1.4377609398031002,1.0328,False
2012-02-01,2012,2,saldo_plazo_hasta_3a,Saldo plazo hasta 3 anos,Plazo corto,Saldo,1622.19914,7.392154258693821,4.25,5.55203643226112,4.07966666666667,199.2381,1.992381,5.3,8.27348386309663,1.3020364322611204,1.0499999999999998,False
2012-03-01,2012,3,saldo_plazo_hasta_3a,Saldo plazo hasta 3 anos,Plazo corto,Saldo,1649.46739833333,7.408813798497938,4.25,5.40746192764249,3.90677272727273,165.59091,1.6559091000000001,5.2513,8.37300111927793,1.1574619276424896,1.0012999999999996,False
2012-04-01,2012,4,saldo_plazo_hasta_3a,Saldo plazo hasta 3 anos,Plazo corto,Saldo,1673.34909333333,7.423179767739207,4.25,5.31709184145608,3.745,164.14286,1.6414286000000002,5.265,8.43188843464642,1.0670918414560804,1.0149999999999997,False
2012-05-01,2012,5,saldo_plazo_hasta_3a,Saldo plazo hasta 3 anos,Plazo corto,Saldo,1556.73184833333,7.350986098866201,4.25,5.1611689535073,3.71418181818182,180.52174,1.8052173999999999,5.1938,8.55555282489058,0.9111689535072998,0.9438000000000004,False
2012-06-01,2012,6,saldo_plazo_hasta_3a,Saldo plazo hasta 3 anos,Plazo corto,Saldo,1523.94363,7.329712724423903,4.25,5.14383563093637,3.59845,188.42857,1.8842857000000002,5.1563,8.60182745997574,0.89383563093637,0.9062999999999999,False
2012-07-01,2012,7,saldo_plazo_hasta_3a,Saldo plazo hasta 3 anos,Plazo corto,Saldo,1474.23764666667,7.2965743721802525,4.25,5.02354166666667,3.2648,162.59091,1.6259091,5.1698,8.5929081450795,0.7735416666666701,0.9198000000000004,False
2012-08-01,2012,8,saldo_plazo_hasta_3a,Saldo plazo hasta 3 anos,Plazo corto,Saldo,1465.60986,7.290708798669964,4.25,4.85419437482595,3.13571428571429,133.13043,1.3313043,5.1906,8.68128951453787,0.6041943748259504,0.9405999999999999,False
2012-09-01,2012,9,saldo_plazo_hasta_3a,Saldo plazo hasta 3 anos,Plazo corto,Saldo,1374.40536666667,7.226503778773332,4.25,4.67659618205868,3.06225,124.0,1.24,5.1102,8.72151201615506,0.4265961820586801,0.8601999999999999,False
2012-10-01,2012,10,saldo_plazo_hasta_3a,Saldo plazo hasta 3 anos,Plazo corto,Saldo,1320.37762,7.186430122869947,4.25,4.55363674242424,2.9236,108.04348,1.0804348,5.0611,8.76811775572671,0.3036367424242403,0.8110999999999997,False
2012-11-01,2012,11,saldo_plazo_hasta_3a,Saldo plazo hasta 3 anos,Plazo corto,Saldo,1263.96044,7.142796127945346,4.25,4.45981283452211,2.9668,122.95455,1.2295455,5.0593,8.8966005994144,0.20981283452211041,0.8093000000000004,False
2012-12-01,2012,12,saldo_plazo_hasta_3a,Saldo plazo hasta 3 anos,Plazo corto,Saldo,1062.32974166667,6.969160529362132,4.25,4.16331561657297,3.01164705882353,117.19048,1.1719047999999999,5.0304,9.0631777919402,-0.08668438342702967,0.7804000000000002,False
2013-01-01,2013,1,saldo_plazo_hasta_3a,Saldo plazo hasta 3 anos,Plazo corto,Saldo,1045.59176666667,6.953294227164063,4.25,4.06750469795356,3.08854545454545,110.04348,1.1004348,5.0298,9.04238006585355,-0.1824953020464397,0.7797999999999998,False
2013-02-01,2013,2,saldo_plazo_hasta_3a,Saldo plazo hasta 3 anos,Plazo corto,Saldo,1140.73785,7.040306810449477,4.25,4.15190764118355,3.29463157894737,127.05,1.2705,4.8751,9.14940540258296,-0.09809235881644973,0.6250999999999998,False
2013-03-01,2013,3,saldo_plazo_hasta_3a,Saldo plazo hasta 3 anos,Plazo corto,Saldo,1108.36778833333,7.011545571985371,4.25,4.14838614187719,3.28557894736842,140.28571,1.4028570999999999,4.6881,9.21137994314266,-0.10161385812280965,0.4381000000000004,False
2013-04-01,2013,4,saldo_plazo_hasta_3a,Saldo plazo hasta 3 anos,Plazo corto,Saldo,1154.10701546667,7.051948272747467,4.25,4.05634051937754,3.06895454545455,132.54545,1.3254545,4.4482,9.15560271564023,-0.1936594806224603,0.19819999999999993,False
2013-05-01,2013,5,saldo_plazo_hasta_3a,Saldo plazo hasta 3 anos,Plazo corto,Saldo,1136.16624326667,7.036294695258415,4.25,4.20181818181818,3.25236363636364,133.73913,1.3373913,4.3607,9.04071529297496,-0.04818181818181966,0.11069999999999958,False
2013-06-01,2013,6,saldo_plazo_hasta_3a,Saldo plazo hasta 3 anos,Plazo corto,Saldo,1040.62775093333,6.94853991370052,4.25,5.31946716260051,4.04315789473684,179.8,1.798,4.4862,8.9853489227944,1.0694671626005103,0.2362000000000002,False
2013-07-01,2013,7,saldo_plazo_hasta_3a,Saldo plazo hasta 3 anos,Plazo corto,Saldo,1035.75134513333,6.9438473965776195,4.25,5.26015228899572,4.29876190476191,175.69565,1.7569565,4.7471,8.80484910504589,1.0101522889957204,0.49709999999999965,False
2013-08-01,2013,8,saldo_plazo_hasta_3a,Saldo plazo hasta 3 anos,Plazo corto,Saldo,1033.52154853333,6.941694326870379,4.25,5.46271259667266,4.54695238095238,190.54545,1.9054544999999998,4.6554,8.66943327215367,1.2127125966726604,0.4054000000000002,False
2013-09-01,2013,9,saldo_plazo_hasta_3a,Saldo plazo hasta 3 anos,Plazo corto,Saldo,1039.4393076,6.9473983140987885,4.25,5.60047619047619,4.56314285714286,183.38095,1.8338095,4.7181,8.56490763208247,1.35047619047619,0.46809999999999974,False
2013-10-01,2013,10,saldo_plazo_hasta_3a,Saldo plazo hasta 3 anos,Plazo corto,Saldo,968.845815066667,6.877137105323457,4.25,5.31727272727273,4.27340909090909,172.86957,1.7286957,4.7076,8.54906118892347,1.06727272727273,0.45760000000000023,False
2013-11-01,2013,11,saldo_plazo_hasta_3a,Saldo plazo hasta 3 anos,Plazo corto,Saldo,1013.85984266667,6.922505795898442,4.0,5.467,4.4478,183.42857,1.8342857000000001,4.5043,8.51866990480899,1.4669999999999996,0.5042999999999997,False
2013-12-01,2013,12,saldo_plazo_hasta_3a,Saldo plazo hasta 3 anos,Plazo corto,Saldo,1051.12454266667,6.958566772855795,4.0,5.6055,4.49425,176.54545,1.7654545,4.4875,8.46225460748768,1.6055000000000001,0.4874999999999998,False
2014-01-01,2014,1,saldo_plazo_hasta_3a,Saldo plazo hasta 3 anos,Plazo corto,Saldo,793.3395344,6.677510995030459,4.0,5.72,4.45445454545454,176.0,1.76,4.4809,8.39783279820295,1.7199999999999998,0.4809000000000001,False
2014-02-01,2014,2,saldo_plazo_hasta_3a,Saldo plazo hasta 3 anos,Plazo corto,Saldo,870.022009333333,6.769667245572664,4.0,6.4255,4.365,182.25,1.8225,4.7948,8.37410848580069,2.4255000000000004,0.7948000000000004,False
2014-03-01,2014,3,saldo_plazo_hasta_3a,Saldo plazo hasta 3 anos,Plazo corto,Saldo,854.262208533334,6.751408098568263,4.0,6.16490476190476,4.16752380952381,167.2381,1.6723810000000001,4.9354,8.34926199159022,2.1649047619047597,0.9353999999999996,False
2014-04-01,2014,4,saldo_plazo_hasta_3a,Saldo plazo hasta 3 anos,Plazo corto,Saldo,872.261224866667,6.7722347377316305,4.0,5.951,4.01075,153.54545,1.5354545,5.0225,8.28488301493797,1.9509999999999996,1.0225,False
2014-05-01,2014,5,saldo_plazo_hasta_3a,Saldo plazo hasta 3 anos,Plazo corto,Saldo,1069.17009473333,6.975572881862526,4.0,5.64095238095238,3.83219047619048,149.40909,1.4940909,5.0269,8.25593549390221,1.6409523809523803,1.0269000000000004,False
2014-06-01,2014,6,saldo_plazo_hasta_3a,Saldo plazo hasta 3 anos,Plazo corto,Saldo,1061.46367566667,6.968345712606323,4.0,5.37238095238095,3.78709523809524,145.42857,1.4542857,4.9535,8.29752109735162,1.3723809523809498,0.9535,False
2014-07-01,2014,7,saldo_plazo_hasta_3a,Saldo plazo hasta 3 anos,Plazo corto,Saldo,1132.80614233333,7.0333355193506835,3.75,5.177,3.73633333333333,146.34783,1.4634782999999998,4.7393,8.28877174921292,1.4269999999999996,0.9893000000000001,False
2014-08-01,2014,8,saldo_plazo_hasta_3a,Saldo plazo hasta 3 anos,Plazo corto,Saldo,1146.39819913333,7.045252222647043,3.75,5.19790476190476,3.69519047619048,157.28571,1.5728571,4.6087,8.30605360218592,1.44790476190476,0.8586999999999998,False
2014-09-01,2014,9,saldo_plazo_hasta_3a,Saldo plazo hasta 3 anos,Plazo corto,Saldo,1190.7174918,7.083150816012032,3.5,5.33545454545455,3.79531818181818,149.68182,1.4968181999999999,4.4861,8.3415644243909,1.8354545454545503,0.9861000000000004,False
2014-10-01,2014,10,saldo_plazo_hasta_3a,Saldo plazo hasta 3 anos,Plazo corto,Saldo,1170.47721906667,7.066020811806296,3.5,5.35995454545454,3.74259090909091,170.26087,1.7026087,4.4428,8.35015609539825,1.8599545454545403,0.9428000000000001,False
2014-11-01,2014,11,saldo_plazo_hasta_3a,Saldo plazo hasta 3 anos,Plazo corto,Saldo,1220.47721906667,7.107816240557996,3.5,5.43935,3.654,165.35,1.6535,4.4378,8.3363985675794,1.9393500000000001,0.9378000000000002,False
2014-12-01,2014,12,saldo_plazo_hasta_3a,Saldo plazo hasta 3 anos,Plazo corto,Saldo,1289.5334976,7.162810975892692,3.5,5.35971428571429,3.70204761904762,181.91304,1.8191304,4.6632,8.31860821111633,1.8597142857142899,1.1631999999999998,False
2015-01-01,2015,1,saldo_plazo_hasta_3a,Saldo plazo hasta 3 anos,Plazo corto,Saldo,1481.1584812,7.301254737520554,3.25,5.2966,3.5399,201.22727,2.0122727,4.4829,8.20330799624513,2.0465999999999998,1.2328999999999999,False
2015-02-01,2015,2,saldo_plazo_hasta_3a,Saldo plazo hasta 3 anos,Plazo corto,Saldo,1373.0717088,7.225533661231225,3.25,5.2855,3.34735,182.85,1.8285,4.1728,8.24620644636677,2.0355,0.9227999999999996,False
2015-03-01,2015,3,saldo_plazo_hasta_3a,Saldo plazo hasta 3 anos,Plazo corto,Saldo,1321.988318,7.187648334143999,3.25,5.52668181818182,3.41931818181818,184.45455,1.8445455000000002,4.1913,8.210629086703,2.27668181818182,0.9413,False
2015-04-01,2015,4,saldo_plazo_hasta_3a,Saldo plazo hasta 3 anos,Plazo corto,Saldo,1313.85043626667,7.18147820146402,3.25,5.53809090909091,3.20913636363636,176.95455,1.7695455000000002,4.3667,8.10086813334164,2.2880909090909096,1.1166999999999998,False
2015-05-01,2015,5,saldo_plazo_hasta_3a,Saldo plazo hasta 3 anos,Plazo corto,Saldo,1230.08028666667,7.115647344745467,3.25,5.9019,3.41675,165.90476,1.6590476,4.4803,8.10144847599015,2.6519000000000004,1.2302999999999997,False
2015-06-01,2015,6,saldo_plazo_hasta_3a,Saldo plazo hasta 3 anos,Plazo corto,Saldo,1228.61323,7.114454951763118,3.25,6.17166666666667,3.68176190476191,176.5,1.765,4.1341,8.07126454169475,2.9216666666666704,0.8841000000000001,False
2015-07-01,2015,7,saldo_plazo_hasta_3a,Saldo plazo hasta 3 anos,Plazo corto,Saldo,1328.07748666667,7.192240361503198,3.25,6.47165,3.7191,186.69565,1.8669565,4.1685,7.9716830509417,3.2216500000000003,0.9184999999999999,False
2015-08-01,2015,8,saldo_plazo_hasta_3a,Saldo plazo hasta 3 anos,Plazo corto,Saldo,1324.03472,7.189193941850594,3.25,6.66319047619047,3.91719047619048,217.47619,2.1747619,4.483,7.91908792812927,3.4131904761904703,1.2329999999999997,False
2015-09-01,2015,9,saldo_plazo_hasta_3a,Saldo plazo hasta 3 anos,Plazo corto,Saldo,1394.54118666667,7.241037566454622,3.5,7.23577272727273,4.06622727272727,234.27273,2.3427273,4.9268,7.91020063074947,3.73577272727273,1.4268,False
2015-10-01,2015,10,saldo_plazo_hasta_3a,Saldo plazo hasta 3 anos,Plazo corto,Saldo,1394.62617833333,7.241098466899183,3.5,7.01072727272727,3.864,225.90909,2.2590909,4.7596,7.87004699148263,3.5107272727272703,1.2595999999999998,False
2015-11-01,2015,11,saldo_plazo_hasta_3a,Saldo plazo hasta 3 anos,Plazo corto,Saldo,1398.34995166667,7.2437630875352355,3.5,6.69261904761905,3.95257142857143,218.90476,2.1890476000000003,4.8417,7.87714043536655,3.1926190476190497,1.3417000000000003,False
2015-12-01,2015,12,saldo_plazo_hasta_3a,Saldo plazo hasta 3 anos,Plazo corto,Saldo,1410.037395,7.25208045398214,3.75,6.70786363636364,4.07954545454545,236.65217,2.3665217000000003,4.9317,7.89924707101221,2.9578636363636397,1.1817000000000002,False
2016-01-01,2016,1,saldo_plazo_hasta_3a,Saldo plazo hasta 3 anos,Plazo corto,Saldo,1369.327465,7.222805015807561,4.0,7.02015,4.238,267.05,2.6705,4.9884,7.90094495650674,3.02015,0.9884000000000004,False
2016-02-01,2016,2,saldo_plazo_hasta_3a,Saldo plazo hasta 3 anos,Plazo corto,Saldo,1364.72081333333,7.219437636616087,4.25,7.34585714285714,4.0577619047619,282.38095,2.8238095,5.2324,7.92111679006339,3.09585714285714,0.9824000000000002,False
2016-03-01,2016,3,saldo_plazo_hasta_3a,Saldo plazo hasta 3 anos,Plazo corto,Saldo,1486.71959,7.304999750053915,4.25,7.139,3.50990476190476,226.82609,2.2682609,5.3779,7.96682877995631,2.8890000000000002,1.1279000000000003,False
2016-04-01,2016,4,saldo_plazo_hasta_3a,Saldo plazo hasta 3 anos,Plazo corto,Saldo,1905.41964,7.552982227871625,4.25,6.54485714285714,3.22447619047619,210.04762,2.1004762,5.3769,8.02653324572007,2.29485714285714,1.1269,False
2016-05-01,2016,5,saldo_plazo_hasta_3a,Saldo plazo hasta 3 anos,Plazo corto,Saldo,1910.043435,7.555404672919703,4.25,6.26581818181818,3.22086363636364,207.95455,2.0795455,5.4266,8.05332430208037,2.0158181818181804,1.1765999999999996,False
2016-06-01,2016,6,saldo_plazo_hasta_3a,Saldo plazo hasta 3 anos,Plazo corto,Saldo,2050.999595,7.6265700089222195,4.25,6.08436363636364,3.06422727272727,209.90909,2.0990908999999998,5.5167,8.05980500628028,1.8343636363636397,1.2667000000000002,False
2016-07-01,2016,7,saldo_plazo_hasta_3a,Saldo plazo hasta 3 anos,Plazo corto,Saldo,2067.52264,7.63458993097089,4.25,5.75652380952381,2.6487619047619,184.19048,1.8419048,5.4174,8.07355987597862,1.5065238095238103,1.1673999999999998,False
2016-08-01,2016,8,saldo_plazo_hasta_3a,Saldo plazo hasta 3 anos,Plazo corto,Saldo,2064.972645,7.633356409030456,4.25,5.63617391304348,2.54117391304348,169.6087,1.696087,5.0871,8.10525299480707,1.3861739130434803,0.8371000000000004,False
2016-09-01,2016,9,saldo_plazo_hasta_3a,Saldo plazo hasta 3 anos,Plazo corto,Saldo,2218.27703333333,7.7049367611667146,4.25,5.79354545454546,2.60722727272727,161.77273,1.6177272999999999,4.9469,8.14204903341092,1.5435454545454599,0.6969000000000003,False
2016-10-01,2016,10,saldo_plazo_hasta_3a,Saldo plazo hasta 3 anos,Plazo corto,Saldo,2419.57188,7.791759105282552,4.25,5.77085714285714,2.75419047619048,146.52381,1.4652380999999999,4.9397,8.19877047542736,1.5208571428571398,0.6897000000000002,False
2016-11-01,2016,11,saldo_plazo_hasta_3a,Saldo plazo hasta 3 anos,Plazo corto,Saldo,2507.81591,7.8275661718132765,4.25,6.30986363636364,3.41454545454546,167.81818,1.6781818000000002,4.9515,8.23694628022982,2.05986363636364,0.7015000000000002,False
2016-12-01,2016,12,saldo_plazo_hasta_3a,Saldo plazo hasta 3 anos,Plazo corto,Saldo,2435.87836,7.7984731385509924,4.25,6.44685714285714,3.71609523809524,164.72727,1.6472727,5.1925,8.2550705470513,2.19685714285714,0.9424999999999999,False
2017-01-01,2017,1,saldo_plazo_hasta_3a,Saldo plazo hasta 3 anos,Plazo corto,Saldo,2805.59454666667,7.939727122276122,4.25,6.35095454545454,3.49077272727273,157.3,1.5730000000000002,5.1127,8.28179495378865,2.10095454545454,0.8627000000000002,False
2017-02-01,2017,2,saldo_plazo_hasta_3a,Saldo plazo hasta 3 anos,Plazo corto,Saldo,2785.35229333333,7.932488597649598,4.25,6.26035,3.3545,152.105263157895,1.5210526315789499,5.0111,8.32931743428592,2.01035,0.7610999999999999,False
2017-03-01,2017,3,saldo_plazo_hasta_3a,Saldo plazo hasta 3 anos,Plazo corto,Saldo,2729.72616666667,7.912322847924573,4.25,6.09739130434783,3.29430434782609,141.086956521739,1.4108695652173902,4.9649,8.37276932880972,1.8473913043478296,0.7149000000000001,False
2017-04-01,2017,4,saldo_plazo_hasta_3a,Saldo plazo hasta 3 anos,Plazo corto,Saldo,2632.58504,7.876101330029193,4.25,5.87055555555556,3.22022222222222,149.444444444444,1.49444444444444,4.9442,8.44035905120784,1.6205555555555602,0.6942000000000004,False
2017-05-01,2017,5,saldo_plazo_hasta_3a,Saldo plazo hasta 3 anos,Plazo corto,Saldo,2353.22142,7.76396534456922,4.0,5.71772727272727,3.17468181818182,141.181818181818,1.4118181818181799,4.7097,8.45666595004032,1.71772727272727,0.7096999999999998,False
2017-06-01,2017,6,saldo_plazo_hasta_3a,Saldo plazo hasta 3 anos,Plazo corto,Saldo,2394.93916666667,7.781530569374903,4.0,5.57905,2.99295,143.5,1.435,4.5507,8.454424616211,1.5790499999999996,0.5507,False
2017-07-01,2017,7,saldo_plazo_hasta_3a,Saldo plazo hasta 3 anos,Plazo corto,Saldo,2306.89784,7.744092363216793,3.75,5.65947368421053,3.11636842105263,141.9,1.419,4.4816,8.44411294629431,1.9094736842105302,0.7316000000000003,False
2017-08-01,2017,8,saldo_plazo_hasta_3a,Saldo plazo hasta 3 anos,Plazo corto,Saldo,2332.48344,7.755117468728734,3.75,5.46204347826087,3.00717391304348,155.391304347826,1.55391304347826,4.2758,8.43404834891398,1.7120434782608704,0.5258000000000003,False
2017-09-01,2017,9,saldo_plazo_hasta_3a,Saldo plazo hasta 3 anos,Plazo corto,Saldo,2346.23067,7.760991473935933,3.5,5.34190476190476,2.89152380952381,144.0,1.44,3.8977,8.44522716285084,1.8419047619047602,0.39769999999999994,False
2017-10-01,2017,10,saldo_plazo_hasta_3a,Saldo plazo hasta 3 anos,Plazo corto,Saldo,2302.28558333333,7.742091897053826,3.5,5.26331818181818,3.01395454545455,139.619047619048,1.39619047619048,3.6451,8.42541769425409,1.76331818181818,0.14509999999999978,False
2017-11-01,2017,11,saldo_plazo_hasta_3a,Saldo plazo hasta 3 anos,Plazo corto,Saldo,2650.93249666667,7.883043897236202,3.25,5.2997619047619,2.99557142857143,138.809523809524,1.38809523809524,3.5737,8.42632584501934,2.0497619047619002,0.3237000000000001,False
2017-12-01,2017,12,saldo_plazo_hasta_3a,Saldo plazo hasta 3 anos,Plazo corto,Saldo,2715.15548,7.906972732990027,3.25,5.24947368421053,3.04447368421053,136.15,1.3615000000000002,3.5602,8.40796475027092,1.99947368421053,0.31020000000000003,False
2018-01-01,2018,1,saldo_plazo_hasta_3a,Saldo plazo hasta 3 anos,Plazo corto,Saldo,2611.61334,7.868106279064077,3.0,4.81809523809524,3.11365,116.608695652174,1.16608695652174,3.4641,8.33453950449729,1.81809523809524,0.4641000000000002,False
2018-02-01,2018,2,saldo_plazo_hasta_3a,Saldo plazo hasta 3 anos,Plazo corto,Saldo,2612.58892,7.8684796209145444,3.0,4.7945,3.593,132.2,1.3219999999999998,3.3265,8.332922967143,1.7945000000000002,0.3264999999999998,False
2018-03-01,2018,3,saldo_plazo_hasta_3a,Saldo plazo hasta 3 anos,Plazo corto,Saldo,2599.90835,7.863616028380314,2.75,4.845,3.66215,147.045454545455,1.47045454545455,3.2356,8.2719700517584,2.0949999999999998,0.4855999999999998,False
2018-04-01,2018,4,saldo_plazo_hasta_3a,Saldo plazo hasta 3 anos,Plazo corto,Saldo,2601.62375,7.864275349790915,2.75,5.0242,3.61835,145.238095238095,1.45238095238095,3.1521,8.18550089578463,2.2742000000000004,0.4020999999999999,False
2018-05-01,2018,5,saldo_plazo_hasta_3a,Saldo plazo hasta 3 anos,Plazo corto,Saldo,2673.08801,7.891363670358854,2.75,5.47227272727273,3.91371428571429,157.695652173913,1.5769565217391301,3.2427,8.15812519738456,2.7222727272727303,0.49270000000000014,False
2018-06-01,2018,6,saldo_plazo_hasta_3a,Saldo plazo hasta 3 anos,Plazo corto,Saldo,2966.49077,7.995472016116728,2.75,5.6626,3.8928,163.333333333333,1.63333333333333,3.4706,8.09929298476305,2.9126000000000003,0.7206000000000001,False
2018-07-01,2018,7,saldo_plazo_hasta_3a,Saldo plazo hasta 3 anos,Plazo corto,Saldo,3042.53691,8.020775575345246,2.75,5.48476190476191,3.7164,150.954545454545,1.50954545454545,3.6566,8.06241536178339,2.7347619047619096,0.9066000000000001,False
2018-08-01,2018,8,saldo_plazo_hasta_3a,Saldo plazo hasta 3 anos,Plazo corto,Saldo,3044.8379,8.021531314704806,2.75,5.4252380952381,3.73752380952381,149.260869565217,1.49260869565217,3.7944,8.02901926695809,2.6752380952381003,1.0444,False
2018-09-01,2018,9,saldo_plazo_hasta_3a,Saldo plazo hasta 3 anos,Plazo corto,Saldo,3125.4229,8.047644786540165,2.75,5.5175,3.76705263157895,139.9,1.399,3.8758,7.9700014831202,2.7675,1.1258,False
2018-10-01,2018,10,saldo_plazo_hasta_3a,Saldo plazo hasta 3 anos,Plazo corto,Saldo,3161.15637666667,8.059009471532857,2.75,5.73181818181818,3.97654545454545,142.695652173913,1.42695652173913,3.9819,7.91051162555102,2.9818181818181797,1.2319,False
2018-11-01,2018,11,saldo_plazo_hasta_3a,Saldo plazo hasta 3 anos,Plazo corto,Saldo,3202.74787333333,8.072076613872623,2.75,5.727,4.0345,156.863636363636,1.56863636363636,4.123,7.85637030572794,2.9770000000000003,1.3730000000000002,False
2018-12-01,2018,12,saldo_plazo_hasta_3a,Saldo plazo hasta 3 anos,Plazo corto,Saldo,3140.20637666667,8.052362201508423,2.75,5.74363157894737,3.77252631578947,164.809523809524,1.64809523809524,4.3114,7.82982951832825,2.9936315789473698,1.5614,False
2019-01-01,2019,1,saldo_plazo_hasta_3a,Saldo plazo hasta 3 anos,Plazo corto,Saldo,3172.82024,8.062691264321842,2.75,5.58772727272727,3.5215,152.391304347826,1.5239130434782602,4.5276,7.77412480756175,2.83772727272727,1.7775999999999996,False
2019-02-01,2019,2,saldo_plazo_hasta_3a,Saldo plazo hasta 3 anos,Plazo corto,Saldo,3170.38612333333,8.061924034180949,2.75,5.4945,3.3507,139.5,1.395,4.3563,7.79885572718277,2.7445000000000004,1.6063,False
2019-03-01,2019,3,saldo_plazo_hasta_3a,Saldo plazo hasta 3 anos,Plazo corto,Saldo,3080.16246666667,8.033062229003432,2.75,5.29923809523809,3.15290476190476,135.666666666667,1.35666666666667,4.0849,7.81020891110979,2.54923809523809,1.3349000000000002,False
2019-04-01,2019,4,saldo_plazo_hasta_3a,Saldo plazo hasta 3 anos,Plazo corto,Saldo,2655.17973333333,7.884644178989497,2.75,5.2158,3.0446,122.363636363636,1.22363636363636,4.0403,7.8131751460884,2.4657999999999998,1.2903000000000002,False
2019-05-01,2019,5,saldo_plazo_hasta_3a,Saldo plazo hasta 3 anos,Plazo corto,Saldo,2657.89613333333,7.885666328175943,2.75,5.13735454545455,2.99745454545455,135.695652173913,1.35695652173913,4.05,7.81182226365403,2.38735454545455,1.2999999999999998,False
2019-06-01,2019,6,saldo_plazo_hasta_3a,Saldo plazo hasta 3 anos,Plazo corto,Saldo,2533.27426666667,7.837662589699221,2.75,4.81719,2.67335,129.15,1.2915,4.0253,7.83626268381355,2.06719,1.2752999999999997,False
2019-07-01,2019,7,saldo_plazo_hasta_3a,Saldo plazo hasta 3 anos,Plazo corto,Saldo,2743.06354,7.9171951445543565,2.75,4.4401,2.66909523809524,116.130434782609,1.16130434782609,3.9249,7.77225596262161,1.6901000000000002,1.1749,False
2019-08-01,2019,8,saldo_plazo_hasta_3a,Saldo plazo hasta 3 anos,Plazo corto,Saldo,2865.1706,7.960732132087586,2.5,4.228985,2.34045,127.090909090909,1.2709090909090899,3.7128,7.71228944879112,1.7289849999999998,1.2128,False
2019-09-01,2019,9,saldo_plazo_hasta_3a,Saldo plazo hasta 3 anos,Plazo corto,Saldo,2714.29792,7.906656957471405,2.5,4.15212380952381,2.41766666666667,116.428571428571,1.1642857142857101,3.5263,7.6926466564655,1.6521238095238102,1.0263,False
2019-10-01,2019,10,saldo_plazo_hasta_3a,Saldo plazo hasta 3 anos,Plazo corto,Saldo,2657.8889,7.885663607745054,2.5,4.07454285714286,2.51552380952381,126.913043478261,1.26913043478261,3.4438,7.65101237137315,1.57454285714286,0.9438,False
2019-11-01,2019,11,saldo_plazo_hasta_3a,Saldo plazo hasta 3 anos,Plazo corto,Saldo,2703.341,7.90261353867918,2.25,4.23969,2.59395,126.761904761905,1.26761904761905,3.3523,7.56679301096734,1.9896900000000004,1.1023,False
2019-12-01,2019,12,saldo_plazo_hasta_3a,Saldo plazo hasta 3 anos,Plazo corto,Saldo,2677.8824,7.893154971604624,2.25,4.3559380952381,2.512,115.909090909091,1.15909090909091,3.2587,7.44662178370309,2.1059380952381,1.0087000000000002,False
2020-01-01,2020,1,saldo_plazo_hasta_3a,Saldo plazo hasta 3 anos,Plazo corto,Saldo,2248.9402,7.718658917067493,2.25,4.50230909090909,2.40831818181818,113.869565217391,1.13869565217391,3.2747,7.35923135788744,2.2523090909090904,1.0247000000000002,False
2020-02-01,2020,2,saldo_plazo_hasta_3a,Saldo plazo hasta 3 anos,Plazo corto,Saldo,2335.04845,7.756216084315226,2.25,4.258095,2.23695,122.2,1.222,3.1977,7.35390734329301,2.008095,0.9477000000000002,False
2020-03-01,2020,3,saldo_plazo_hasta_3a,Saldo plazo hasta 3 anos,Plazo corto,Saldo,2334.45844,7.7559634848791,1.25,5.08725909090909,2.65986363636364,248.909090909091,2.48909090909091,3.0473,7.29802047761045,3.8372590909090896,1.7973,False
2020-04-01,2020,4,saldo_plazo_hasta_3a,Saldo plazo hasta 3 anos,Plazo corto,Saldo,2328.89714,7.75357939966254,0.25,5.0255,2.57965,277.954545454545,2.77954545454545,2.3516,7.20143184392124,4.7755,2.1016,False
2020-05-01,2020,5,saldo_plazo_hasta_3a,Saldo plazo hasta 3 anos,Plazo corto,Saldo,2327.263965,7.752878189450997,0.25,4.4295,2.3558,222.35,2.2235,1.4852,5.80260325458287,4.1795,1.2352,False
2020-06-01,2020,6,saldo_plazo_hasta_3a,Saldo plazo hasta 3 anos,Plazo corto,Saldo,2195.54227,7.694639707482885,0.25,4.39,2.15714285714286,180.136363636364,1.80136363636364,1.0749,5.00634998054599,4.14,0.8249,False
2020-07-01,2020,7,saldo_plazo_hasta_3a,Saldo plazo hasta 3 anos,Plazo corto,Saldo,2193.146505,7.693548413902067,0.25,4.24045454545455,1.85740909090909,169.347826086957,1.6934782608695702,0.9011,4.83971287679542,3.9904545454545497,0.6511,False
2020-08-01,2020,8,saldo_plazo_hasta_3a,Saldo plazo hasta 3 anos,Plazo corto,Saldo,2160.29449,7.678462622095053,0.25,4.06714285714286,1.65052380952381,145.636363636364,1.4563636363636399,1.09,4.42307239513293,3.8171428571428603,0.8400000000000001,False
2020-09-01,2020,9,saldo_plazo_hasta_3a,Saldo plazo hasta 3 anos,Plazo corto,Saldo,2124.4576,7.661742399352405,0.25,4.18681818181818,1.79659090909091,160.409090909091,1.60409090909091,1.0285,4.30721669458437,3.9368181818181798,0.7785,False
2020-10-01,2020,10,saldo_plazo_hasta_3a,Saldo plazo hasta 3 anos,Plazo corto,Saldo,2124.821385,7.661913540791097,0.25,4.20545454545454,1.76445454545455,150.181818181818,1.50181818181818,0.7759,4.1821950360515,3.95545454545454,0.5259,False
2020-11-01,2020,11,saldo_plazo_hasta_3a,Saldo plazo hasta 3 anos,Plazo corto,Saldo,1769.49122,7.479012312488547,0.25,4.01450476190476,1.78771428571429,147.0,1.47,0.6906,4.09957895654608,3.7645047619047602,0.4406,False
2020-12-01,2020,12,saldo_plazo_hasta_3a,Saldo plazo hasta 3 anos,Plazo corto,Saldo,1589.46502,7.371781717863412,0.25,3.63264285714286,1.73285714285714,143.304347826087,1.4330434782608699,0.6189,4.00137293695925,3.38264285714286,0.3689,False
2021-01-01,2021,1,saldo_plazo_hasta_3a,Saldo plazo hasta 3 anos,Plazo corto,Saldo,1549.30444,7.346206603530029,0.25,3.658,1.81105,131.619047619048,1.31619047619048,0.6644,3.93054875,3.408,0.4144,False
2021-02-01,2021,2,saldo_plazo_hasta_3a,Saldo plazo hasta 3 anos,Plazo corto,Saldo,1549.59165,7.346391846758106,0.25,3.9115,2.0384,138.1,1.381,0.5929,3.88365747957866,3.6615,0.3429,False
2021-03-01,2021,3,saldo_plazo_hasta_3a,Saldo plazo hasta 3 anos,Plazo corto,Saldo,1547.4637500125,7.345018589395945,0.25,4.68608695652174,2.641,165.086956521739,1.6508695652173901,0.5577,3.84142498051546,4.43608695652174,0.3077,False
2021-04-01,2021,4,saldo_plazo_hasta_3a,Saldo plazo hasta 3 anos,Plazo corto,Saldo,1548.5592566793,7.345725818948531,0.25,5.09,2.70985,164.5,1.645,0.5062,3.79115747642998,4.84,0.2562,False
2021-05-01,2021,5,saldo_plazo_hasta_3a,Saldo plazo hasta 3 anos,Plazo corto,Saldo,1473.7406566794,7.296237427334653,0.25,4.99,2.75547619047619,163.571428571429,1.6357142857142901,0.6641,3.73745845968402,4.74,0.4141,False
2021-06-01,2021,6,saldo_plazo_hasta_3a,Saldo plazo hasta 3 anos,Plazo corto,Saldo,1243.8242833462,7.126749661063383,0.25,5.27323809523809,2.66280952380952,169.227272727273,1.69227272727273,0.9206,3.70401900108905,5.02323809523809,0.6706,False
2021-07-01,2021,7,saldo_plazo_hasta_3a,Saldo plazo hasta 3 anos,Plazo corto,Saldo,1058.9843022485,6.966009377796928,0.25,5.6647,2.4939,170.0,1.7,0.7924,3.79669316287069,5.4147,0.5424,False
2021-08-01,2021,8,saldo_plazo_hasta_3a,Saldo plazo hasta 3 anos,Plazo corto,Saldo,1058.3393267096,6.965400716099394,0.5,6.35523809523809,2.57761904761905,183.0,1.83,0.8452,3.81270919613097,5.85523809523809,0.34519999999999995,False
2021-09-01,2021,9,saldo_plazo_hasta_3a,Saldo plazo hasta 3 anos,Plazo corto,Saldo,898.7163756456,6.802079575486287,1.0,6.34227272727273,2.60063636363636,174.0,1.74,1.2422,3.88117324129765,5.34227272727273,0.24219999999999997,False
2021-10-01,2021,10,saldo_plazo_hasta_3a,Saldo plazo hasta 3 anos,Plazo corto,Saldo,854.4737533396,6.751655412954655,1.5,5.9495,2.75625,171.619047619048,1.7161904761904798,1.7906,3.94905991486097,4.4495,0.29059999999999997,False
2021-11-01,2021,11,saldo_plazo_hasta_3a,Saldo plazo hasta 3 anos,Plazo corto,Saldo,808.3823870824,6.696271471743427,2.0,5.86571428571429,2.85347619047619,179.363636363636,1.7936363636363601,2.3431,4.02097586013207,3.86571428571429,0.3431000000000002,False
2021-12-01,2021,12,saldo_plazo_hasta_3a,Saldo plazo hasta 3 anos,Plazo corto,Saldo,809.6716986988,6.697863161675163,2.5,5.92563636363636,2.80695454545455,174.304347826087,1.74304347826087,2.8714,4.11394529379854,3.42563636363636,0.37139999999999995,False
2022-01-01,2022,1,saldo_plazo_hasta_3a,Saldo plazo hasta 3 anos,Plazo corto,Saldo,806.0953710336,6.693441841006731,3.0,6.07457142857143,3.09204761904762,176.761904761905,1.7676190476190499,3.5743,4.20262820902694,3.0745714285714296,0.5743,False
2022-02-01,2022,2,saldo_plazo_hasta_3a,Saldo plazo hasta 3 anos,Plazo corto,Saldo,745.1160924704,6.614881208029747,3.5,6.071,3.4629,197.75,1.9775,4.1679,4.2906273925101,2.5709999999999997,0.6679000000000004,False
2022-03-01,2022,3,saldo_plazo_hasta_3a,Saldo plazo hasta 3 anos,Plazo corto,Saldo,739.3392237399,6.607108491619564,4.0,6.59782608695652,3.5704347826087,200.739130434783,2.0073913043478298,4.553,4.39096306762848,2.5978260869565197,0.5529999999999999,False
2022-04-01,2022,4,saldo_plazo_hasta_3a,Saldo plazo hasta 3 anos,Plazo corto,Saldo,740.8662945593,6.6091690309184035,4.5,7.37315789473684,4.16131578947368,186.666666666667,1.86666666666667,5.3908,4.53163792121834,2.87315789473684,0.8907999999999996,False
2022-05-01,2022,5,saldo_plazo_hasta_3a,Saldo plazo hasta 3 anos,Plazo corto,Saldo,669.448300227,6.507946593450605,5.0,7.92363636363636,4.56222727272727,217.545454545455,2.1754545454545497,6.1156,4.70692227109288,2.9236363636363603,1.1155999999999997,False
2022-06-01,2022,6,saldo_plazo_hasta_3a,Saldo plazo hasta 3 anos,Plazo corto,Saldo,670.7572180722,6.509896992614202,5.5,7.858,4.77219047619048,213.545454545455,2.1354545454545497,6.5066,4.95452828665271,2.3579999999999997,1.0065999999999997,False
2022-07-01,2022,7,saldo_plazo_hasta_3a,Saldo plazo hasta 3 anos,Plazo corto,Saldo,442.5379829432,6.094783441697311,6.0,8.21631578947368,4.74931578947368,235.428571428571,2.35428571428571,7.1747,5.13409390416655,2.216315789473679,1.1746999999999996,False
2022-08-01,2022,8,saldo_plazo_hasta_3a,Saldo plazo hasta 3 anos,Plazo corto,Saldo,283.4853710464,5.650681832372283,6.5,7.90872727272727,4.53818181818182,211.0,2.11,7.8556,5.35904493680998,1.40872727272727,1.3556,False
2022-09-01,2022,9,saldo_plazo_hasta_3a,Saldo plazo hasta 3 anos,Plazo corto,Saldo,279.7057752124,5.637307057478953,6.75,8.30590909090909,5.26540909090909,225.273454545455,2.2527345454545498,7.9938,5.58356719333656,1.5559090909090898,1.2438000000000002,False
2022-10-01,2022,10,saldo_plazo_hasta_3a,Saldo plazo hasta 3 anos,Plazo corto,Saldo,129.78236973544,4.873534641983034,7.0,8.64571428571429,6.02866666666667,242.587095238095,2.42587095238095,8.2644,5.86119286699759,1.6457142857142895,1.2644000000000002,False
2022-11-01,2022,11,saldo_plazo_hasta_3a,Saldo plazo hasta 3 anos,Plazo corto,Saldo,36.861114213,3.633924575168519,7.25,7.86476190476191,5.48057142857143,203.406909090909,2.03406909090909,8.4504,6.10406191790094,0.6147619047619104,1.2004000000000001,False
2022-12-01,2022,12,saldo_plazo_hasta_3a,Saldo plazo hasta 3 anos,Plazo corto,Saldo,36.4781415978,3.623757872304189,7.5,7.8615,5.17145,195.5,1.955,8.7459,6.3692162201999,0.3615000000000004,1.2459000000000007,False
2023-01-01,2023,1,saldo_plazo_hasta_3a,Saldo plazo hasta 3 anos,Plazo corto,Saldo,31.086114213,3.468423357512401,7.75,7.95952380952381,5.21561904761905,207.045454545455,2.0704545454545498,9.4381,6.63189134989598,0.20952380952380967,1.6881000000000004,False
2023-02-01,2023,2,saldo_plazo_hasta_3a,Saldo plazo hasta 3 anos,Plazo corto,Saldo,10.133333384,2.4099436158654433,7.75,7.87935,5.3419,192.3,1.923,9.4919,6.850617510557,0.12934999999999963,1.7418999999999993,False
2023-03-01,2023,3,saldo_plazo_hasta_3a,Saldo plazo hasta 3 anos,Plazo corto,Saldo,5.013333396,1.7939792363876539,7.75,7.71669565217391,5.34278260869565,203.826086956522,2.03826086956522,9.0567,7.10922194994223,-0.03330434782608993,1.3066999999999993,False
2023-04-01,2023,4,saldo_plazo_hasta_3a,Saldo plazo hasta 3 anos,Plazo corto,Saldo,4.9466667285,1.7828308488817357,7.75,7.48888888888889,5.19622222222222,201.9,2.019,9.0685,7.38043153540864,-0.2611111111111102,1.3185000000000002,False
2023-05-01,2023,5,saldo_plazo_hasta_3a,Saldo plazo hasta 3 anos,Plazo corto,Saldo,4.906666728,1.7760816668925723,7.75,7.275,5.24172727272727,197.391304347826,1.9739130434782601,9.1889,7.61044798189717,-0.47499999999999964,1.4389000000000003,False
2023-06-01,2023,6,saldo_plazo_hasta_3a,Saldo plazo hasta 3 anos,Plazo corto,Saldo,4.8400000605,1.7647308071997247,7.75,7.07380952380952,5.24138095238095,181.090909090909,1.8109090909090901,9.3105,7.81145511418098,-0.67619047619048,1.5604999999999993,False
2023-07-01,2023,7,saldo_plazo_hasta_3a,Saldo plazo hasta 3 anos,Plazo corto,Saldo,4.8133333935,1.7601541401624945,7.75,6.7555,5.2575,168.904761904762,1.68904761904762,9.244,7.99690744269487,-0.9945000000000004,1.4939999999999998,False
2023-08-01,2023,8,saldo_plazo_hasta_3a,Saldo plazo hasta 3 anos,Plazo corto,Saldo,4.9200000615,1.7783364592844277,7.75,6.84409090909091,5.58609090909091,167.227272727273,1.67227272727273,9.041,8.14090107239871,-0.9059090909090903,1.2910000000000004,False
2023-09-01,2023,9,saldo_plazo_hasta_3a,Saldo plazo hasta 3 anos,Plazo corto,Saldo,0.0,0.0,7.5,6.96857142857143,5.81652380952381,169.095238095238,1.6909523809523799,8.8215,8.28878510406768,-0.5314285714285703,1.3215000000000003,False
2023-10-01,2023,10,saldo_plazo_hasta_3a,Saldo plazo hasta 3 anos,Plazo corto,Saldo,0.0,0.0,7.25,7.62454545454545,6.32286363636364,179.954545454545,1.7995454545454501,8.3505,8.44068972530412,0.37454545454544963,1.1005000000000003,False
2023-11-01,2023,11,saldo_plazo_hasta_3a,Saldo plazo hasta 3 anos,Plazo corto,Saldo,0.0,0.0,7.0,7.17190476190476,5.93028571428571,175.181818181818,1.75181818181818,7.9954,8.53156476033984,0.17190476190476023,0.9954000000000001,False
2023-12-01,2023,12,saldo_plazo_hasta_3a,Saldo plazo hasta 3 anos,Plazo corto,Saldo,0.0,0.0,6.75,6.86847368421053,5.22494736842105,162.428571428571,1.62428571428571,7.656,8.62378590230264,0.11847368421052984,0.9059999999999997,False
2024-01-01,2024,1,saldo_plazo_hasta_3a,Saldo plazo hasta 3 anos,Plazo corto,Saldo,0.0,0.0,6.5,6.67952380952381,5.4167619047619,170.434782608696,1.70434782608696,7.294,8.69869046961524,0.1795238095238103,0.7939999999999996,False
2024-02-01,2024,2,saldo_plazo_hasta_3a,Saldo plazo hasta 3 anos,Plazo corto,Saldo,0.0,0.0,6.25,6.75380952380952,5.53071428571429,160.285714285714,1.6028571428571399,6.8902,8.74071778178379,0.5038095238095197,0.6402000000000001,False
2024-03-01,2024,3,saldo_plazo_hasta_3a,Saldo plazo hasta 3 anos,Plazo corto,Saldo,0.0,0.0,6.25,7.00578947368421,5.50626315789474,152.666666666667,1.52666666666667,6.5961,8.76694823582294,0.7557894736842101,0.34609999999999985,False
2024-04-01,2024,4,saldo_plazo_hasta_3a,Saldo plazo hasta 3 anos,Plazo corto,Saldo,0.0,0.0,6.0,7.38204545454545,5.85754545454545,153.772727272727,1.53772727272727,6.4786,8.78031366488921,1.38204545454545,0.47860000000000014,False
2024-05-01,2024,5,saldo_plazo_hasta_3a,Saldo plazo hasta 3 anos,Plazo corto,Saldo,0.0,0.0,5.75,7.09540909090909,5.76072727272727,155.826086956522,1.55826086956522,6.3612,8.80480909118507,1.34540909090909,0.6112000000000002,False
2024-06-01,2024,6,saldo_plazo_hasta_3a,Saldo plazo hasta 3 anos,Plazo corto,Saldo,0.0,0.0,5.75,7.08842105263158,5.63131578947368,160.9,1.609,6.238,8.79372542941437,1.3384210526315803,0.48800000000000043,False
2024-07-01,2024,7,saldo_plazo_hasta_3a,Saldo plazo hasta 3 anos,Plazo corto,Saldo,0.0,0.0,5.75,6.9725,5.5434,158.695652173913,1.58695652173913,5.9434,8.882805081995,1.2225000000000001,0.19339999999999957,False
2024-08-01,2024,8,saldo_plazo_hasta_3a,Saldo plazo hasta 3 anos,Plazo corto,Saldo,0.0,0.0,5.5,6.5835,5.1731,169.5,1.695,5.736,8.92989630054711,1.0835,0.23599999999999977,False
2024-09-01,2024,9,saldo_plazo_hasta_3a,Saldo plazo hasta 3 anos,Plazo corto,Saldo,0.0,0.0,5.25,6.36185714285714,5.02190476190476,162.578947368421,1.6257894736842102,5.5418,8.96187040666967,1.11185714285714,0.2918000000000003,False
2024-10-01,2024,10,saldo_plazo_hasta_3a,Saldo plazo hasta 3 anos,Plazo corto,Saldo,0.0,0.0,5.25,6.52246818181818,5.36572727272727,153.68,1.5368000000000002,5.5019,8.7951748787329,1.27246818181818,0.2519,False
2024-11-01,2024,11,saldo_plazo_hasta_3a,Saldo plazo hasta 3 anos,Plazo corto,Saldo,0.0,0.0,5.0,6.669,5.6087,155.263157894737,1.55263157894737,5.4011,7.44683165341243,1.6689999999999996,0.40109999999999957,False
2024-12-01,2024,12,saldo_plazo_hasta_3a,Saldo plazo hasta 3 anos,Plazo corto,Saldo,1.131,0.7565913531164801,5.0,6.62515789473684,5.67389473684211,154.380952380952,1.5438095238095202,5.1856,7.47131200827443,1.62515789473684,0.1856,False
2025-01-01,2025,1,saldo_plazo_hasta_3a,Saldo plazo hasta 3 anos,Plazo corto,Saldo,2.9574,1.3755872439762025,4.75,6.69,5.90368181818182,156.761904761905,1.56761904761905,5.0934,7.49907664706817,1.9400000000000004,0.3433999999999999,False
2025-02-01,2025,2,saldo_plazo_hasta_3a,Saldo plazo hasta 3 anos,Plazo corto,Saldo,4.8392,1.7645938011552855,4.75,6.4725,5.74665,158.25,1.5825,5.0581,7.52122935000511,1.7225000000000001,0.3080999999999996,False
2025-03-01,2025,3,saldo_plazo_hasta_3a,Saldo plazo hasta 3 anos,Plazo corto,Saldo,4.82605,1.762339240718061,4.75,6.4852380952381,5.59780952380952,163.354838709677,1.6335483870967702,4.9808,7.55728149897883,1.7352380952381,0.23080000000000034,False
2025-04-01,2025,4,saldo_plazo_hasta_3a,Saldo plazo hasta 3 anos,Plazo corto,Saldo,4.82605,1.762339240718061,4.75,6.604,5.6705,177.571428571429,1.77571428571429,5.1185,7.52794557568402,1.854,0.36850000000000005,False
2025-05-01,2025,5,saldo_plazo_hasta_3a,Saldo plazo hasta 3 anos,Plazo corto,Saldo,4.77345,1.7532698221141976,4.5,6.48666666666667,5.60052380952381,158.58064516129,1.5858064516129,5.0515,7.55206145805733,1.98666666666667,0.5514999999999999,False
2025-06-01,2025,6,saldo_plazo_hasta_3a,Saldo plazo hasta 3 anos,Plazo corto,Saldo,4.6551,1.7325577928776925,4.5,6.41190476190476,5.51895238095238,153.833333333333,1.53833333333333,4.9998,7.54014850637851,1.9119047619047604,0.4997999999999996,False
2025-07-01,2025,7,saldo_plazo_hasta_3a,Saldo plazo hasta 3 anos,Plazo corto,Saldo,4.72085,1.7441173957502139,4.5,6.18745,5.5105,140.612903225806,1.4061290322580602,5.0848,7.54163430944622,1.6874500000000001,0.5848000000000004,False
2025-08-01,2025,8,saldo_plazo_hasta_3a,Saldo plazo hasta 3 anos,Plazo corto,Saldo,4.64195,1.7302297504348996,4.5,6.01696,5.3269,133.322580645161,1.33322580645161,5.0419,7.56402905364994,1.51696,0.5419,False
2025-09-01,2025,9,saldo_plazo_hasta_3a,Saldo plazo hasta 3 anos,Plazo corto,Saldo,4.56305,1.7161465190089034,4.25,6.12590909090909,5.11172727272727,124.107142857143,1.24107142857143,4.9333,7.56109725841028,1.87590909090909,0.6833,False
2025-10-01,2025,10,saldo_plazo_hasta_3a,Saldo plazo hasta 3 anos,Plazo corto,Saldo,4.43155,1.692224544409456,4.25,6.10583636363637,5.07618181818182,123.516129032258,1.23516129032258,4.8992,7.55898200976963,1.85583636363637,0.6492000000000004,False
2025-11-01,2025,11,saldo_plazo_hasta_3a,Saldo plazo hasta 3 anos,Plazo corto,Saldo,4.4184,1.689800568918557,4.25,6.00445,5.1118,125.6,1.256,4.8408,7.54117283637899,1.7544500000000003,0.5907999999999998,False
2025-12-01,2025,12,saldo_plazo_hasta_3a,Saldo plazo hasta 3 anos,Plazo corto,Saldo,44.4184,3.815917309284588,4.25,5.82715789473684,5.09484210526316,127.0,1.27,4.7816,7.44751485314968,1.5771578947368399,0.5316000000000001,False
