id,instrumento,periodo,Y_log_volumen,X1_tasa_referencia,X2_prima_plazo,X3_riesgo_pais
1,Arrendamiento financiero,2011-01,2.6979998652487085,3.25,2.5962857142857096,1.4557143
2,Arrendamiento financiero,2011-02,0.0,3.5,2.51595,1.461
3,Arrendamiento financiero,2011-03,3.65914163584998,3.75,2.60333612040134,1.5678261
4,Arrendamiento financiero,2011-04,0.0,4.0,2.94410092633545,1.9290476
5,Arrendamiento financiero,2011-05,0.0,4.25,2.4725020222856697,1.8722727
6,Arrendamiento financiero,2011-06,2.060195009733972,4.25,2.20763825900731,1.9236364
7,Arrendamiento financiero,2011-07,3.1986012782356057,4.25,1.98626241920591,1.7085714
8,Arrendamiento financiero,2011-08,0.0,4.25,1.67853521749067,1.9956522
9,Arrendamiento financiero,2011-09,2.0275388511218355,4.25,1.37017803787122,2.3745455
10,Arrendamiento financiero,2011-10,0.0,4.25,1.4748322210866904,2.3195238
11,Arrendamiento financiero,2011-11,3.332204510175204,4.25,1.4173432296186803,2.1418182
12,Arrendamiento financiero,2011-12,3.182821613053754,4.25,1.4453293398377005,2.1631818000000003
13,Arrendamiento financiero,2012-01,0.0,4.25,1.4377609398031002,2.1940909
14,Arrendamiento financiero,2012-02,1.9765224876719945,4.25,1.3020364322611204,1.992381
15,Arrendamiento financiero,2012-03,0.0,4.25,1.1574619276424896,1.6559091
16,Arrendamiento financiero,2012-04,2.738209470276588,4.25,1.0670918414560804,1.6414286000000002
17,Arrendamiento financiero,2012-05,0.0,4.25,0.9111689535072998,1.8052174
18,Arrendamiento financiero,2012-06,0.0,4.25,0.89383563093637,1.8842857
19,Arrendamiento financiero,2012-07,1.6105353100729884,4.25,0.7735416666666701,1.6259091
20,Arrendamiento financiero,2012-08,0.0,4.25,0.6041943748259504,1.3313043
21,Arrendamiento financiero,2012-09,2.16644458530141,4.25,0.4265961820586801,1.24
22,Arrendamiento financiero,2012-10,2.1795719038987293,4.25,0.3036367424242403,1.0804348
23,Arrendamiento financiero,2012-11,0.0,4.25,0.2098128345221104,1.2295455
24,Arrendamiento financiero,2012-12,2.375491629427106,4.25,-0.0866843834270296,1.1719048
25,Arrendamiento financiero,2013-01,0.0,4.25,-0.1824953020464397,1.1004348
26,Arrendamiento financiero,2013-02,2.9667076036383744,4.25,-0.0980923588164497,1.2705
27,Arrendamiento financiero,2013-03,0.0,4.25,-0.1016138581228096,1.4028571
28,Arrendamiento financiero,2013-04,0.0,4.25,-0.1936594806224603,1.3254545
29,Arrendamiento financiero,2013-05,4.354146058422997,4.25,-0.0481818181818196,1.3373913
30,Arrendamiento financiero,2013-06,0.0,4.25,1.0694671626005103,1.798
31,Arrendamiento financiero,2013-07,0.0,4.25,1.0101522889957204,1.7569565
32,Arrendamiento financiero,2013-08,3.9431340004531994,4.25,1.2127125966726604,1.9054545
33,Arrendamiento financiero,2013-09,0.0,4.25,1.35047619047619,1.8338095
34,Arrendamiento financiero,2013-10,2.196274125800224,4.25,1.06727272727273,1.7286957
35,Arrendamiento financiero,2013-11,3.7936808134730127,4.0,1.4669999999999996,1.8342857
36,Arrendamiento financiero,2013-12,0.0,4.0,1.6055,1.7654545
37,Arrendamiento financiero,2014-01,3.4339872044851463,4.0,1.7199999999999998,1.76
38,Arrendamiento financiero,2014-02,0.0,4.0,2.4255000000000004,1.8225
39,Arrendamiento financiero,2014-03,3.370738174177447,4.0,2.16490476190476,1.672381
40,Arrendamiento financiero,2014-04,0.0,4.0,1.951,1.5354545
41,Arrendamiento financiero,2014-05,5.303304908059076,4.0,1.6409523809523805,1.4940909
42,Arrendamiento financiero,2014-06,0.0,4.0,1.3723809523809498,1.4542857
43,Arrendamiento financiero,2014-07,3.9318256327243257,3.75,1.4269999999999996,1.4634782999999998
44,Arrendamiento financiero,2014-08,3.044522437723423,3.75,1.44790476190476,1.5728571
45,Arrendamiento financiero,2014-09,0.0,3.5,1.8354545454545503,1.4968182
46,Arrendamiento financiero,2014-10,0.0,3.5,1.8599545454545403,1.7026087
47,Arrendamiento financiero,2014-11,0.0,3.5,1.93935,1.6535
48,Arrendamiento financiero,2014-12,0.0,3.5,1.8597142857142896,1.8191304
49,Arrendamiento financiero,2015-01,0.0,3.25,2.0466,2.0122727
50,Arrendamiento financiero,2015-02,0.0,3.25,2.0355,1.8285
51,Arrendamiento financiero,2015-03,0.0,3.25,2.27668181818182,1.8445455
52,Arrendamiento financiero,2015-04,0.0,3.25,2.2880909090909096,1.7695455000000002
53,Arrendamiento financiero,2015-05,3.484312288372662,3.25,2.6519000000000004,1.6590476
54,Arrendamiento financiero,2015-06,0.0,3.25,2.9216666666666704,1.765
55,Arrendamiento financiero,2015-07,0.0,3.25,3.2216500000000003,1.8669565
56,Arrendamiento financiero,2015-08,0.0,3.25,3.4131904761904703,2.1747619
57,Arrendamiento financiero,2015-09,4.298794471089057,3.5,3.73577272727273,2.3427273
58,Arrendamiento financiero,2015-10,0.0,3.5,3.5107272727272703,2.2590909
59,Arrendamiento financiero,2015-11,0.0,3.5,3.1926190476190497,2.1890476000000003
60,Arrendamiento financiero,2015-12,0.0,3.75,2.95786363636364,2.3665217000000003
61,Arrendamiento financiero,2016-01,0.0,4.0,3.02015,2.6705
62,Arrendamiento financiero,2016-02,0.0,4.25,3.09585714285714,2.8238095
63,Arrendamiento financiero,2016-03,3.070040261417523,4.25,2.889,2.2682609
64,Arrendamiento financiero,2016-04,0.0,4.25,2.29485714285714,2.1004762
65,Arrendamiento financiero,2016-05,0.0,4.25,2.0158181818181804,2.0795455
66,Arrendamiento financiero,2016-06,0.0,4.25,1.83436363636364,2.0990909
67,Arrendamiento financiero,2016-07,2.6298839539970444,4.25,1.5065238095238105,1.8419048
68,Arrendamiento financiero,2016-08,0.0,4.25,1.3861739130434805,1.696087
69,Arrendamiento financiero,2016-09,0.0,4.25,1.54354545454546,1.6177273
70,Arrendamiento financiero,2016-10,5.504415995001419,4.25,1.5208571428571398,1.4652381
71,Arrendamiento financiero,2016-11,0.0,4.25,2.05986363636364,1.6781818000000002
72,Arrendamiento financiero,2016-12,0.0,4.25,2.19685714285714,1.6472727
73,Arrendamiento financiero,2017-01,5.303304908059076,4.25,2.10095454545454,1.5730000000000002
74,Arrendamiento financiero,2017-02,0.0,4.25,2.01035,1.52105263157895
75,Arrendamiento financiero,2017-03,0.0,4.25,1.8473913043478296,1.4108695652173902
76,Arrendamiento financiero,2017-04,2.9999035616228014,4.25,1.6205555555555602,1.49444444444444
77,Arrendamiento financiero,2017-05,0.0,4.0,1.71772727272727,1.41181818181818
78,Arrendamiento financiero,2017-06,0.0,4.0,1.5790499999999996,1.435
79,Arrendamiento financiero,2017-07,0.0,3.75,1.9094736842105304,1.419
80,Arrendamiento financiero,2017-08,3.4527013205292665,3.75,1.7120434782608704,1.55391304347826
81,Arrendamiento financiero,2017-09,4.131637135656852,3.5,1.84190476190476,1.44
82,Arrendamiento financiero,2017-10,0.0,3.5,1.76331818181818,1.39619047619048
83,Arrendamiento financiero,2017-11,0.0,3.25,2.0497619047619,1.38809523809524
84,Arrendamiento financiero,2017-12,5.068904202220232,3.25,1.99947368421053,1.3615000000000002
85,Arrendamiento financiero,2018-01,0.0,3.0,1.81809523809524,1.16608695652174
86,Arrendamiento financiero,2018-02,0.0,3.0,1.7945000000000002,1.3219999999999998
87,Arrendamiento financiero,2018-03,3.0259005987365444,2.75,2.095,1.47045454545455
88,Arrendamiento financiero,2018-04,0.0,2.75,2.2742000000000004,1.45238095238095
89,Arrendamiento financiero,2018-05,0.0,2.75,2.7222727272727303,1.57695652173913
90,Arrendamiento financiero,2018-06,2.4955011625503865,2.75,2.9126000000000003,1.63333333333333
91,Arrendamiento financiero,2018-07,0.0,2.75,2.7347619047619096,1.50954545454545
92,Arrendamiento financiero,2018-08,3.255458445929888,2.75,2.6752380952381003,1.49260869565217
93,Arrendamiento financiero,2018-09,4.454347296253507,2.75,2.7675,1.399
94,Arrendamiento financiero,2018-10,0.0,2.75,2.98181818181818,1.42695652173913
95,Arrendamiento financiero,2018-11,0.0,2.75,2.9770000000000003,1.56863636363636
96,Arrendamiento financiero,2018-12,0.0,2.75,2.9936315789473698,1.64809523809524
97,Arrendamiento financiero,2019-01,0.0,2.75,2.83772727272727,1.5239130434782602
98,Arrendamiento financiero,2019-02,0.0,2.75,2.7445000000000004,1.395
99,Arrendamiento financiero,2019-03,0.0,2.75,2.54923809523809,1.35666666666667
100,Arrendamiento financiero,2019-04,0.0,2.75,2.4658,1.22363636363636
101,Arrendamiento financiero,2019-05,0.0,2.75,2.38735454545455,1.35695652173913
102,Arrendamiento financiero,2019-06,3.3150576247013994,2.75,2.06719,1.2915
103,Arrendamiento financiero,2019-07,0.0,2.75,1.6901000000000002,1.16130434782609
104,Arrendamiento financiero,2019-08,0.0,2.5,1.7289849999999998,1.27090909090909
105,Arrendamiento financiero,2019-09,0.0,2.5,1.6521238095238102,1.16428571428571
106,Arrendamiento financiero,2019-10,0.0,2.5,1.57454285714286,1.26913043478261
107,Arrendamiento financiero,2019-11,3.543130877550822,2.25,1.9896900000000004,1.26761904761905
108,Arrendamiento financiero,2019-12,0.0,2.25,2.1059380952381,1.15909090909091
109,Arrendamiento financiero,2020-01,0.0,2.25,2.2523090909090904,1.13869565217391
110,Arrendamiento financiero,2020-02,0.0,2.25,2.008095,1.222
111,Arrendamiento financiero,2020-03,0.0,1.25,3.8372590909090896,2.48909090909091
112,Arrendamiento financiero,2020-04,0.0,0.25,4.7755,2.77954545454545
113,Arrendamiento financiero,2020-05,0.0,0.25,4.1795,2.2235
114,Arrendamiento financiero,2020-06,0.0,0.25,4.14,1.80136363636364
115,Arrendamiento financiero,2020-07,0.0,0.25,3.9904545454545497,1.6934782608695702
116,Arrendamiento financiero,2020-08,0.0,0.25,3.81714285714286,1.45636363636364
117,Arrendamiento financiero,2020-09,3.3945083935113587,0.25,3.93681818181818,1.60409090909091
118,Arrendamiento financiero,2020-10,0.0,0.25,3.95545454545454,1.50181818181818
119,Arrendamiento financiero,2020-11,0.0,0.25,3.76450476190476,1.47
120,Arrendamiento financiero,2020-12,0.0,0.25,3.38264285714286,1.43304347826087
121,Arrendamiento financiero,2021-01,0.0,0.25,3.408,1.31619047619048
122,Arrendamiento financiero,2021-02,3.5080407972801533,0.25,3.6615,1.381
123,Arrendamiento financiero,2021-03,0.0,0.25,4.43608695652174,1.65086956521739
124,Arrendamiento financiero,2021-04,0.0,0.25,4.84,1.645
125,Arrendamiento financiero,2021-05,0.0,0.25,4.74,1.63571428571429
126,Arrendamiento financiero,2021-06,0.0,0.25,5.02323809523809,1.69227272727273
127,Arrendamiento financiero,2021-07,0.0,0.25,5.4147,1.7
128,Arrendamiento financiero,2021-08,0.0,0.5,5.85523809523809,1.83
129,Arrendamiento financiero,2021-09,0.0,1.0,5.34227272727273,1.74
130,Arrendamiento financiero,2021-10,0.0,1.5,4.4495,1.7161904761904798
131,Arrendamiento financiero,2021-11,0.0,2.0,3.86571428571429,1.79363636363636
132,Arrendamiento financiero,2021-12,0.0,2.5,3.42563636363636,1.74304347826087
133,Arrendamiento financiero,2022-01,0.0,3.0,3.0745714285714296,1.76761904761905
134,Arrendamiento financiero,2022-02,0.0,3.5,2.571,1.9775
135,Arrendamiento financiero,2022-03,2.9847774884054683,4.0,2.59782608695652,2.0073913043478298
136,Arrendamiento financiero,2022-04,0.0,4.5,2.87315789473684,1.86666666666667
137,Arrendamiento financiero,2022-05,0.0,5.0,2.9236363636363603,2.1754545454545497
138,Arrendamiento financiero,2022-06,0.0,5.5,2.358,2.1354545454545497
139,Arrendamiento financiero,2022-07,0.0,6.0,2.216315789473679,2.35428571428571
140,Arrendamiento financiero,2022-08,0.0,6.5,1.40872727272727,2.11
141,Arrendamiento financiero,2022-09,0.0,6.75,1.5559090909090898,2.2527345454545498
142,Arrendamiento financiero,2022-10,0.0,7.0,1.6457142857142897,2.42587095238095
143,Arrendamiento financiero,2022-11,0.0,7.25,0.6147619047619104,2.03406909090909
144,Arrendamiento financiero,2022-12,0.0,7.5,0.3615000000000004,1.955
145,Arrendamiento financiero,2023-01,0.0,7.75,0.2095238095238096,2.0704545454545498
146,Arrendamiento financiero,2023-02,0.0,7.75,0.1293499999999996,1.923
147,Arrendamiento financiero,2023-03,0.0,7.75,-0.0333043478260899,2.03826086956522
148,Arrendamiento financiero,2023-04,0.0,7.75,-0.2611111111111102,2.019
149,Arrendamiento financiero,2023-05,0.0,7.75,-0.4749999999999996,1.97391304347826
150,Arrendamiento financiero,2023-06,0.0,7.75,-0.67619047619048,1.81090909090909
151,Arrendamiento financiero,2023-07,0.0,7.75,-0.9945000000000004,1.68904761904762
152,Arrendamiento financiero,2023-08,0.0,7.75,-0.9059090909090904,1.67227272727273
153,Arrendamiento financiero,2023-09,0.0,7.5,-0.5314285714285703,1.69095238095238
154,Arrendamiento financiero,2023-10,0.0,7.25,0.3745454545454496,1.79954545454545
155,Arrendamiento financiero,2023-11,0.0,7.0,0.1719047619047602,1.75181818181818
156,Arrendamiento financiero,2023-12,0.0,6.75,0.1184736842105298,1.62428571428571
157,Arrendamiento financiero,2024-01,0.0,6.5,0.1795238095238103,1.70434782608696
158,Arrendamiento financiero,2024-02,3.16063211642671,6.25,0.5038095238095197,1.60285714285714
159,Arrendamiento financiero,2024-03,0.0,6.25,0.7557894736842101,1.52666666666667
160,Arrendamiento financiero,2024-04,0.0,6.0,1.38204545454545,1.53772727272727
161,Arrendamiento financiero,2024-05,0.0,5.75,1.34540909090909,1.55826086956522
162,Arrendamiento financiero,2024-06,0.0,5.75,1.3384210526315805,1.609
163,Arrendamiento financiero,2024-07,0.0,5.75,1.2225,1.58695652173913
164,Arrendamiento financiero,2024-08,0.0,5.5,1.0835,1.695
165,Arrendamiento financiero,2024-09,0.0,5.25,1.11185714285714,1.6257894736842102
166,Arrendamiento financiero,2024-10,0.0,5.25,1.27246818181818,1.5368000000000002
167,Arrendamiento financiero,2024-11,0.0,5.0,1.6689999999999996,1.55263157894737
168,Arrendamiento financiero,2024-12,0.0,5.0,1.62515789473684,1.5438095238095202
169,Arrendamiento financiero,2025-01,0.0,4.75,1.9400000000000004,1.56761904761905
170,Arrendamiento financiero,2025-02,0.0,4.75,1.7225,1.5825
171,Arrendamiento financiero,2025-03,0.0,4.75,1.7352380952381,1.6335483870967702
172,Arrendamiento financiero,2025-04,0.0,4.75,1.854,1.77571428571429
173,Arrendamiento financiero,2025-05,0.0,4.5,1.98666666666667,1.5858064516129
174,Arrendamiento financiero,2025-06,3.249598997511041,4.5,1.9119047619047604,1.53833333333333
175,Arrendamiento financiero,2025-07,0.0,4.5,1.68745,1.4061290322580602
176,Arrendamiento financiero,2025-08,0.0,4.5,1.51696,1.33322580645161
177,Arrendamiento financiero,2025-09,0.0,4.25,1.87590909090909,1.24107142857143
178,Arrendamiento financiero,2025-10,0.0,4.25,1.85583636363637,1.23516129032258
179,Arrendamiento financiero,2025-11,0.0,4.25,1.7544500000000005,1.256
180,Arrendamiento financiero,2025-12,0.0,4.25,1.57715789473684,1.27
181,Bonos corporativos,2011-01,5.202136808074068,3.25,2.5962857142857096,1.4557143
182,Bonos corporativos,2011-02,0.0,3.5,2.51595,1.461
183,Bonos corporativos,2011-03,4.110873864173311,3.75,2.60333612040134,1.5678261
184,Bonos corporativos,2011-04,0.0,4.0,2.94410092633545,1.9290476
185,Bonos corporativos,2011-05,4.637024022525455,4.25,2.4725020222856697,1.8722727
186,Bonos corporativos,2011-06,0.0,4.25,2.20763825900731,1.9236364
187,Bonos corporativos,2011-07,3.9318256327243257,4.25,1.98626241920591,1.7085714
188,Bonos corporativos,2011-08,0.0,4.25,1.67853521749067,1.9956522
189,Bonos corporativos,2011-09,0.0,4.25,1.37017803787122,2.3745455
190,Bonos corporativos,2011-10,5.237029306931968,4.25,1.4748322210866904,2.3195238
191,Bonos corporativos,2011-11,4.5591262474866845,4.25,1.4173432296186803,2.1418182
192,Bonos corporativos,2011-12,0.0,4.25,1.4453293398377005,2.1631818000000003
193,Bonos corporativos,2012-01,0.0,4.25,1.4377609398031002,2.1940909
194,Bonos corporativos,2012-02,5.241058947707755,4.25,1.3020364322611204,1.992381
195,Bonos corporativos,2012-03,0.0,4.25,1.1574619276424896,1.6559091
196,Bonos corporativos,2012-04,3.713572066704308,4.25,1.0670918414560804,1.6414286000000002
197,Bonos corporativos,2012-05,4.709530201312334,4.25,0.9111689535072998,1.8052174
198,Bonos corporativos,2012-06,0.0,4.25,0.89383563093637,1.8842857
199,Bonos corporativos,2012-07,4.206928922969246,4.25,0.7735416666666701,1.6259091
200,Bonos corporativos,2012-08,4.948759890378168,4.25,0.6041943748259504,1.3313043
201,Bonos corporativos,2012-09,0.0,4.25,0.4265961820586801,1.24
202,Bonos corporativos,2012-10,6.239144601267095,4.25,0.3036367424242403,1.0804348
203,Bonos corporativos,2012-11,4.97769879384999,4.25,0.2098128345221104,1.2295455
204,Bonos corporativos,2012-12,4.35799005684564,4.25,-0.0866843834270296,1.1719048
205,Bonos corporativos,2013-01,3.9318256327243257,4.25,-0.1824953020464397,1.1004348
206,Bonos corporativos,2013-02,4.646360112812954,4.25,-0.0980923588164497,1.2705
207,Bonos corporativos,2013-03,4.795790545596741,4.25,-0.1016138581228096,1.4028571
208,Bonos corporativos,2013-04,3.9318256327243257,4.25,-0.1936594806224603,1.3254545
209,Bonos corporativos,2013-05,0.0,4.25,-0.0481818181818196,1.3373913
210,Bonos corporativos,2013-06,0.0,4.25,1.0694671626005103,1.798
211,Bonos corporativos,2013-07,0.0,4.25,1.0101522889957204,1.7569565
212,Bonos corporativos,2013-08,4.590056548178043,4.25,1.2127125966726604,1.9054545
213,Bonos corporativos,2013-09,0.0,4.25,1.35047619047619,1.8338095
214,Bonos corporativos,2013-10,4.428433007488037,4.25,1.06727272727273,1.7286957
215,Bonos corporativos,2013-11,4.709530201312334,4.0,1.4669999999999996,1.8342857
216,Bonos corporativos,2013-12,4.973002652622701,4.0,1.6055,1.7654545
217,Bonos corporativos,2014-01,0.0,4.0,1.7199999999999998,1.76
218,Bonos corporativos,2014-02,4.449334754429963,4.0,2.4255000000000004,1.8225
219,Bonos corporativos,2014-03,0.0,4.0,2.16490476190476,1.672381
220,Bonos corporativos,2014-04,5.397922853752052,4.0,1.951,1.5354545
221,Bonos corporativos,2014-05,0.0,4.0,1.6409523809523805,1.4940909
222,Bonos corporativos,2014-06,5.703615794099102,4.0,1.3723809523809498,1.4542857
223,Bonos corporativos,2014-07,4.04305126783455,3.75,1.4269999999999996,1.4634782999999998
224,Bonos corporativos,2014-08,0.0,3.75,1.44790476190476,1.5728571
225,Bonos corporativos,2014-09,6.047726726116115,3.5,1.8354545454545503,1.4968182
226,Bonos corporativos,2014-10,0.0,3.5,1.8599545454545403,1.7026087
227,Bonos corporativos,2014-11,0.0,3.5,1.93935,1.6535
228,Bonos corporativos,2014-12,4.763028270603671,3.5,1.8597142857142896,1.8191304
229,Bonos corporativos,2015-01,6.332302241238835,3.25,2.0466,2.0122727
230,Bonos corporativos,2015-02,5.673323267171493,3.25,2.0355,1.8285
231,Bonos corporativos,2015-03,0.0,3.25,2.27668181818182,1.8445455
232,Bonos corporativos,2015-04,0.0,3.25,2.2880909090909096,1.7695455000000002
233,Bonos corporativos,2015-05,6.2211864137823145,3.25,2.6519000000000004,1.6590476
234,Bonos corporativos,2015-06,5.037082464111104,3.25,2.9216666666666704,1.765
235,Bonos corporativos,2015-07,6.280395838960195,3.25,3.2216500000000003,1.8669565
236,Bonos corporativos,2015-08,0.0,3.25,3.4131904761904703,2.1747619
237,Bonos corporativos,2015-09,5.025031174379988,3.5,3.73577272727273,2.3427273
238,Bonos corporativos,2015-10,0.0,3.5,3.5107272727272703,2.2590909
239,Bonos corporativos,2015-11,0.0,3.5,3.1926190476190497,2.1890476000000003
240,Bonos corporativos,2015-12,5.899881435647583,3.75,2.95786363636364,2.3665217000000003
241,Bonos corporativos,2016-01,1.607536105144504,4.0,3.02015,2.6705
242,Bonos corporativos,2016-02,0.0,4.25,3.09585714285714,2.8238095
243,Bonos corporativos,2016-03,5.831808134344196,4.25,2.889,2.2682609
244,Bonos corporativos,2016-04,0.0,4.25,2.29485714285714,2.1004762
245,Bonos corporativos,2016-05,4.875197323201151,4.25,2.0158181818181804,2.0795455
246,Bonos corporativos,2016-06,6.241378940241333,4.25,1.83436363636364,2.0990909
247,Bonos corporativos,2016-07,6.080162001869269,4.25,1.5065238095238105,1.8419048
248,Bonos corporativos,2016-08,5.695146659781543,4.25,1.3861739130434805,1.696087
249,Bonos corporativos,2016-09,0.0,4.25,1.54354545454546,1.6177273
250,Bonos corporativos,2016-10,6.570049281591007,4.25,1.5208571428571398,1.4652381
251,Bonos corporativos,2016-11,0.0,4.25,2.05986363636364,1.6781818000000002
252,Bonos corporativos,2016-12,0.0,4.25,2.19685714285714,1.6472727
253,Bonos corporativos,2017-01,0.0,4.25,2.10095454545454,1.5730000000000002
254,Bonos corporativos,2017-02,5.09650713317022,4.25,2.01035,1.52105263157895
255,Bonos corporativos,2017-03,5.9936371852196,4.25,1.8473913043478296,1.4108695652173902
256,Bonos corporativos,2017-04,5.921149373192956,4.25,1.6205555555555602,1.49444444444444
257,Bonos corporativos,2017-05,0.0,4.0,1.71772727272727,1.41181818181818
258,Bonos corporativos,2017-06,6.318066806790422,4.0,1.5790499999999996,1.435
259,Bonos corporativos,2017-07,5.645948538584831,3.75,1.9094736842105304,1.419
260,Bonos corporativos,2017-08,0.0,3.75,1.7120434782608704,1.55391304347826
261,Bonos corporativos,2017-09,6.329720905522696,3.5,1.84190476190476,1.44
262,Bonos corporativos,2017-10,4.912654885736052,3.5,1.76331818181818,1.39619047619048
263,Bonos corporativos,2017-11,4.907036189206229,3.25,2.0497619047619,1.38809523809524
264,Bonos corporativos,2017-12,5.21735912323295,3.25,1.99947368421053,1.3615000000000002
265,Bonos corporativos,2018-01,0.0,3.0,1.81809523809524,1.16608695652174
266,Bonos corporativos,2018-02,5.303304908059076,3.0,1.7945000000000002,1.3219999999999998
267,Bonos corporativos,2018-03,4.61512051684126,2.75,2.095,1.47045454545455
268,Bonos corporativos,2018-04,4.682719017304683,2.75,2.2742000000000004,1.45238095238095
269,Bonos corporativos,2018-05,4.894970014410874,2.75,2.7222727272727303,1.57695652173913
270,Bonos corporativos,2018-06,5.531580580912562,2.75,2.9126000000000003,1.63333333333333
271,Bonos corporativos,2018-07,6.3127750845756765,2.75,2.7347619047619096,1.50954545454545
272,Bonos corporativos,2018-08,0.0,2.75,2.6752380952381003,1.49260869565217
273,Bonos corporativos,2018-09,0.0,2.75,2.7675,1.399
274,Bonos corporativos,2018-10,6.1906022499553455,2.75,2.98181818181818,1.42695652173913
275,Bonos corporativos,2018-11,5.707110264748875,2.75,2.9770000000000003,1.56863636363636
276,Bonos corporativos,2018-12,0.0,2.75,2.9936315789473698,1.64809523809524
277,Bonos corporativos,2019-01,6.3473892096560105,2.75,2.83772727272727,1.5239130434782602
278,Bonos corporativos,2019-02,0.0,2.75,2.7445000000000004,1.395
279,Bonos corporativos,2019-03,0.0,2.75,2.54923809523809,1.35666666666667
280,Bonos corporativos,2019-04,4.428433007488037,2.75,2.4658,1.22363636363636
281,Bonos corporativos,2019-05,4.875197323201151,2.75,2.38735454545455,1.35695652173913
282,Bonos corporativos,2019-06,0.0,2.75,2.06719,1.2915
283,Bonos corporativos,2019-07,5.484796933490655,2.75,1.6901000000000002,1.16130434782609
284,Bonos corporativos,2019-08,1.924949136804557,2.5,1.7289849999999998,1.27090909090909
285,Bonos corporativos,2019-09,5.841998062621128,2.5,1.6521238095238102,1.16428571428571
286,Bonos corporativos,2019-10,5.146475935020012,2.5,1.57454285714286,1.26913043478261
287,Bonos corporativos,2019-11,5.211708817503244,2.25,1.9896900000000004,1.26761904761905
288,Bonos corporativos,2019-12,3.0378334495726262,2.25,2.1059380952381,1.15909090909091
289,Bonos corporativos,2020-01,0.0,2.25,2.2523090909090904,1.13869565217391
290,Bonos corporativos,2020-02,3.5157292119475003,2.25,2.008095,1.222
291,Bonos corporativos,2020-03,2.6919208191723265,1.25,3.8372590909090896,2.48909090909091
292,Bonos corporativos,2020-04,0.0,0.25,4.7755,2.77954545454545
293,Bonos corporativos,2020-05,1.4481112131238598,0.25,4.1795,2.2235
294,Bonos corporativos,2020-06,0.0,0.25,4.14,1.80136363636364
295,Bonos corporativos,2020-07,0.6694178538607085,0.25,3.9904545454545497,1.6934782608695702
296,Bonos corporativos,2020-08,0.0,0.25,3.81714285714286,1.45636363636364
297,Bonos corporativos,2020-09,0.0,0.25,3.93681818181818,1.60409090909091
298,Bonos corporativos,2020-10,0.0,0.25,3.95545454545454,1.50181818181818
299,Bonos corporativos,2020-11,0.0,0.25,3.76450476190476,1.47
300,Bonos corporativos,2020-12,5.69980791990079,0.25,3.38264285714286,1.43304347826087
301,Bonos corporativos,2021-01,0.0,0.25,3.408,1.31619047619048
302,Bonos corporativos,2021-02,0.0,0.25,3.6615,1.381
303,Bonos corporativos,2021-03,0.0,0.25,4.43608695652174,1.65086956521739
304,Bonos corporativos,2021-04,4.691347882229144,0.25,4.84,1.645
305,Bonos corporativos,2021-05,0.0,0.25,4.74,1.63571428571429
306,Bonos corporativos,2021-06,0.0,0.25,5.02323809523809,1.69227272727273
307,Bonos corporativos,2021-07,0.0,0.25,5.4147,1.7
308,Bonos corporativos,2021-08,0.0,0.5,5.85523809523809,1.83
309,Bonos corporativos,2021-09,0.0,1.0,5.34227272727273,1.74
310,Bonos corporativos,2021-10,0.0,1.5,4.4495,1.7161904761904798
311,Bonos corporativos,2021-11,0.0,2.0,3.86571428571429,1.79363636363636
312,Bonos corporativos,2021-12,3.011703550986017,2.5,3.42563636363636,1.74304347826087
313,Bonos corporativos,2022-01,0.0,3.0,3.0745714285714296,1.76761904761905
314,Bonos corporativos,2022-02,0.0,3.5,2.571,1.9775
315,Bonos corporativos,2022-03,2.405572094093431,4.0,2.59782608695652,2.0073913043478298
316,Bonos corporativos,2022-04,0.0,4.5,2.87315789473684,1.86666666666667
317,Bonos corporativos,2022-05,0.0,5.0,2.9236363636363603,2.1754545454545497
318,Bonos corporativos,2022-06,0.0,5.5,2.358,2.1354545454545497
319,Bonos corporativos,2022-07,0.0,6.0,2.216315789473679,2.35428571428571
320,Bonos corporativos,2022-08,0.0,6.5,1.40872727272727,2.11
321,Bonos corporativos,2022-09,0.0,6.75,1.5559090909090898,2.2527345454545498
322,Bonos corporativos,2022-10,0.0,7.0,1.6457142857142897,2.42587095238095
323,Bonos corporativos,2022-11,0.0,7.25,0.6147619047619104,2.03406909090909
324,Bonos corporativos,2022-12,0.0,7.5,0.3615000000000004,1.955
325,Bonos corporativos,2023-01,0.0,7.75,0.2095238095238096,2.0704545454545498
326,Bonos corporativos,2023-02,0.0,7.75,0.1293499999999996,1.923
327,Bonos corporativos,2023-03,0.0,7.75,-0.0333043478260899,2.03826086956522
328,Bonos corporativos,2023-04,0.0,7.75,-0.2611111111111102,2.019
329,Bonos corporativos,2023-05,0.0,7.75,-0.4749999999999996,1.97391304347826
330,Bonos corporativos,2023-06,0.0,7.75,-0.67619047619048,1.81090909090909
331,Bonos corporativos,2023-07,0.0,7.75,-0.9945000000000004,1.68904761904762
332,Bonos corporativos,2023-08,0.0,7.75,-0.9059090909090904,1.67227272727273
333,Bonos corporativos,2023-09,0.0,7.5,-0.5314285714285703,1.69095238095238
334,Bonos corporativos,2023-10,0.0,7.25,0.3745454545454496,1.79954545454545
335,Bonos corporativos,2023-11,0.0,7.0,0.1719047619047602,1.75181818181818
336,Bonos corporativos,2023-12,5.170483995038151,6.75,0.1184736842105298,1.62428571428571
337,Bonos corporativos,2024-01,0.0,6.5,0.1795238095238103,1.70434782608696
338,Bonos corporativos,2024-02,0.0,6.25,0.5038095238095197,1.60285714285714
339,Bonos corporativos,2024-03,0.0,6.25,0.7557894736842101,1.52666666666667
340,Bonos corporativos,2024-04,0.0,6.0,1.38204545454545,1.53772727272727
341,Bonos corporativos,2024-05,0.0,5.75,1.34540909090909,1.55826086956522
342,Bonos corporativos,2024-06,0.0,5.75,1.3384210526315805,1.609
343,Bonos corporativos,2024-07,0.0,5.75,1.2225,1.58695652173913
344,Bonos corporativos,2024-08,0.0,5.5,1.0835,1.695
345,Bonos corporativos,2024-09,0.0,5.25,1.11185714285714,1.6257894736842102
346,Bonos corporativos,2024-10,4.709530201312334,5.25,1.27246818181818,1.5368000000000002
347,Bonos corporativos,2024-11,0.0,5.0,1.6689999999999996,1.55263157894737
348,Bonos corporativos,2024-12,4.626256302984351,5.0,1.62515789473684,1.5438095238095202
349,Bonos corporativos,2025-01,1.0442968884558397,4.75,1.9400000000000004,1.56761904761905
350,Bonos corporativos,2025-02,1.0693894299912063,4.75,1.7225,1.5825
351,Bonos corporativos,2025-03,0.0,4.75,1.7352380952381,1.6335483870967702
352,Bonos corporativos,2025-04,0.0,4.75,1.854,1.77571428571429
353,Bonos corporativos,2025-05,0.0,4.5,1.98666666666667,1.5858064516129
354,Bonos corporativos,2025-06,0.0,4.5,1.9119047619047604,1.53833333333333
355,Bonos corporativos,2025-07,0.0,4.5,1.68745,1.4061290322580602
356,Bonos corporativos,2025-08,0.0,4.5,1.51696,1.33322580645161
357,Bonos corporativos,2025-09,0.0,4.25,1.87590909090909,1.24107142857143
358,Bonos corporativos,2025-10,0.0,4.25,1.85583636363637,1.23516129032258
359,Bonos corporativos,2025-11,0.0,4.25,1.7544500000000005,1.256
360,Bonos corporativos,2025-12,5.3981627015177525,4.25,1.57715789473684,1.27
361,Sector privado (total),2011-01,6.103855292687008,3.25,2.5962857142857096,1.4557143
362,Sector privado (total),2011-02,0.0,3.5,2.51595,1.461
363,Sector privado (total),2011-03,4.593380965413115,3.75,2.60333612040134,1.5678261
364,Sector privado (total),2011-04,6.437751649736401,4.0,2.94410092633545,1.9290476
365,Sector privado (total),2011-05,5.122287932764325,4.25,2.4725020222856697,1.8722727
366,Sector privado (total),2011-06,2.060195009733972,4.25,2.20763825900731,1.9236364
367,Sector privado (total),2011-07,4.310775500945385,4.25,1.98626241920591,1.7085714
368,Sector privado (total),2011-08,4.61512051684126,4.25,1.67853521749067,1.9956522
369,Sector privado (total),2011-09,5.184674703955324,4.25,1.37017803787122,2.3745455
370,Sector privado (total),2011-10,5.875240944317936,4.25,1.4748322210866904,2.3195238
371,Sector privado (total),2011-11,5.6507332535663855,4.25,1.4173432296186803,2.1418182
372,Sector privado (total),2011-12,6.242446392311489,4.25,1.4453293398377005,2.1631818000000003
373,Sector privado (total),2012-01,4.403788126455394,4.25,1.4377609398031002,2.1940909
374,Sector privado (total),2012-02,5.687272261411689,4.25,1.3020364322611204,1.992381
375,Sector privado (total),2012-03,3.9318256327243257,4.25,1.1574619276424896,1.6559091
376,Sector privado (total),2012-04,5.980047823626483,4.25,1.0670918414560804,1.6414286000000002
377,Sector privado (total),2012-05,5.831882477283517,4.25,0.9111689535072998,1.8052174
378,Sector privado (total),2012-06,5.5943395632748185,4.25,0.89383563093637,1.8842857
379,Sector privado (total),2012-07,6.109193114614336,4.25,0.7735416666666701,1.6259091
380,Sector privado (total),2012-08,4.948759890378168,4.25,0.6041943748259504,1.3313043
381,Sector privado (total),2012-09,2.16644458530141,4.25,0.4265961820586801,1.24
382,Sector privado (total),2012-10,6.579615756666734,4.25,0.3036367424242403,1.0804348
383,Sector privado (total),2012-11,5.843950131819433,4.25,0.2098128345221104,1.2295455
384,Sector privado (total),2012-12,5.440972077352921,4.25,-0.0866843834270296,1.1719048
385,Sector privado (total),2013-01,5.525452939131784,4.25,-0.1824953020464397,1.1004348
386,Sector privado (total),2013-02,5.685424493356316,4.25,-0.0980923588164497,1.2705
387,Sector privado (total),2013-03,5.417876601605676,4.25,-0.1016138581228096,1.4028571
388,Sector privado (total),2013-04,5.290118188970583,4.25,-0.1936594806224603,1.3254545
389,Sector privado (total),2013-05,4.940987636855323,4.25,-0.0481818181818196,1.3373913
390,Sector privado (total),2013-06,4.110873864173311,4.25,1.0694671626005103,1.798
391,Sector privado (total),2013-07,6.543863427126452,4.25,1.0101522889957204,1.7569565
392,Sector privado (total),2013-08,5.23920410205553,4.25,1.2127125966726604,1.9054545
393,Sector privado (total),2013-09,6.083526274581399,4.25,1.35047619047619,1.8338095
394,Sector privado (total),2013-10,5.9206435323707165,4.25,1.06727272727273,1.7286957
395,Sector privado (total),2013-11,5.585072509533405,4.0,1.4669999999999996,1.8342857
396,Sector privado (total),2013-12,6.3577812594479,4.0,1.6055,1.7654545
397,Sector privado (total),2014-01,3.4339872044851463,4.0,1.7199999999999998,1.76
398,Sector privado (total),2014-02,5.7947292090700735,4.0,2.4255000000000004,1.8225
399,Sector privado (total),2014-03,3.370738174177447,4.0,2.16490476190476,1.672381
400,Sector privado (total),2014-04,5.771276000463751,4.0,1.951,1.5354545
401,Sector privado (total),2014-05,5.542850520540717,4.0,1.6409523809523805,1.4940909
402,Sector privado (total),2014-06,5.703615794099102,4.0,1.3723809523809498,1.4542857
403,Sector privado (total),2014-07,5.500122872414679,3.75,1.4269999999999996,1.4634782999999998
404,Sector privado (total),2014-08,3.044522437723423,3.75,1.44790476190476,1.5728571
405,Sector privado (total),2014-09,6.047726726116115,3.5,1.8354545454545503,1.4968182
406,Sector privado (total),2014-10,0.0,3.5,1.8599545454545403,1.7026087
407,Sector privado (total),2014-11,4.551769409260976,3.5,1.93935,1.6535
408,Sector privado (total),2014-12,5.498961698026298,3.5,1.8597142857142896,1.8191304
409,Sector privado (total),2015-01,6.621472227444063,3.25,2.0466,2.0122727
410,Sector privado (total),2015-02,5.673323267171493,3.25,2.0355,1.8285
411,Sector privado (total),2015-03,0.0,3.25,2.27668181818182,1.8445455
412,Sector privado (total),2015-04,6.14153975489807,3.25,2.2880909090909096,1.7695455000000002
413,Sector privado (total),2015-05,6.282079813537204,3.25,2.6519000000000004,1.6590476
414,Sector privado (total),2015-06,5.391246076539194,3.25,2.9216666666666704,1.765
415,Sector privado (total),2015-07,6.452048954437226,3.25,3.2216500000000003,1.8669565
416,Sector privado (total),2015-08,0.0,3.25,3.4131904761904703,2.1747619
417,Sector privado (total),2015-09,5.415148838500135,3.5,3.73577272727273,2.3427273
418,Sector privado (total),2015-10,0.0,3.5,3.5107272727272703,2.2590909
419,Sector privado (total),2015-11,0.0,3.5,3.1926190476190497,2.1890476000000003
420,Sector privado (total),2015-12,6.099008317729292,3.75,2.95786363636364,2.3665217000000003
421,Sector privado (total),2016-01,1.607536105144504,4.0,3.02015,2.6705
422,Sector privado (total),2016-02,2.5200678522148947,4.25,3.09585714285714,2.8238095
423,Sector privado (total),2016-03,5.890310228542927,4.25,2.889,2.2682609
424,Sector privado (total),2016-04,6.113128929472338,4.25,2.29485714285714,2.1004762
425,Sector privado (total),2016-05,5.442417710521793,4.25,2.0158181818181804,2.0795455
426,Sector privado (total),2016-06,6.701427300115239,4.25,1.83436363636364,2.0990909
427,Sector privado (total),2016-07,6.1091857141838775,4.25,1.5065238095238105,1.8419048
428,Sector privado (total),2016-08,5.695146659781543,4.25,1.3861739130434805,1.696087
429,Sector privado (total),2016-09,5.434843645021555,4.25,1.54354545454546,1.6177273
430,Sector privado (total),2016-10,6.9163185493015575,4.25,1.5208571428571398,1.4652381
431,Sector privado (total),2016-11,4.937419231764997,4.25,2.05986363636364,1.6781818000000002
432,Sector privado (total),2016-12,2.772588722239781,4.25,2.19685714285714,1.6472727
433,Sector privado (total),2017-01,6.358317023810346,4.25,2.10095454545454,1.5730000000000002
434,Sector privado (total),2017-02,5.363402613203971,4.25,2.01035,1.52105263157895
435,Sector privado (total),2017-03,6.255500490464483,4.25,1.8473913043478296,1.4108695652173902
436,Sector privado (total),2017-04,5.971066922836203,4.25,1.6205555555555602,1.49444444444444
437,Sector privado (total),2017-05,0.0,4.0,1.71772727272727,1.41181818181818
438,Sector privado (total),2017-06,6.370756780912124,4.0,1.5790499999999996,1.435
439,Sector privado (total),2017-07,6.0697233568890905,3.75,1.9094736842105304,1.419
440,Sector privado (total),2017-08,3.4527013205292665,3.75,1.7120434782608704,1.55391304347826
441,Sector privado (total),2017-09,6.433389830820142,3.5,1.84190476190476,1.44
442,Sector privado (total),2017-10,5.20839265902005,3.5,1.76331818181818,1.39619047619048
443,Sector privado (total),2017-11,6.451556719744937,3.25,2.0497619047619,1.38809523809524
444,Sector privado (total),2017-12,6.008536586996211,3.25,1.99947368421053,1.3615000000000002
445,Sector privado (total),2018-01,1.068153081183401,3.0,1.81809523809524,1.16608695652174
446,Sector privado (total),2018-02,5.303304908059076,3.0,1.7945000000000002,1.3219999999999998
447,Sector privado (total),2018-03,4.792583424807256,2.75,2.095,1.47045454545455
448,Sector privado (total),2018-04,4.682719017304683,2.75,2.2742000000000004,1.45238095238095
449,Sector privado (total),2018-05,6.516253725091348,2.75,2.7222727272727303,1.57695652173913
450,Sector privado (total),2018-06,5.999198487938842,2.75,2.9126000000000003,1.63333333333333
451,Sector privado (total),2018-07,6.717966096749848,2.75,2.7347619047619096,1.50954545454545
452,Sector privado (total),2018-08,4.954674985770583,2.75,2.6752380952381003,1.49260869565217
453,Sector privado (total),2018-09,5.049856007249537,2.75,2.7675,1.399
454,Sector privado (total),2018-10,6.397496161387887,2.75,2.98181818181818,1.42695652173913
455,Sector privado (total),2018-11,5.834956925207007,2.75,2.9770000000000003,1.56863636363636
456,Sector privado (total),2018-12,0.0,2.75,2.9936315789473698,1.64809523809524
457,Sector privado (total),2019-01,6.5196412662080245,2.75,2.83772727272727,1.5239130434782602
458,Sector privado (total),2019-02,4.602145616586043,2.75,2.7445000000000004,1.395
459,Sector privado (total),2019-03,5.017279836814924,2.75,2.54923809523809,1.35666666666667
460,Sector privado (total),2019-04,5.191205317851404,2.75,2.4658,1.22363636363636
461,Sector privado (total),2019-05,4.875197323201151,2.75,2.38735454545455,1.35695652173913
462,Sector privado (total),2019-06,3.3150576247013994,2.75,2.06719,1.2915
463,Sector privado (total),2019-07,6.15339205174855,2.75,1.6901000000000002,1.16130434782609
464,Sector privado (total),2019-08,5.16498481129691,2.5,1.7289849999999998,1.27090909090909
465,Sector privado (total),2019-09,6.353442515126202,2.5,1.6521238095238102,1.16428571428571
466,Sector privado (total),2019-10,6.187920943053162,2.5,1.57454285714286,1.26913043478261
467,Sector privado (total),2019-11,5.988115445121544,2.25,1.9896900000000004,1.26761904761905
468,Sector privado (total),2019-12,4.76567208264212,2.25,2.1059380952381,1.15909090909091
469,Sector privado (total),2020-01,0.0,2.25,2.2523090909090904,1.13869565217391
470,Sector privado (total),2020-02,4.42652725474682,2.25,2.008095,1.222
471,Sector privado (total),2020-03,2.6919208191723265,1.25,3.8372590909090896,2.48909090909091
472,Sector privado (total),2020-04,0.0,0.25,4.7755,2.77954545454545
473,Sector privado (total),2020-05,1.4481112131238598,0.25,4.1795,2.2235
474,Sector privado (total),2020-06,0.0,0.25,4.14,1.80136363636364
475,Sector privado (total),2020-07,0.6694178538607085,0.25,3.9904545454545497,1.6934782608695702
476,Sector privado (total),2020-08,0.0,0.25,3.81714285714286,1.45636363636364
477,Sector privado (total),2020-09,4.785823685681349,0.25,3.93681818181818,1.60409090909091
478,Sector privado (total),2020-10,0.0,0.25,3.95545454545454,1.50181818181818
479,Sector privado (total),2020-11,0.0,0.25,3.76450476190476,1.47
480,Sector privado (total),2020-12,6.386121456499543,0.25,3.38264285714286,1.43304347826087
481,Sector privado (total),2021-01,0.0,0.25,3.408,1.31619047619048
482,Sector privado (total),2021-02,3.5080407972801533,0.25,3.6615,1.381
483,Sector privado (total),2021-03,5.420534999272286,0.25,4.43608695652174,1.65086956521739
484,Sector privado (total),2021-04,4.691347882229144,0.25,4.84,1.645
485,Sector privado (total),2021-05,0.0,0.25,4.74,1.63571428571429
486,Sector privado (total),2021-06,0.0,0.25,5.02323809523809,1.69227272727273
487,Sector privado (total),2021-07,0.0,0.25,5.4147,1.7
488,Sector privado (total),2021-08,0.0,0.5,5.85523809523809,1.83
489,Sector privado (total),2021-09,0.0,1.0,5.34227272727273,1.74
490,Sector privado (total),2021-10,0.0,1.5,4.4495,1.7161904761904798
491,Sector privado (total),2021-11,0.0,2.0,3.86571428571429,1.79363636363636
492,Sector privado (total),2021-12,3.011703550986017,2.5,3.42563636363636,1.74304347826087
493,Sector privado (total),2022-01,0.0,3.0,3.0745714285714296,1.76761904761905
494,Sector privado (total),2022-02,5.068400930946398,3.5,2.571,1.9775
495,Sector privado (total),2022-03,3.396749839325315,4.0,2.59782608695652,2.0073913043478298
496,Sector privado (total),2022-04,0.0,4.5,2.87315789473684,1.86666666666667
497,Sector privado (total),2022-05,0.0,5.0,2.9236363636363603,2.1754545454545497
498,Sector privado (total),2022-06,0.0,5.5,2.358,2.1354545454545497
499,Sector privado (total),2022-07,0.0,6.0,2.216315789473679,2.35428571428571
500,Sector privado (total),2022-08,0.0,6.5,1.40872727272727,2.11
501,Sector privado (total),2022-09,0.0,6.75,1.5559090909090898,2.2527345454545498
502,Sector privado (total),2022-10,0.0,7.0,1.6457142857142897,2.42587095238095
503,Sector privado (total),2022-11,0.0,7.25,0.6147619047619104,2.03406909090909
504,Sector privado (total),2022-12,0.0,7.5,0.3615000000000004,1.955
505,Sector privado (total),2023-01,0.0,7.75,0.2095238095238096,2.0704545454545498
506,Sector privado (total),2023-02,0.0,7.75,0.1293499999999996,1.923
507,Sector privado (total),2023-03,0.0,7.75,-0.0333043478260899,2.03826086956522
508,Sector privado (total),2023-04,0.0,7.75,-0.2611111111111102,2.019
509,Sector privado (total),2023-05,5.401776074916267,7.75,-0.4749999999999996,1.97391304347826
510,Sector privado (total),2023-06,0.0,7.75,-0.67619047619048,1.81090909090909
511,Sector privado (total),2023-07,0.0,7.75,-0.9945000000000004,1.68904761904762
512,Sector privado (total),2023-08,0.0,7.75,-0.9059090909090904,1.67227272727273
513,Sector privado (total),2023-09,0.0,7.5,-0.5314285714285703,1.69095238095238
514,Sector privado (total),2023-10,0.0,7.25,0.3745454545454496,1.79954545454545
515,Sector privado (total),2023-11,0.0,7.0,0.1719047619047602,1.75181818181818
516,Sector privado (total),2023-12,5.170483995038151,6.75,0.1184736842105298,1.62428571428571
517,Sector privado (total),2024-01,0.0,6.5,0.1795238095238103,1.70434782608696
518,Sector privado (total),2024-02,3.16063211642671,6.25,0.5038095238095197,1.60285714285714
519,Sector privado (total),2024-03,0.0,6.25,0.7557894736842101,1.52666666666667
520,Sector privado (total),2024-04,0.0,6.0,1.38204545454545,1.53772727272727
521,Sector privado (total),2024-05,0.0,5.75,1.34540909090909,1.55826086956522
522,Sector privado (total),2024-06,4.899386364597072,5.75,1.3384210526315805,1.609
523,Sector privado (total),2024-07,0.0,5.75,1.2225,1.58695652173913
524,Sector privado (total),2024-08,0.0,5.5,1.0835,1.695
525,Sector privado (total),2024-09,0.0,5.25,1.11185714285714,1.6257894736842102
526,Sector privado (total),2024-10,4.709530201312334,5.25,1.27246818181818,1.5368000000000002
527,Sector privado (total),2024-11,4.688108696773654,5.0,1.6689999999999996,1.55263157894737
528,Sector privado (total),2024-12,4.626256302984351,5.0,1.62515789473684,1.5438095238095202
529,Sector privado (total),2025-01,1.0442968884558397,4.75,1.9400000000000004,1.56761904761905
530,Sector privado (total),2025-02,1.0693894299912063,4.75,1.7225,1.5825
531,Sector privado (total),2025-03,5.123108792406505,4.75,1.7352380952381,1.6335483870967702
532,Sector privado (total),2025-04,0.0,4.75,1.854,1.77571428571429
533,Sector privado (total),2025-05,0.0,4.5,1.98666666666667,1.5858064516129
534,Sector privado (total),2025-06,3.249598997511041,4.5,1.9119047619047604,1.53833333333333
535,Sector privado (total),2025-07,0.0,4.5,1.68745,1.4061290322580602
536,Sector privado (total),2025-08,5.097124868303824,4.5,1.51696,1.33322580645161
537,Sector privado (total),2025-09,0.0,4.25,1.87590909090909,1.24107142857143
538,Sector privado (total),2025-10,4.194654645891323,4.25,1.85583636363637,1.23516129032258
539,Sector privado (total),2025-11,0.0,4.25,1.7544500000000005,1.256
540,Sector privado (total),2025-12,5.91943134420815,4.25,1.57715789473684,1.27
541,Bonos de titulizacion,2011-01,0.0,3.25,2.5962857142857096,1.4557143
542,Bonos de titulizacion,2011-02,0.0,3.5,2.51595,1.461
543,Bonos de titulizacion,2011-03,0.0,3.75,2.60333612040134,1.5678261
544,Bonos de titulizacion,2011-04,6.336825731146441,4.0,2.94410092633545,1.9290476
545,Bonos de titulizacion,2011-05,4.181775295713944,4.25,2.4725020222856697,1.8722727
546,Bonos de titulizacion,2011-06,0.0,4.25,2.20763825900731,1.9236364
547,Bonos de titulizacion,2011-07,0.0,4.25,1.98626241920591,1.7085714
548,Bonos de titulizacion,2011-08,0.0,4.25,1.67853521749067,1.9956522
549,Bonos de titulizacion,2011-09,0.0,4.25,1.37017803787122,2.3745455
550,Bonos de titulizacion,2011-10,0.0,4.25,1.4748322210866904,2.3195238
551,Bonos de titulizacion,2011-11,0.0,4.25,1.4173432296186803,2.1418182
552,Bonos de titulizacion,2011-12,0.0,4.25,1.4453293398377005,2.1631818000000003
553,Bonos de titulizacion,2012-01,4.403788126455394,4.25,1.4377609398031002,2.1940909
554,Bonos de titulizacion,2012-02,0.0,4.25,1.3020364322611204,1.992381
555,Bonos de titulizacion,2012-03,0.0,4.25,1.1574619276424896,1.6559091
556,Bonos de titulizacion,2012-04,0.0,4.25,1.0670918414560804,1.6414286000000002
557,Bonos de titulizacion,2012-05,0.0,4.25,0.9111689535072998,1.8052174
558,Bonos de titulizacion,2012-06,0.0,4.25,0.89383563093637,1.8842857
559,Bonos de titulizacion,2012-07,0.0,4.25,0.7735416666666701,1.6259091
560,Bonos de titulizacion,2012-08,0.0,4.25,0.6041943748259504,1.3313043
561,Bonos de titulizacion,2012-09,0.0,4.25,0.4265961820586801,1.24
562,Bonos de titulizacion,2012-10,0.0,4.25,0.3036367424242403,1.0804348
563,Bonos de titulizacion,2012-11,0.0,4.25,0.2098128345221104,1.2295455
564,Bonos de titulizacion,2012-12,0.0,4.25,-0.0866843834270296,1.1719048
565,Bonos de titulizacion,2013-01,0.0,4.25,-0.1824953020464397,1.1004348
566,Bonos de titulizacion,2013-02,5.129366028692254,4.25,-0.0980923588164497,1.2705
567,Bonos de titulizacion,2013-03,0.0,4.25,-0.1016138581228096,1.4028571
568,Bonos de titulizacion,2013-04,4.361401246202533,4.25,-0.1936594806224603,1.3254545
569,Bonos de titulizacion,2013-05,0.0,4.25,-0.0481818181818196,1.3373913
570,Bonos de titulizacion,2013-06,0.0,4.25,1.0694671626005103,1.798
571,Bonos de titulizacion,2013-07,6.437345727361061,4.25,1.0101522889957204,1.7569565
572,Bonos de titulizacion,2013-08,0.0,4.25,1.2127125966726604,1.9054545
573,Bonos de titulizacion,2013-09,6.083526274581399,4.25,1.35047619047619,1.8338095
574,Bonos de titulizacion,2013-10,0.0,4.25,1.06727272727273,1.7286957
575,Bonos de titulizacion,2013-11,4.727387818712341,4.0,1.4669999999999996,1.8342857
576,Bonos de titulizacion,2013-12,5.681893993478543,4.0,1.6055,1.7654545
577,Bonos de titulizacion,2014-01,0.0,4.0,1.7199999999999998,1.76
578,Bonos de titulizacion,2014-02,4.337463274967228,4.0,2.4255000000000004,1.8225
579,Bonos de titulizacion,2014-03,0.0,4.0,2.16490476190476,1.672381
580,Bonos de titulizacion,2014-04,0.0,4.0,1.951,1.5354545
581,Bonos de titulizacion,2014-05,4.0146698423882885,4.0,1.6409523809523805,1.4940909
582,Bonos de titulizacion,2014-06,0.0,4.0,1.3723809523809498,1.4542857
583,Bonos de titulizacion,2014-07,0.0,3.75,1.4269999999999996,1.4634782999999998
584,Bonos de titulizacion,2014-08,0.0,3.75,1.44790476190476,1.5728571
585,Bonos de titulizacion,2014-09,0.0,3.5,1.8354545454545503,1.4968182
586,Bonos de titulizacion,2014-10,0.0,3.5,1.8599545454545403,1.7026087
587,Bonos de titulizacion,2014-11,0.0,3.5,1.93935,1.6535
588,Bonos de titulizacion,2014-12,0.0,3.5,1.8597142857142896,1.8191304
589,Bonos de titulizacion,2015-01,0.0,3.25,2.0466,2.0122727
590,Bonos de titulizacion,2015-02,0.0,3.25,2.0355,1.8285
591,Bonos de titulizacion,2015-03,0.0,3.25,2.27668181818182,1.8445455
592,Bonos de titulizacion,2015-04,6.045423828342416,3.25,2.2880909090909096,1.7695455000000002
593,Bonos de titulizacion,2015-05,0.0,3.25,2.6519000000000004,1.6590476
594,Bonos de titulizacion,2015-06,3.7125154110793552,3.25,2.9216666666666704,1.765
595,Bonos de titulizacion,2015-07,0.0,3.25,3.2216500000000003,1.8669565
596,Bonos de titulizacion,2015-08,0.0,3.25,3.4131904761904703,2.1747619
597,Bonos de titulizacion,2015-09,0.0,3.5,3.73577272727273,2.3427273
598,Bonos de titulizacion,2015-10,0.0,3.5,3.5107272727272703,2.2590909
599,Bonos de titulizacion,2015-11,0.0,3.5,3.1926190476190497,2.1890476000000003
600,Bonos de titulizacion,2015-12,4.240198778517642,3.75,2.95786363636364,2.3665217000000003
601,Bonos de titulizacion,2016-01,0.0,4.0,3.02015,2.6705
602,Bonos de titulizacion,2016-02,2.5200678522148947,4.25,3.09585714285714,2.8238095
603,Bonos de titulizacion,2016-03,0.0,4.25,2.889,2.2682609
604,Bonos de titulizacion,2016-04,0.0,4.25,2.29485714285714,2.1004762
605,Bonos de titulizacion,2016-05,0.0,4.25,2.0158181818181804,2.0795455
606,Bonos de titulizacion,2016-06,0.0,4.25,1.83436363636364,2.0990909
607,Bonos de titulizacion,2016-07,0.0,4.25,1.5065238095238105,1.8419048
608,Bonos de titulizacion,2016-08,0.0,4.25,1.3861739130434805,1.696087
609,Bonos de titulizacion,2016-09,4.372695736932405,4.25,1.54354545454546,1.6177273
610,Bonos de titulizacion,2016-10,0.0,4.25,1.5208571428571398,1.4652381
611,Bonos de titulizacion,2016-11,0.0,4.25,2.05986363636364,1.6781818000000002
612,Bonos de titulizacion,2016-12,0.0,4.25,2.19685714285714,1.6472727
613,Bonos de titulizacion,2017-01,5.111987788356544,4.25,2.10095454545454,1.5730000000000002
614,Bonos de titulizacion,2017-02,0.0,4.25,2.01035,1.52105263157895
615,Bonos de titulizacion,2017-03,0.0,4.25,1.8473913043478296,1.4108695652173902
616,Bonos de titulizacion,2017-04,0.0,4.25,1.6205555555555602,1.49444444444444
617,Bonos de titulizacion,2017-05,0.0,4.0,1.71772727272727,1.41181818181818
618,Bonos de titulizacion,2017-06,0.0,4.0,1.5790499999999996,1.435
619,Bonos de titulizacion,2017-07,0.0,3.75,1.9094736842105304,1.419
620,Bonos de titulizacion,2017-08,0.0,3.75,1.7120434782608704,1.55391304347826
621,Bonos de titulizacion,2017-09,0.0,3.5,1.84190476190476,1.44
622,Bonos de titulizacion,2017-10,0.0,3.5,1.76331818181818,1.39619047619048
623,Bonos de titulizacion,2017-11,0.0,3.25,2.0497619047619,1.38809523809524
624,Bonos de titulizacion,2017-12,0.0,3.25,1.99947368421053,1.3615000000000002
625,Bonos de titulizacion,2018-01,0.0,3.0,1.81809523809524,1.16608695652174
626,Bonos de titulizacion,2018-02,0.0,3.0,1.7945000000000002,1.3219999999999998
627,Bonos de titulizacion,2018-03,0.0,2.75,2.095,1.47045454545455
628,Bonos de titulizacion,2018-04,0.0,2.75,2.2742000000000004,1.45238095238095
629,Bonos de titulizacion,2018-05,5.860786223465865,2.75,2.7222727272727303,1.57695652173913
630,Bonos de titulizacion,2018-06,0.0,2.75,2.9126000000000003,1.63333333333333
631,Bonos de titulizacion,2018-07,0.0,2.75,2.7347619047619096,1.50954545454545
632,Bonos de titulizacion,2018-08,0.0,2.75,2.6752380952381003,1.49260869565217
633,Bonos de titulizacion,2018-09,0.0,2.75,2.7675,1.399
634,Bonos de titulizacion,2018-10,0.0,2.75,2.98181818181818,1.42695652173913
635,Bonos de titulizacion,2018-11,0.0,2.75,2.9770000000000003,1.56863636363636
636,Bonos de titulizacion,2018-12,0.0,2.75,2.9936315789473698,1.64809523809524
637,Bonos de titulizacion,2019-01,0.0,2.75,2.83772727272727,1.5239130434782602
638,Bonos de titulizacion,2019-02,0.0,2.75,2.7445000000000004,1.395
639,Bonos de titulizacion,2019-03,0.0,2.75,2.54923809523809,1.35666666666667
640,Bonos de titulizacion,2019-04,0.0,2.75,2.4658,1.22363636363636
641,Bonos de titulizacion,2019-05,0.0,2.75,2.38735454545455,1.35695652173913
642,Bonos de titulizacion,2019-06,0.0,2.75,2.06719,1.2915
643,Bonos de titulizacion,2019-07,0.0,2.75,1.6901000000000002,1.16130434782609
644,Bonos de titulizacion,2019-08,0.0,2.5,1.7289849999999998,1.27090909090909
645,Bonos de titulizacion,2019-09,5.442417710521793,2.5,1.6521238095238102,1.16428571428571
646,Bonos de titulizacion,2019-10,0.0,2.5,1.57454285714286,1.26913043478261
647,Bonos de titulizacion,2019-11,0.0,2.25,1.9896900000000004,1.26761904761905
648,Bonos de titulizacion,2019-12,0.0,2.25,2.1059380952381,1.15909090909091
649,Bonos de titulizacion,2020-01,0.0,2.25,2.2523090909090904,1.13869565217391
650,Bonos de titulizacion,2020-02,0.0,2.25,2.008095,1.222
651,Bonos de titulizacion,2020-03,0.0,1.25,3.8372590909090896,2.48909090909091
652,Bonos de titulizacion,2020-04,0.0,0.25,4.7755,2.77954545454545
653,Bonos de titulizacion,2020-05,0.0,0.25,4.1795,2.2235
654,Bonos de titulizacion,2020-06,0.0,0.25,4.14,1.80136363636364
655,Bonos de titulizacion,2020-07,0.0,0.25,3.9904545454545497,1.6934782608695702
656,Bonos de titulizacion,2020-08,0.0,0.25,3.81714285714286,1.45636363636364
657,Bonos de titulizacion,2020-09,0.0,0.25,3.93681818181818,1.60409090909091
658,Bonos de titulizacion,2020-10,0.0,0.25,3.95545454545454,1.50181818181818
659,Bonos de titulizacion,2020-11,0.0,0.25,3.76450476190476,1.47
660,Bonos de titulizacion,2020-12,0.0,0.25,3.38264285714286,1.43304347826087
661,Bonos de titulizacion,2021-01,0.0,0.25,3.408,1.31619047619048
662,Bonos de titulizacion,2021-02,0.0,0.25,3.6615,1.381
663,Bonos de titulizacion,2021-03,0.0,0.25,4.43608695652174,1.65086956521739
664,Bonos de titulizacion,2021-04,0.0,0.25,4.84,1.645
665,Bonos de titulizacion,2021-05,0.0,0.25,4.74,1.63571428571429
666,Bonos de titulizacion,2021-06,0.0,0.25,5.02323809523809,1.69227272727273
667,Bonos de titulizacion,2021-07,0.0,0.25,5.4147,1.7
668,Bonos de titulizacion,2021-08,0.0,0.5,5.85523809523809,1.83
669,Bonos de titulizacion,2021-09,0.0,1.0,5.34227272727273,1.74
670,Bonos de titulizacion,2021-10,0.0,1.5,4.4495,1.7161904761904798
671,Bonos de titulizacion,2021-11,0.0,2.0,3.86571428571429,1.79363636363636
672,Bonos de titulizacion,2021-12,0.0,2.5,3.42563636363636,1.74304347826087
673,Bonos de titulizacion,2022-01,0.0,3.0,3.0745714285714296,1.76761904761905
674,Bonos de titulizacion,2022-02,0.0,3.5,2.571,1.9775
675,Bonos de titulizacion,2022-03,0.0,4.0,2.59782608695652,2.0073913043478298
676,Bonos de titulizacion,2022-04,0.0,4.5,2.87315789473684,1.86666666666667
677,Bonos de titulizacion,2022-05,0.0,5.0,2.9236363636363603,2.1754545454545497
678,Bonos de titulizacion,2022-06,0.0,5.5,2.358,2.1354545454545497
679,Bonos de titulizacion,2022-07,0.0,6.0,2.216315789473679,2.35428571428571
680,Bonos de titulizacion,2022-08,0.0,6.5,1.40872727272727,2.11
681,Bonos de titulizacion,2022-09,0.0,6.75,1.5559090909090898,2.2527345454545498
682,Bonos de titulizacion,2022-10,0.0,7.0,1.6457142857142897,2.42587095238095
683,Bonos de titulizacion,2022-11,0.0,7.25,0.6147619047619104,2.03406909090909
684,Bonos de titulizacion,2022-12,0.0,7.5,0.3615000000000004,1.955
685,Bonos de titulizacion,2023-01,0.0,7.75,0.2095238095238096,2.0704545454545498
686,Bonos de titulizacion,2023-02,0.0,7.75,0.1293499999999996,1.923
687,Bonos de titulizacion,2023-03,0.0,7.75,-0.0333043478260899,2.03826086956522
688,Bonos de titulizacion,2023-04,0.0,7.75,-0.2611111111111102,2.019
689,Bonos de titulizacion,2023-05,0.0,7.75,-0.4749999999999996,1.97391304347826
690,Bonos de titulizacion,2023-06,0.0,7.75,-0.67619047619048,1.81090909090909
691,Bonos de titulizacion,2023-07,0.0,7.75,-0.9945000000000004,1.68904761904762
692,Bonos de titulizacion,2023-08,0.0,7.75,-0.9059090909090904,1.67227272727273
693,Bonos de titulizacion,2023-09,0.0,7.5,-0.5314285714285703,1.69095238095238
694,Bonos de titulizacion,2023-10,0.0,7.25,0.3745454545454496,1.79954545454545
695,Bonos de titulizacion,2023-11,0.0,7.0,0.1719047619047602,1.75181818181818
696,Bonos de titulizacion,2023-12,0.0,6.75,0.1184736842105298,1.62428571428571
697,Bonos de titulizacion,2024-01,0.0,6.5,0.1795238095238103,1.70434782608696
698,Bonos de titulizacion,2024-02,0.0,6.25,0.5038095238095197,1.60285714285714
699,Bonos de titulizacion,2024-03,0.0,6.25,0.7557894736842101,1.52666666666667
700,Bonos de titulizacion,2024-04,0.0,6.0,1.38204545454545,1.53772727272727
701,Bonos de titulizacion,2024-05,0.0,5.75,1.34540909090909,1.55826086956522
702,Bonos de titulizacion,2024-06,0.0,5.75,1.3384210526315805,1.609
703,Bonos de titulizacion,2024-07,0.0,5.75,1.2225,1.58695652173913
704,Bonos de titulizacion,2024-08,0.0,5.5,1.0835,1.695
705,Bonos de titulizacion,2024-09,0.0,5.25,1.11185714285714,1.6257894736842102
706,Bonos de titulizacion,2024-10,0.0,5.25,1.27246818181818,1.5368000000000002
707,Bonos de titulizacion,2024-11,0.0,5.0,1.6689999999999996,1.55263157894737
708,Bonos de titulizacion,2024-12,0.0,5.0,1.62515789473684,1.5438095238095202
709,Bonos de titulizacion,2025-01,0.0,4.75,1.9400000000000004,1.56761904761905
710,Bonos de titulizacion,2025-02,0.0,4.75,1.7225,1.5825
711,Bonos de titulizacion,2025-03,0.0,4.75,1.7352380952381,1.6335483870967702
712,Bonos de titulizacion,2025-04,0.0,4.75,1.854,1.77571428571429
713,Bonos de titulizacion,2025-05,0.0,4.5,1.98666666666667,1.5858064516129
714,Bonos de titulizacion,2025-06,0.0,4.5,1.9119047619047604,1.53833333333333
715,Bonos de titulizacion,2025-07,0.0,4.5,1.68745,1.4061290322580602
716,Bonos de titulizacion,2025-08,0.0,4.5,1.51696,1.33322580645161
717,Bonos de titulizacion,2025-09,0.0,4.25,1.87590909090909,1.24107142857143
718,Bonos de titulizacion,2025-10,0.0,4.25,1.85583636363637,1.23516129032258
719,Bonos de titulizacion,2025-11,0.0,4.25,1.7544500000000005,1.256
720,Bonos de titulizacion,2025-12,0.0,4.25,1.57715789473684,1.27
721,Saldo corporativos,2011-01,9.557568281763434,3.25,2.5962857142857096,1.4557143
722,Saldo corporativos,2011-02,9.539901067955308,3.5,2.51595,1.461
723,Saldo corporativos,2011-03,9.538786766993908,3.75,2.60333612040134,1.5678261
724,Saldo corporativos,2011-04,9.532782060999011,4.0,2.94410092633545,1.9290476
725,Saldo corporativos,2011-05,9.527333015560698,4.25,2.4725020222856697,1.8722727
726,Saldo corporativos,2011-06,9.519581116084376,4.25,2.20763825900731,1.9236364
727,Saldo corporativos,2011-07,9.512788976288112,4.25,1.98626241920591,1.7085714
728,Saldo corporativos,2011-08,9.500783819074025,4.25,1.67853521749067,1.9956522
729,Saldo corporativos,2011-09,9.507530021311002,4.25,1.37017803787122,2.3745455
730,Saldo corporativos,2011-10,9.51359383350051,4.25,1.4748322210866904,2.3195238
731,Saldo corporativos,2011-11,9.509956708601456,4.25,1.4173432296186803,2.1418182
732,Saldo corporativos,2011-12,9.5299317311526,4.25,1.4453293398377005,2.1631818000000003
733,Saldo corporativos,2012-01,9.525448794201871,4.25,1.4377609398031002,2.1940909
734,Saldo corporativos,2012-02,9.531145672876532,4.25,1.3020364322611204,1.992381
735,Saldo corporativos,2012-03,9.518543452527243,4.25,1.1574619276424896,1.6559091
736,Saldo corporativos,2012-04,9.52000370349084,4.25,1.0670918414560804,1.6414286000000002
737,Saldo corporativos,2012-05,9.541964578364093,4.25,0.9111689535072998,1.8052174
738,Saldo corporativos,2012-06,9.539297831916096,4.25,0.89383563093637,1.8842857
739,Saldo corporativos,2012-07,9.54724734207596,4.25,0.7735416666666701,1.6259091
740,Saldo corporativos,2012-08,9.551138757331495,4.25,0.6041943748259504,1.3313043
741,Saldo corporativos,2012-09,9.536359708755292,4.25,0.4265961820586801,1.24
742,Saldo corporativos,2012-10,9.563081908408565,4.25,0.3036367424242403,1.0804348
743,Saldo corporativos,2012-11,9.570761890298346,4.25,0.2098128345221104,1.2295455
744,Saldo corporativos,2012-12,9.498972760758395,4.25,-0.0866843834270296,1.1719048
745,Saldo corporativos,2013-01,9.495081955917934,4.25,-0.1824953020464397,1.1004348
746,Saldo corporativos,2013-02,9.49670685810377,4.25,-0.0980923588164497,1.2705
747,Saldo corporativos,2013-03,9.5000268190433,4.25,-0.1016138581228096,1.4028571
748,Saldo corporativos,2013-04,9.48992411226713,4.25,-0.1936594806224603,1.3254545
749,Saldo corporativos,2013-05,9.40820584988565,4.25,-0.0481818181818196,1.3373913
750,Saldo corporativos,2013-06,9.397868002443026,4.25,1.0694671626005103,1.798
751,Saldo corporativos,2013-07,9.398087163204504,4.25,1.0101522889957204,1.7569565
752,Saldo corporativos,2013-08,9.404465503547524,4.25,1.2127125966726604,1.9054545
753,Saldo corporativos,2013-09,9.38067279718806,4.25,1.35047619047619,1.8338095
754,Saldo corporativos,2013-10,9.384209994055007,4.25,1.06727272727273,1.7286957
755,Saldo corporativos,2013-11,9.392128929995884,4.0,1.4669999999999996,1.8342857
756,Saldo corporativos,2013-12,9.392363171451397,4.0,1.6055,1.7654545
757,Saldo corporativos,2014-01,9.367456337432614,4.0,1.7199999999999998,1.76
758,Saldo corporativos,2014-02,9.375130649845762,4.0,2.4255000000000004,1.8225
759,Saldo corporativos,2014-03,9.369687454571324,4.0,2.16490476190476,1.672381
760,Saldo corporativos,2014-04,9.363005332443786,4.0,1.951,1.5354545
761,Saldo corporativos,2014-05,9.34805215891106,4.0,1.6409523809523805,1.4940909
762,Saldo corporativos,2014-06,9.352286104070611,4.0,1.3723809523809498,1.4542857
763,Saldo corporativos,2014-07,9.350063215113725,3.75,1.4269999999999996,1.4634782999999998
764,Saldo corporativos,2014-08,9.345996627895351,3.75,1.44790476190476,1.5728571
765,Saldo corporativos,2014-09,9.368857890618164,3.5,1.8354545454545503,1.4968182
766,Saldo corporativos,2014-10,9.344644182892027,3.5,1.8599545454545403,1.7026087
767,Saldo corporativos,2014-11,9.329484243207986,3.5,1.93935,1.6535
768,Saldo corporativos,2014-12,9.345675593264838,3.5,1.8597142857142896,1.8191304
769,Saldo corporativos,2015-01,9.407584680602891,3.25,2.0466,2.0122727
770,Saldo corporativos,2015-02,9.4312776340508,3.25,2.0355,1.8285
771,Saldo corporativos,2015-03,9.418656882952453,3.25,2.27668181818182,1.8445455
772,Saldo corporativos,2015-04,9.412158554418234,3.25,2.2880909090909096,1.7695455000000002
773,Saldo corporativos,2015-05,9.449353724880597,3.25,2.6519000000000004,1.6590476
774,Saldo corporativos,2015-06,9.453677841442396,3.25,2.9216666666666704,1.765
775,Saldo corporativos,2015-07,9.500898072924556,3.25,3.2216500000000003,1.8669565
776,Saldo corporativos,2015-08,9.499388725397164,3.25,3.4131904761904703,2.1747619
777,Saldo corporativos,2015-09,9.507332847067731,3.5,3.73577272727273,2.3427273
778,Saldo corporativos,2015-10,9.509857957213509,3.5,3.5107272727272703,2.2590909
779,Saldo corporativos,2015-11,9.51104187405468,3.5,3.1926190476190497,2.1890476000000003
780,Saldo corporativos,2015-12,9.534954688461792,3.75,2.95786363636364,2.3665217000000003
781,Saldo corporativos,2016-01,9.537270260426114,4.0,3.02015,2.6705
782,Saldo corporativos,2016-02,9.53660992637987,4.25,3.09585714285714,2.8238095
783,Saldo corporativos,2016-03,9.545826924922284,4.25,2.889,2.2682609
784,Saldo corporativos,2016-04,9.564479905790993,4.25,2.29485714285714,2.1004762
785,Saldo corporativos,2016-05,9.572800539744756,4.25,2.0158181818181804,2.0795455
786,Saldo corporativos,2016-06,9.615122769872588,4.25,1.83436363636364,2.0990909
787,Saldo corporativos,2016-07,9.63298436372707,4.25,1.5065238095238105,1.8419048
788,Saldo corporativos,2016-08,9.650610645056394,4.25,1.3861739130434805,1.696087
789,Saldo corporativos,2016-09,9.653131315639191,4.25,1.54354545454546,1.6177273
790,Saldo corporativos,2016-10,9.678331483750313,4.25,1.5208571428571398,1.4652381
791,Saldo corporativos,2016-11,9.683827574491431,4.25,2.05986363636364,1.6781818000000002
792,Saldo corporativos,2016-12,9.672517087784655,4.25,2.19685714285714,1.6472727
793,Saldo corporativos,2017-01,9.662706934199978,4.25,2.10095454545454,1.5730000000000002
794,Saldo corporativos,2017-02,9.659613018622926,4.25,2.01035,1.52105263157895
795,Saldo corporativos,2017-03,9.68674850734456,4.25,1.8473913043478296,1.4108695652173902
796,Saldo corporativos,2017-04,9.693643912769923,4.25,1.6205555555555602,1.49444444444444
797,Saldo corporativos,2017-05,9.6870795428017,4.0,1.71772727272727,1.41181818181818
798,Saldo corporativos,2017-06,9.708663451048336,4.0,1.5790499999999996,1.435
799,Saldo corporativos,2017-07,9.712561747349634,3.75,1.9094736842105304,1.419
800,Saldo corporativos,2017-08,9.707902160087484,3.75,1.7120434782608704,1.55391304347826
801,Saldo corporativos,2017-09,9.73901255792444,3.5,1.84190476190476,1.44
802,Saldo corporativos,2017-10,9.721222049354688,3.5,1.76331818181818,1.39619047619048
803,Saldo corporativos,2017-11,9.746954843956784,3.25,2.0497619047619,1.38809523809524
804,Saldo corporativos,2017-12,9.74712407470839,3.25,1.99947368421053,1.3615000000000002
805,Saldo corporativos,2018-01,9.718875112048533,3.0,1.81809523809524,1.16608695652174
806,Saldo corporativos,2018-02,9.728593016767258,3.0,1.7945000000000002,1.3219999999999998
807,Saldo corporativos,2018-03,9.70330519839945,2.75,2.095,1.47045454545455
808,Saldo corporativos,2018-04,9.709545148322537,2.75,2.2742000000000004,1.45238095238095
809,Saldo corporativos,2018-05,9.716770265333558,2.75,2.7222727272727303,1.57695652173913
810,Saldo corporativos,2018-06,9.732167126286368,2.75,2.9126000000000003,1.63333333333333
811,Saldo corporativos,2018-07,9.76260517030244,2.75,2.7347619047619096,1.50954545454545
812,Saldo corporativos,2018-08,9.76075666241658,2.75,2.6752380952381003,1.49260869565217
813,Saldo corporativos,2018-09,9.759843446201218,2.75,2.7675,1.399
814,Saldo corporativos,2018-10,9.785875965966126,2.75,2.98181818181818,1.42695652173913
815,Saldo corporativos,2018-11,9.802717172299657,2.75,2.9770000000000003,1.56863636363636
816,Saldo corporativos,2018-12,9.78575245061169,2.75,2.9936315789473698,1.64809523809524
817,Saldo corporativos,2019-01,9.781650952364682,2.75,2.83772727272727,1.5239130434782602
818,Saldo corporativos,2019-02,9.807703773451122,2.75,2.7445000000000004,1.395
819,Saldo corporativos,2019-03,9.81088412866027,2.75,2.54923809523809,1.35666666666667
820,Saldo corporativos,2019-04,9.782642066076752,2.75,2.4658,1.22363636363636
821,Saldo corporativos,2019-05,9.784076870468276,2.75,2.38735454545455,1.35695652173913
822,Saldo corporativos,2019-06,9.767401415431047,2.75,2.06719,1.2915
823,Saldo corporativos,2019-07,9.783464947418228,2.75,1.6901000000000002,1.16130434782609
824,Saldo corporativos,2019-08,9.7857980253696,2.5,1.7289849999999998,1.27090909090909
825,Saldo corporativos,2019-09,9.794351916491904,2.5,1.6521238095238102,1.16428571428571
826,Saldo corporativos,2019-10,9.80934511479492,2.5,1.57454285714286,1.26913043478261
827,Saldo corporativos,2019-11,9.814458103341288,2.25,1.9896900000000004,1.26761904761905
828,Saldo corporativos,2019-12,9.80620283884771,2.25,2.1059380952381,1.15909090909091
829,Saldo corporativos,2020-01,9.778753413294602,2.25,2.2523090909090904,1.13869565217391
830,Saldo corporativos,2020-02,9.780985994243109,2.25,2.008095,1.222
831,Saldo corporativos,2020-03,9.776082494006165,1.25,3.8372590909090896,2.48909090909091
832,Saldo corporativos,2020-04,9.772072430689944,0.25,4.7755,2.77954545454545
833,Saldo corporativos,2020-05,9.770677277412512,0.25,4.1795,2.2235
834,Saldo corporativos,2020-06,9.76338637637808,0.25,4.14,1.80136363636364
835,Saldo corporativos,2020-07,9.762087941953231,0.25,3.9904545454545497,1.6934782608695702
836,Saldo corporativos,2020-08,9.747980257849436,0.25,3.81714285714286,1.45636363636364
837,Saldo corporativos,2020-09,9.745259696420874,0.25,3.93681818181818,1.60409090909091
838,Saldo corporativos,2020-10,9.743310031880444,0.25,3.95545454545454,1.50181818181818
839,Saldo corporativos,2020-11,9.716873803234977,0.25,3.76450476190476,1.47
840,Saldo corporativos,2020-12,9.729512051820551,0.25,3.38264285714286,1.43304347826087
841,Saldo corporativos,2021-01,9.726646678121558,0.25,3.408,1.31619047619048
842,Saldo corporativos,2021-02,9.724336480204954,0.25,3.6615,1.381
843,Saldo corporativos,2021-03,9.721046037303209,0.25,4.43608695652174,1.65086956521739
844,Saldo corporativos,2021-04,9.719065248798223,0.25,4.84,1.645
845,Saldo corporativos,2021-05,9.712649032620158,0.25,4.74,1.63571428571429
846,Saldo corporativos,2021-06,9.687334611877574,0.25,5.02323809523809,1.69227272727273
847,Saldo corporativos,2021-07,9.668942797445974,0.25,5.4147,1.7
848,Saldo corporativos,2021-08,9.666811259067346,0.5,5.85523809523809,1.83
849,Saldo corporativos,2021-09,9.659089409975309,1.0,5.34227272727273,1.74
850,Saldo corporativos,2021-10,9.647916553009573,1.5,4.4495,1.7161904761904798
851,Saldo corporativos,2021-11,9.63422189380961,2.0,3.86571428571429,1.79363636363636
852,Saldo corporativos,2021-12,9.616949021859671,2.5,3.42563636363636,1.74304347826087
853,Saldo corporativos,2022-01,9.612540289139345,3.0,3.0745714285714296,1.76761904761905
854,Saldo corporativos,2022-02,9.606774997874007,3.5,2.571,1.9775
855,Saldo corporativos,2022-03,9.59573936948801,4.0,2.59782608695652,2.0073913043478298
856,Saldo corporativos,2022-04,9.593487626523768,4.5,2.87315789473684,1.86666666666667
857,Saldo corporativos,2022-05,9.578490552925794,5.0,2.9236363636363603,2.1754545454545497
858,Saldo corporativos,2022-06,9.580072944384646,5.5,2.358,2.1354545454545497
859,Saldo corporativos,2022-07,9.555130178467792,6.0,2.216315789473679,2.35428571428571
860,Saldo corporativos,2022-08,9.535996942694084,6.5,1.40872727272727,2.11
861,Saldo corporativos,2022-09,9.53063167284816,6.75,1.5559090909090898,2.2527345454545498
862,Saldo corporativos,2022-10,9.495495822658944,7.0,1.6457142857142897,2.42587095238095
863,Saldo corporativos,2022-11,9.46104813724612,7.25,0.6147619047619104,2.03406909090909
864,Saldo corporativos,2022-12,9.46015834334128,7.5,0.3615000000000004,1.955
865,Saldo corporativos,2023-01,9.458533296695425,7.75,0.2095238095238096,2.0704545454545498
866,Saldo corporativos,2023-02,9.436080109273624,7.75,0.1293499999999996,1.923
867,Saldo corporativos,2023-03,9.418750836065358,7.75,-0.0333043478260899,2.03826086956522
868,Saldo corporativos,2023-04,9.39370851309645,7.75,-0.2611111111111102,2.019
869,Saldo corporativos,2023-05,9.388531513552092,7.75,-0.4749999999999996,1.97391304347826
870,Saldo corporativos,2023-06,9.359697458350723,7.75,-0.67619047619048,1.81090909090909
871,Saldo corporativos,2023-07,9.339413822002804,7.75,-0.9945000000000004,1.68904761904762
872,Saldo corporativos,2023-08,9.33337733304235,7.75,-0.9059090909090904,1.67227272727273
873,Saldo corporativos,2023-09,9.33416607794464,7.5,-0.5314285714285703,1.69095238095238
874,Saldo corporativos,2023-10,9.328116481180018,7.25,0.3745454545454496,1.79954545454545
875,Saldo corporativos,2023-11,9.32493940851658,7.0,0.1719047619047602,1.75181818181818
876,Saldo corporativos,2023-12,9.335099134682988,6.75,0.1184736842105298,1.62428571428571
877,Saldo corporativos,2024-01,9.335551930868938,6.5,0.1795238095238103,1.70434782608696
878,Saldo corporativos,2024-02,9.31954136886291,6.25,0.5038095238095197,1.60285714285714
879,Saldo corporativos,2024-03,9.31614893944294,6.25,0.7557894736842101,1.52666666666667
880,Saldo corporativos,2024-04,9.303719067448982,6.0,1.38204545454545,1.53772727272727
881,Saldo corporativos,2024-05,9.302029743376622,5.75,1.34540909090909,1.55826086956522
882,Saldo corporativos,2024-06,9.284355331577189,5.75,1.3384210526315805,1.609
883,Saldo corporativos,2024-07,9.278872033358756,5.75,1.2225,1.58695652173913
884,Saldo corporativos,2024-08,9.2775449570307,5.5,1.0835,1.695
885,Saldo corporativos,2024-09,9.265981657169224,5.25,1.11185714285714,1.6257894736842102
886,Saldo corporativos,2024-10,9.234678988117976,5.25,1.27246818181818,1.5368000000000002
887,Saldo corporativos,2024-11,9.226730762853183,5.0,1.6689999999999996,1.55263157894737
888,Saldo corporativos,2024-12,9.227609122991662,5.0,1.62515789473684,1.5438095238095202
889,Saldo corporativos,2025-01,9.22311755285769,4.75,1.9400000000000004,1.56761904761905
890,Saldo corporativos,2025-02,9.222205945789812,4.75,1.7225,1.5825
891,Saldo corporativos,2025-03,9.21959479633096,4.75,1.7352380952381,1.6335483870967702
892,Saldo corporativos,2025-04,9.206662503382988,4.75,1.854,1.77571428571429
893,Saldo corporativos,2025-05,9.20011680886446,4.5,1.98666666666667,1.5858064516129
894,Saldo corporativos,2025-06,9.191760686752117,4.5,1.9119047619047604,1.53833333333333
895,Saldo corporativos,2025-07,9.169418676648592,4.5,1.68745,1.4061290322580602
896,Saldo corporativos,2025-08,9.167393022385545,4.5,1.51696,1.33322580645161
897,Saldo corporativos,2025-09,9.155342118084784,4.25,1.87590909090909,1.24107142857143
898,Saldo corporativos,2025-10,9.147579945551865,4.25,1.85583636363637,1.23516129032258
899,Saldo corporativos,2025-11,9.130692881954044,4.25,1.7544500000000005,1.256
900,Saldo corporativos,2025-12,9.129981058284294,4.25,1.57715789473684,1.27
901,Saldo plazo 3 a 5 anos,2011-01,8.199643761109874,3.25,2.5962857142857096,1.4557143
902,Saldo plazo 3 a 5 anos,2011-02,8.17025244694746,3.5,2.51595,1.461
903,Saldo plazo 3 a 5 anos,2011-03,8.164215028182483,3.75,2.60333612040134,1.5678261
904,Saldo plazo 3 a 5 anos,2011-04,8.163229878279855,4.0,2.94410092633545,1.9290476
905,Saldo plazo 3 a 5 anos,2011-05,8.16563135017057,4.25,2.4725020222856697,1.8722727
906,Saldo plazo 3 a 5 anos,2011-06,8.135438939755176,4.25,2.20763825900731,1.9236364
907,Saldo plazo 3 a 5 anos,2011-07,8.103665350507335,4.25,1.98626241920591,1.7085714
908,Saldo plazo 3 a 5 anos,2011-08,8.069095886729858,4.25,1.67853521749067,1.9956522
909,Saldo plazo 3 a 5 anos,2011-09,8.07107223965327,4.25,1.37017803787122,2.3745455
910,Saldo plazo 3 a 5 anos,2011-10,8.120773728309215,4.25,1.4748322210866904,2.3195238
911,Saldo plazo 3 a 5 anos,2011-11,8.083521581250677,4.25,1.4173432296186803,2.1418182
912,Saldo plazo 3 a 5 anos,2011-12,8.072638764805198,4.25,1.4453293398377005,2.1631818000000003
913,Saldo plazo 3 a 5 anos,2012-01,8.071468587414127,4.25,1.4377609398031002,2.1940909
914,Saldo plazo 3 a 5 anos,2012-02,8.117744464425751,4.25,1.3020364322611204,1.992381
915,Saldo plazo 3 a 5 anos,2012-03,8.06278328817684,4.25,1.1574619276424896,1.6559091
916,Saldo plazo 3 a 5 anos,2012-04,8.051021573263933,4.25,1.0670918414560804,1.6414286000000002
917,Saldo plazo 3 a 5 anos,2012-05,8.092360940718395,4.25,0.9111689535072998,1.8052174
918,Saldo plazo 3 a 5 anos,2012-06,8.1153060961523,4.25,0.89383563093637,1.8842857
919,Saldo plazo 3 a 5 anos,2012-07,8.171963789792816,4.25,0.7735416666666701,1.6259091
920,Saldo plazo 3 a 5 anos,2012-08,8.167569855599318,4.25,0.6041943748259504,1.3313043
921,Saldo plazo 3 a 5 anos,2012-09,8.148890499978823,4.25,0.4265961820586801,1.24
922,Saldo plazo 3 a 5 anos,2012-10,8.096128740149389,4.25,0.3036367424242403,1.0804348
923,Saldo plazo 3 a 5 anos,2012-11,8.081437678845642,4.25,0.2098128345221104,1.2295455
924,Saldo plazo 3 a 5 anos,2012-12,8.107257468485024,4.25,-0.0866843834270296,1.1719048
925,Saldo plazo 3 a 5 anos,2013-01,8.09715703053992,4.25,-0.1824953020464397,1.1004348
926,Saldo plazo 3 a 5 anos,2013-02,8.103976628613248,4.25,-0.0980923588164497,1.2705
927,Saldo plazo 3 a 5 anos,2013-03,8.096337979736548,4.25,-0.1016138581228096,1.4028571
928,Saldo plazo 3 a 5 anos,2013-04,8.00924030551983,4.25,-0.1936594806224603,1.3254545
929,Saldo plazo 3 a 5 anos,2013-05,7.973403366823963,4.25,-0.0481818181818196,1.3373913
930,Saldo plazo 3 a 5 anos,2013-06,7.953947318582213,4.25,1.0694671626005103,1.798
931,Saldo plazo 3 a 5 anos,2013-07,7.990897934342183,4.25,1.0101522889957204,1.7569565
932,Saldo plazo 3 a 5 anos,2013-08,8.01214582495848,4.25,1.2127125966726604,1.9054545
933,Saldo plazo 3 a 5 anos,2013-09,7.970212980267621,4.25,1.35047619047619,1.8338095
934,Saldo plazo 3 a 5 anos,2013-10,8.039965597602974,4.25,1.06727272727273,1.7286957
935,Saldo plazo 3 a 5 anos,2013-11,8.032210635158345,4.0,1.4669999999999996,1.8342857
936,Saldo plazo 3 a 5 anos,2013-12,8.030124776608442,4.0,1.6055,1.7654545
937,Saldo plazo 3 a 5 anos,2014-01,8.028779158991098,4.0,1.7199999999999998,1.76
938,Saldo plazo 3 a 5 anos,2014-02,8.05045755548672,4.0,2.4255000000000004,1.8225
939,Saldo plazo 3 a 5 anos,2014-03,8.058212090648556,4.0,2.16490476190476,1.672381
940,Saldo plazo 3 a 5 anos,2014-04,8.013097795959238,4.0,1.951,1.5354545
941,Saldo plazo 3 a 5 anos,2014-05,7.970085762941597,4.0,1.6409523809523805,1.4940909
942,Saldo plazo 3 a 5 anos,2014-06,7.954147582339318,4.0,1.3723809523809498,1.4542857
943,Saldo plazo 3 a 5 anos,2014-07,7.944325548984248,3.75,1.4269999999999996,1.4634782999999998
944,Saldo plazo 3 a 5 anos,2014-08,7.935514477917865,3.75,1.44790476190476,1.5728571
945,Saldo plazo 3 a 5 anos,2014-09,7.87522855539421,3.5,1.8354545454545503,1.4968182
946,Saldo plazo 3 a 5 anos,2014-10,7.770994256792453,3.5,1.8599545454545403,1.7026087
947,Saldo plazo 3 a 5 anos,2014-11,7.673603201478152,3.5,1.93935,1.6535
948,Saldo plazo 3 a 5 anos,2014-12,7.698233447222991,3.5,1.8597142857142896,1.8191304
949,Saldo plazo 3 a 5 anos,2015-01,7.7201407526748,3.25,2.0466,2.0122727
950,Saldo plazo 3 a 5 anos,2015-02,7.783053510663746,3.25,2.0355,1.8285
951,Saldo plazo 3 a 5 anos,2015-03,7.7785833302645875,3.25,2.27668181818182,1.8445455
952,Saldo plazo 3 a 5 anos,2015-04,7.7894007793081155,3.25,2.2880909090909096,1.7695455000000002
953,Saldo plazo 3 a 5 anos,2015-05,7.900907744566842,3.25,2.6519000000000004,1.6590476
954,Saldo plazo 3 a 5 anos,2015-06,7.967060380545792,3.25,2.9216666666666704,1.765
955,Saldo plazo 3 a 5 anos,2015-07,8.016325119183584,3.25,3.2216500000000003,1.8669565
956,Saldo plazo 3 a 5 anos,2015-08,8.020262343178608,3.25,3.4131904761904703,2.1747619
957,Saldo plazo 3 a 5 anos,2015-09,8.014392002157466,3.5,3.73577272727273,2.3427273
958,Saldo plazo 3 a 5 anos,2015-10,8.01987713948795,3.5,3.5107272727272703,2.2590909
959,Saldo plazo 3 a 5 anos,2015-11,8.011641470981,3.5,3.1926190476190497,2.1890476000000003
960,Saldo plazo 3 a 5 anos,2015-12,7.986837890107064,3.75,2.95786363636364,2.3665217000000003
961,Saldo plazo 3 a 5 anos,2016-01,7.991609050071453,4.0,3.02015,2.6705
962,Saldo plazo 3 a 5 anos,2016-02,7.9955677009808115,4.25,3.09585714285714,2.8238095
963,Saldo plazo 3 a 5 anos,2016-03,7.975904694862326,4.25,2.889,2.2682609
964,Saldo plazo 3 a 5 anos,2016-04,7.965636246725683,4.25,2.29485714285714,2.1004762
965,Saldo plazo 3 a 5 anos,2016-05,7.9657348190207475,4.25,2.0158181818181804,2.0795455
966,Saldo plazo 3 a 5 anos,2016-06,8.006034165486465,4.25,1.83436363636364,2.0990909
967,Saldo plazo 3 a 5 anos,2016-07,7.949272802529335,4.25,1.5065238095238105,1.8419048
968,Saldo plazo 3 a 5 anos,2016-08,7.951112394796177,4.25,1.3861739130434805,1.696087
969,Saldo plazo 3 a 5 anos,2016-09,7.947002910263365,4.25,1.54354545454546,1.6177273
970,Saldo plazo 3 a 5 anos,2016-10,7.882715076467135,4.25,1.5208571428571398,1.4652381
971,Saldo plazo 3 a 5 anos,2016-11,7.857151207144606,4.25,2.05986363636364,1.6781818000000002
972,Saldo plazo 3 a 5 anos,2016-12,7.817896276111552,4.25,2.19685714285714,1.6472727
973,Saldo plazo 3 a 5 anos,2017-01,7.771305409884357,4.25,2.10095454545454,1.5730000000000002
974,Saldo plazo 3 a 5 anos,2017-02,7.70165607252977,4.25,2.01035,1.52105263157895
975,Saldo plazo 3 a 5 anos,2017-03,7.732829341419918,4.25,1.8473913043478296,1.4108695652173902
976,Saldo plazo 3 a 5 anos,2017-04,7.743703820026274,4.25,1.6205555555555602,1.49444444444444
977,Saldo plazo 3 a 5 anos,2017-05,7.70074457912129,4.0,1.71772727272727,1.41181818181818
978,Saldo plazo 3 a 5 anos,2017-06,7.67207111840736,4.0,1.5790499999999996,1.435
979,Saldo plazo 3 a 5 anos,2017-07,7.728750350036615,3.75,1.9094736842105304,1.419
980,Saldo plazo 3 a 5 anos,2017-08,7.728750350036615,3.75,1.7120434782608704,1.55391304347826
981,Saldo plazo 3 a 5 anos,2017-09,7.77044866584537,3.5,1.84190476190476,1.44
982,Saldo plazo 3 a 5 anos,2017-10,7.713776907349521,3.5,1.76331818181818,1.39619047619048
983,Saldo plazo 3 a 5 anos,2017-11,7.770459071934264,3.25,2.0497619047619,1.38809523809524
984,Saldo plazo 3 a 5 anos,2017-12,7.742496713745727,3.25,1.99947368421053,1.3615000000000002
985,Saldo plazo 3 a 5 anos,2018-01,7.738420364924295,3.0,1.81809523809524,1.16608695652174
986,Saldo plazo 3 a 5 anos,2018-02,7.72750509215204,3.0,1.7945000000000002,1.3219999999999998
987,Saldo plazo 3 a 5 anos,2018-03,7.731010280074083,2.75,2.095,1.47045454545455
988,Saldo plazo 3 a 5 anos,2018-04,7.7296739575149,2.75,2.2742000000000004,1.45238095238095
989,Saldo plazo 3 a 5 anos,2018-05,7.728752363554297,2.75,2.7222727272727303,1.57695652173913
990,Saldo plazo 3 a 5 anos,2018-06,7.646626144440775,2.75,2.9126000000000003,1.63333333333333
991,Saldo plazo 3 a 5 anos,2018-07,7.691277872893346,2.75,2.7347619047619096,1.50954545454545
992,Saldo plazo 3 a 5 anos,2018-08,7.728507786687508,2.75,2.6752380952381003,1.49260869565217
993,Saldo plazo 3 a 5 anos,2018-09,7.722143132896012,2.75,2.7675,1.399
994,Saldo plazo 3 a 5 anos,2018-10,7.736552687567381,2.75,2.98181818181818,1.42695652173913
995,Saldo plazo 3 a 5 anos,2018-11,7.714980223594535,2.75,2.9770000000000003,1.56863636363636
996,Saldo plazo 3 a 5 anos,2018-12,7.659891947019405,2.75,2.9936315789473698,1.64809523809524
997,Saldo plazo 3 a 5 anos,2019-01,7.625135527484814,2.75,2.83772727272727,1.5239130434782602
998,Saldo plazo 3 a 5 anos,2019-02,7.605747488983336,2.75,2.7445000000000004,1.395
999,Saldo plazo 3 a 5 anos,2019-03,7.602862635216868,2.75,2.54923809523809,1.35666666666667
1000,Saldo plazo 3 a 5 anos,2019-04,7.628689800074333,2.75,2.4658,1.22363636363636
1001,Saldo plazo 3 a 5 anos,2019-05,7.626901990518065,2.75,2.38735454545455,1.35695652173913
1002,Saldo plazo 3 a 5 anos,2019-06,7.574072642607134,2.75,2.06719,1.2915
1003,Saldo plazo 3 a 5 anos,2019-07,7.535183961406728,2.75,1.6901000000000002,1.16130434782609
1004,Saldo plazo 3 a 5 anos,2019-08,7.520527435906462,2.5,1.7289849999999998,1.27090909090909
1005,Saldo plazo 3 a 5 anos,2019-09,7.517206644555263,2.5,1.6521238095238102,1.16428571428571
1006,Saldo plazo 3 a 5 anos,2019-10,7.510550789538326,2.5,1.57454285714286,1.26913043478261
1007,Saldo plazo 3 a 5 anos,2019-11,7.516352337554239,2.25,1.9896900000000004,1.26761904761905
1008,Saldo plazo 3 a 5 anos,2019-12,7.554792898699095,2.25,2.1059380952381,1.15909090909091
1009,Saldo plazo 3 a 5 anos,2020-01,7.599028825385326,2.25,2.2523090909090904,1.13869565217391
1010,Saldo plazo 3 a 5 anos,2020-02,7.584531483390014,2.25,2.008095,1.222
1011,Saldo plazo 3 a 5 anos,2020-03,7.58941883439378,1.25,3.8372590909090896,2.48909090909091
1012,Saldo plazo 3 a 5 anos,2020-04,7.581479545045872,0.25,4.7755,2.77954545454545
1013,Saldo plazo 3 a 5 anos,2020-05,7.564538036106762,0.25,4.1795,2.2235
1014,Saldo plazo 3 a 5 anos,2020-06,7.553187974622229,0.25,4.14,1.80136363636364
1015,Saldo plazo 3 a 5 anos,2020-07,7.549150344122784,0.25,3.9904545454545497,1.6934782608695702
1016,Saldo plazo 3 a 5 anos,2020-08,7.549573332933618,0.25,3.81714285714286,1.45636363636364
1017,Saldo plazo 3 a 5 anos,2020-09,7.550334060249322,0.25,3.93681818181818,1.60409090909091
1018,Saldo plazo 3 a 5 anos,2020-10,7.5255115436139794,0.25,3.95545454545454,1.50181818181818
1019,Saldo plazo 3 a 5 anos,2020-11,7.5255115436139794,0.25,3.76450476190476,1.47
1020,Saldo plazo 3 a 5 anos,2020-12,7.587630171092564,0.25,3.38264285714286,1.43304347826087
1021,Saldo plazo 3 a 5 anos,2021-01,7.588292081899382,0.25,3.408,1.31619047619048
1022,Saldo plazo 3 a 5 anos,2021-02,7.604881432917732,0.25,3.6615,1.381
1023,Saldo plazo 3 a 5 anos,2021-03,7.580941113400733,0.25,4.43608695652174,1.65086956521739
1024,Saldo plazo 3 a 5 anos,2021-04,7.559184870867914,0.25,4.84,1.645
1025,Saldo plazo 3 a 5 anos,2021-05,7.560210499275341,0.25,4.74,1.63571428571429
1026,Saldo plazo 3 a 5 anos,2021-06,7.45203523531625,0.25,5.02323809523809,1.69227272727273
1027,Saldo plazo 3 a 5 anos,2021-07,7.34512094285833,0.25,5.4147,1.7
1028,Saldo plazo 3 a 5 anos,2021-08,7.34439108952244,0.5,5.85523809523809,1.83
1029,Saldo plazo 3 a 5 anos,2021-09,7.334817582597055,1.0,5.34227272727273,1.74
1030,Saldo plazo 3 a 5 anos,2021-10,7.311884315777727,1.5,4.4495,1.7161904761904798
1031,Saldo plazo 3 a 5 anos,2021-11,7.242625778149391,2.0,3.86571428571429,1.79363636363636
1032,Saldo plazo 3 a 5 anos,2021-12,7.237143777029681,2.5,3.42563636363636,1.74304347826087
1033,Saldo plazo 3 a 5 anos,2022-01,7.233559730870258,3.0,3.0745714285714296,1.76761904761905
1034,Saldo plazo 3 a 5 anos,2022-02,7.231347762250267,3.5,2.571,1.9775
1035,Saldo plazo 3 a 5 anos,2022-03,7.150218740122801,4.0,2.59782608695652,2.0073913043478298
1036,Saldo plazo 3 a 5 anos,2022-04,7.137095420712607,4.5,2.87315789473684,1.86666666666667
1037,Saldo plazo 3 a 5 anos,2022-05,7.083729976592505,5.0,2.9236363636363603,2.1754545454545497
1038,Saldo plazo 3 a 5 anos,2022-06,7.08395393527013,5.5,2.358,2.1354545454545497
1039,Saldo plazo 3 a 5 anos,2022-07,6.9628842910898,6.0,2.216315789473679,2.35428571428571
1040,Saldo plazo 3 a 5 anos,2022-08,6.9529413944585565,6.5,1.40872727272727,2.11
1041,Saldo plazo 3 a 5 anos,2022-09,6.853387138412412,6.75,1.5559090909090898,2.2527345454545498
1042,Saldo plazo 3 a 5 anos,2022-10,6.8293561601678,7.0,1.6457142857142897,2.42587095238095
1043,Saldo plazo 3 a 5 anos,2022-11,6.82401639834872,7.25,0.6147619047619104,2.03406909090909
1044,Saldo plazo 3 a 5 anos,2022-12,6.808965430521756,7.5,0.3615000000000004,1.955
1045,Saldo plazo 3 a 5 anos,2023-01,6.7814033947551104,7.75,0.2095238095238096,2.0704545454545498
1046,Saldo plazo 3 a 5 anos,2023-02,6.779943384514346,7.75,0.1293499999999996,1.923
1047,Saldo plazo 3 a 5 anos,2023-03,6.7685916665719,7.75,-0.0333043478260899,2.03826086956522
1048,Saldo plazo 3 a 5 anos,2023-04,6.650322123338864,7.75,-0.2611111111111102,2.019
1049,Saldo plazo 3 a 5 anos,2023-05,6.64941564879819,7.75,-0.4749999999999996,1.97391304347826
1050,Saldo plazo 3 a 5 anos,2023-06,6.641409647129356,7.75,-0.67619047619048,1.81090909090909
1051,Saldo plazo 3 a 5 anos,2023-07,6.500891426837477,7.75,-0.9945000000000004,1.68904761904762
1052,Saldo plazo 3 a 5 anos,2023-08,6.38692578713822,7.75,-0.9059090909090904,1.67227272727273
1053,Saldo plazo 3 a 5 anos,2023-09,6.385040217635155,7.5,-0.5314285714285703,1.69095238095238
1054,Saldo plazo 3 a 5 anos,2023-10,6.367366403631371,7.25,0.3745454545454496,1.79954545454545
1055,Saldo plazo 3 a 5 anos,2023-11,6.356269722215991,7.0,0.1719047619047602,1.75181818181818
1056,Saldo plazo 3 a 5 anos,2023-12,6.351353508679176,6.75,0.1184736842105298,1.62428571428571
1057,Saldo plazo 3 a 5 anos,2024-01,6.353902714225992,6.5,0.1795238095238103,1.70434782608696
1058,Saldo plazo 3 a 5 anos,2024-02,6.384856508867007,6.25,0.5038095238095197,1.60285714285714
1059,Saldo plazo 3 a 5 anos,2024-03,6.378777921445037,6.25,0.7557894736842101,1.52666666666667
1060,Saldo plazo 3 a 5 anos,2024-04,6.375767729492311,6.0,1.38204545454545,1.53772727272727
1061,Saldo plazo 3 a 5 anos,2024-05,6.375429542005612,5.75,1.34540909090909,1.55826086956522
1062,Saldo plazo 3 a 5 anos,2024-06,6.374396922571508,5.75,1.3384210526315805,1.609
1063,Saldo plazo 3 a 5 anos,2024-07,6.370783059437669,5.75,1.2225,1.58695652173913
1064,Saldo plazo 3 a 5 anos,2024-08,6.360772328433192,5.5,1.0835,1.695
1065,Saldo plazo 3 a 5 anos,2024-09,6.355539990921334,5.25,1.11185714285714,1.6257894736842102
1066,Saldo plazo 3 a 5 anos,2024-10,6.5283801128423296,5.25,1.27246818181818,1.5368000000000002
1067,Saldo plazo 3 a 5 anos,2024-11,6.527904462246469,5.0,1.6689999999999996,1.55263157894737
1068,Saldo plazo 3 a 5 anos,2024-12,6.529977211539928,5.0,1.62515789473684,1.5438095238095202
1069,Saldo plazo 3 a 5 anos,2025-01,6.528835208129273,4.75,1.9400000000000004,1.56761904761905
1070,Saldo plazo 3 a 5 anos,2025-02,6.518696743982831,4.75,1.7225,1.5825
1071,Saldo plazo 3 a 5 anos,2025-03,6.513679082809636,4.75,1.7352380952381,1.6335483870967702
1072,Saldo plazo 3 a 5 anos,2025-04,6.513679082809636,4.75,1.854,1.77571428571429
1073,Saldo plazo 3 a 5 anos,2025-05,6.512904501527503,4.5,1.98666666666667,1.5858064516129
1074,Saldo plazo 3 a 5 anos,2025-06,6.547338844388452,4.5,1.9119047619047604,1.53833333333333
1075,Saldo plazo 3 a 5 anos,2025-07,6.548775502384651,4.5,1.68745,1.4061290322580602
1076,Saldo plazo 3 a 5 anos,2025-08,6.54705126494471,4.5,1.51696,1.33322580645161
1077,Saldo plazo 3 a 5 anos,2025-09,6.436007064832736,4.25,1.87590909090909,1.24107142857143
1078,Saldo plazo 3 a 5 anos,2025-10,6.432883877332756,4.25,1.85583636363637,1.23516129032258
1079,Saldo plazo 3 a 5 anos,2025-11,6.42912685085743,4.25,1.7544500000000005,1.256
1080,Saldo plazo 3 a 5 anos,2025-12,6.159723267444618,4.25,1.57715789473684,1.27
1081,Saldo plazo hasta 3 anos,2011-01,7.849370730616696,3.25,2.5962857142857096,1.4557143
1082,Saldo plazo hasta 3 anos,2011-02,7.785329068602475,3.5,2.51595,1.461
1083,Saldo plazo hasta 3 anos,2011-03,7.754790190515608,3.75,2.60333612040134,1.5678261
1084,Saldo plazo hasta 3 anos,2011-04,7.752642413045116,4.0,2.94410092633545,1.9290476
1085,Saldo plazo hasta 3 anos,2011-05,7.678196182987634,4.25,2.4725020222856697,1.8722727
1086,Saldo plazo hasta 3 anos,2011-06,7.566910968477146,4.25,2.20763825900731,1.9236364
1087,Saldo plazo hasta 3 anos,2011-07,7.537570571907191,4.25,1.98626241920591,1.7085714
1088,Saldo plazo hasta 3 anos,2011-08,7.500830701311389,4.25,1.67853521749067,1.9956522
1089,Saldo plazo hasta 3 anos,2011-09,7.448667910124967,4.25,1.37017803787122,2.3745455
1090,Saldo plazo hasta 3 anos,2011-10,7.416543814291615,4.25,1.4748322210866904,2.3195238
1091,Saldo plazo hasta 3 anos,2011-11,7.429317508564522,4.25,1.4173432296186803,2.1418182
1092,Saldo plazo hasta 3 anos,2011-12,7.457148498820717,4.25,1.4453293398377005,2.1631818000000003
1093,Saldo plazo hasta 3 anos,2012-01,7.43595410294326,4.25,1.4377609398031002,2.1940909
1094,Saldo plazo hasta 3 anos,2012-02,7.392154258693821,4.25,1.3020364322611204,1.992381
1095,Saldo plazo hasta 3 anos,2012-03,7.408813798497938,4.25,1.1574619276424896,1.6559091
1096,Saldo plazo hasta 3 anos,2012-04,7.423179767739207,4.25,1.0670918414560804,1.6414286000000002
1097,Saldo plazo hasta 3 anos,2012-05,7.350986098866201,4.25,0.9111689535072998,1.8052174
1098,Saldo plazo hasta 3 anos,2012-06,7.329712724423903,4.25,0.89383563093637,1.8842857
1099,Saldo plazo hasta 3 anos,2012-07,7.2965743721802525,4.25,0.7735416666666701,1.6259091
1100,Saldo plazo hasta 3 anos,2012-08,7.290708798669964,4.25,0.6041943748259504,1.3313043
1101,Saldo plazo hasta 3 anos,2012-09,7.226503778773332,4.25,0.4265961820586801,1.24
1102,Saldo plazo hasta 3 anos,2012-10,7.186430122869947,4.25,0.3036367424242403,1.0804348
1103,Saldo plazo hasta 3 anos,2012-11,7.142796127945346,4.25,0.2098128345221104,1.2295455
1104,Saldo plazo hasta 3 anos,2012-12,6.969160529362132,4.25,-0.0866843834270296,1.1719048
1105,Saldo plazo hasta 3 anos,2013-01,6.953294227164063,4.25,-0.1824953020464397,1.1004348
1106,Saldo plazo hasta 3 anos,2013-02,7.040306810449477,4.25,-0.0980923588164497,1.2705
1107,Saldo plazo hasta 3 anos,2013-03,7.011545571985371,4.25,-0.1016138581228096,1.4028571
1108,Saldo plazo hasta 3 anos,2013-04,7.051948272747467,4.25,-0.1936594806224603,1.3254545
1109,Saldo plazo hasta 3 anos,2013-05,7.036294695258415,4.25,-0.0481818181818196,1.3373913
1110,Saldo plazo hasta 3 anos,2013-06,6.94853991370052,4.25,1.0694671626005103,1.798
1111,Saldo plazo hasta 3 anos,2013-07,6.94384739657762,4.25,1.0101522889957204,1.7569565
1112,Saldo plazo hasta 3 anos,2013-08,6.941694326870379,4.25,1.2127125966726604,1.9054545
1113,Saldo plazo hasta 3 anos,2013-09,6.9473983140987885,4.25,1.35047619047619,1.8338095
1114,Saldo plazo hasta 3 anos,2013-10,6.877137105323457,4.25,1.06727272727273,1.7286957
1115,Saldo plazo hasta 3 anos,2013-11,6.922505795898442,4.0,1.4669999999999996,1.8342857
1116,Saldo plazo hasta 3 anos,2013-12,6.958566772855795,4.0,1.6055,1.7654545
1117,Saldo plazo hasta 3 anos,2014-01,6.677510995030459,4.0,1.7199999999999998,1.76
1118,Saldo plazo hasta 3 anos,2014-02,6.769667245572664,4.0,2.4255000000000004,1.8225
1119,Saldo plazo hasta 3 anos,2014-03,6.751408098568263,4.0,2.16490476190476,1.672381
1120,Saldo plazo hasta 3 anos,2014-04,6.772234737731631,4.0,1.951,1.5354545
1121,Saldo plazo hasta 3 anos,2014-05,6.975572881862526,4.0,1.6409523809523805,1.4940909
1122,Saldo plazo hasta 3 anos,2014-06,6.968345712606323,4.0,1.3723809523809498,1.4542857
1123,Saldo plazo hasta 3 anos,2014-07,7.033335519350684,3.75,1.4269999999999996,1.4634782999999998
1124,Saldo plazo hasta 3 anos,2014-08,7.045252222647043,3.75,1.44790476190476,1.5728571
1125,Saldo plazo hasta 3 anos,2014-09,7.083150816012032,3.5,1.8354545454545503,1.4968182
1126,Saldo plazo hasta 3 anos,2014-10,7.066020811806296,3.5,1.8599545454545403,1.7026087
1127,Saldo plazo hasta 3 anos,2014-11,7.107816240557996,3.5,1.93935,1.6535
1128,Saldo plazo hasta 3 anos,2014-12,7.162810975892692,3.5,1.8597142857142896,1.8191304
1129,Saldo plazo hasta 3 anos,2015-01,7.301254737520554,3.25,2.0466,2.0122727
1130,Saldo plazo hasta 3 anos,2015-02,7.225533661231225,3.25,2.0355,1.8285
1131,Saldo plazo hasta 3 anos,2015-03,7.187648334143999,3.25,2.27668181818182,1.8445455
1132,Saldo plazo hasta 3 anos,2015-04,7.18147820146402,3.25,2.2880909090909096,1.7695455000000002
1133,Saldo plazo hasta 3 anos,2015-05,7.115647344745467,3.25,2.6519000000000004,1.6590476
1134,Saldo plazo hasta 3 anos,2015-06,7.114454951763118,3.25,2.9216666666666704,1.765
1135,Saldo plazo hasta 3 anos,2015-07,7.192240361503198,3.25,3.2216500000000003,1.8669565
1136,Saldo plazo hasta 3 anos,2015-08,7.189193941850594,3.25,3.4131904761904703,2.1747619
1137,Saldo plazo hasta 3 anos,2015-09,7.241037566454622,3.5,3.73577272727273,2.3427273
1138,Saldo plazo hasta 3 anos,2015-10,7.241098466899183,3.5,3.5107272727272703,2.2590909
1139,Saldo plazo hasta 3 anos,2015-11,7.2437630875352355,3.5,3.1926190476190497,2.1890476000000003
1140,Saldo plazo hasta 3 anos,2015-12,7.25208045398214,3.75,2.95786363636364,2.3665217000000003
1141,Saldo plazo hasta 3 anos,2016-01,7.222805015807561,4.0,3.02015,2.6705
1142,Saldo plazo hasta 3 anos,2016-02,7.219437636616087,4.25,3.09585714285714,2.8238095
1143,Saldo plazo hasta 3 anos,2016-03,7.304999750053915,4.25,2.889,2.2682609
1144,Saldo plazo hasta 3 anos,2016-04,7.552982227871625,4.25,2.29485714285714,2.1004762
1145,Saldo plazo hasta 3 anos,2016-05,7.555404672919703,4.25,2.0158181818181804,2.0795455
1146,Saldo plazo hasta 3 anos,2016-06,7.6265700089222195,4.25,1.83436363636364,2.0990909
1147,Saldo plazo hasta 3 anos,2016-07,7.63458993097089,4.25,1.5065238095238105,1.8419048
1148,Saldo plazo hasta 3 anos,2016-08,7.633356409030456,4.25,1.3861739130434805,1.696087
1149,Saldo plazo hasta 3 anos,2016-09,7.704936761166714,4.25,1.54354545454546,1.6177273
1150,Saldo plazo hasta 3 anos,2016-10,7.791759105282552,4.25,1.5208571428571398,1.4652381
1151,Saldo plazo hasta 3 anos,2016-11,7.8275661718132765,4.25,2.05986363636364,1.6781818000000002
1152,Saldo plazo hasta 3 anos,2016-12,7.798473138550992,4.25,2.19685714285714,1.6472727
1153,Saldo plazo hasta 3 anos,2017-01,7.939727122276122,4.25,2.10095454545454,1.5730000000000002
1154,Saldo plazo hasta 3 anos,2017-02,7.932488597649598,4.25,2.01035,1.52105263157895
1155,Saldo plazo hasta 3 anos,2017-03,7.912322847924573,4.25,1.8473913043478296,1.4108695652173902
1156,Saldo plazo hasta 3 anos,2017-04,7.876101330029193,4.25,1.6205555555555602,1.49444444444444
1157,Saldo plazo hasta 3 anos,2017-05,7.76396534456922,4.0,1.71772727272727,1.41181818181818
1158,Saldo plazo hasta 3 anos,2017-06,7.781530569374903,4.0,1.5790499999999996,1.435
1159,Saldo plazo hasta 3 anos,2017-07,7.744092363216793,3.75,1.9094736842105304,1.419
1160,Saldo plazo hasta 3 anos,2017-08,7.755117468728734,3.75,1.7120434782608704,1.55391304347826
1161,Saldo plazo hasta 3 anos,2017-09,7.760991473935933,3.5,1.84190476190476,1.44
1162,Saldo plazo hasta 3 anos,2017-10,7.742091897053826,3.5,1.76331818181818,1.39619047619048
1163,Saldo plazo hasta 3 anos,2017-11,7.883043897236202,3.25,2.0497619047619,1.38809523809524
1164,Saldo plazo hasta 3 anos,2017-12,7.906972732990027,3.25,1.99947368421053,1.3615000000000002
1165,Saldo plazo hasta 3 anos,2018-01,7.868106279064077,3.0,1.81809523809524,1.16608695652174
1166,Saldo plazo hasta 3 anos,2018-02,7.868479620914544,3.0,1.7945000000000002,1.3219999999999998
1167,Saldo plazo hasta 3 anos,2018-03,7.863616028380314,2.75,2.095,1.47045454545455
1168,Saldo plazo hasta 3 anos,2018-04,7.864275349790915,2.75,2.2742000000000004,1.45238095238095
1169,Saldo plazo hasta 3 anos,2018-05,7.891363670358854,2.75,2.7222727272727303,1.57695652173913
1170,Saldo plazo hasta 3 anos,2018-06,7.995472016116728,2.75,2.9126000000000003,1.63333333333333
1171,Saldo plazo hasta 3 anos,2018-07,8.020775575345246,2.75,2.7347619047619096,1.50954545454545
1172,Saldo plazo hasta 3 anos,2018-08,8.021531314704806,2.75,2.6752380952381003,1.49260869565217
1173,Saldo plazo hasta 3 anos,2018-09,8.047644786540165,2.75,2.7675,1.399
1174,Saldo plazo hasta 3 anos,2018-10,8.059009471532857,2.75,2.98181818181818,1.42695652173913
1175,Saldo plazo hasta 3 anos,2018-11,8.072076613872623,2.75,2.9770000000000003,1.56863636363636
1176,Saldo plazo hasta 3 anos,2018-12,8.052362201508423,2.75,2.9936315789473698,1.64809523809524
1177,Saldo plazo hasta 3 anos,2019-01,8.062691264321842,2.75,2.83772727272727,1.5239130434782602
1178,Saldo plazo hasta 3 anos,2019-02,8.061924034180949,2.75,2.7445000000000004,1.395
1179,Saldo plazo hasta 3 anos,2019-03,8.033062229003432,2.75,2.54923809523809,1.35666666666667
1180,Saldo plazo hasta 3 anos,2019-04,7.884644178989497,2.75,2.4658,1.22363636363636
1181,Saldo plazo hasta 3 anos,2019-05,7.885666328175943,2.75,2.38735454545455,1.35695652173913
1182,Saldo plazo hasta 3 anos,2019-06,7.837662589699221,2.75,2.06719,1.2915
1183,Saldo plazo hasta 3 anos,2019-07,7.917195144554356,2.75,1.6901000000000002,1.16130434782609
1184,Saldo plazo hasta 3 anos,2019-08,7.960732132087586,2.5,1.7289849999999998,1.27090909090909
1185,Saldo plazo hasta 3 anos,2019-09,7.906656957471405,2.5,1.6521238095238102,1.16428571428571
1186,Saldo plazo hasta 3 anos,2019-10,7.885663607745054,2.5,1.57454285714286,1.26913043478261
1187,Saldo plazo hasta 3 anos,2019-11,7.90261353867918,2.25,1.9896900000000004,1.26761904761905
1188,Saldo plazo hasta 3 anos,2019-12,7.893154971604624,2.25,2.1059380952381,1.15909090909091
1189,Saldo plazo hasta 3 anos,2020-01,7.718658917067493,2.25,2.2523090909090904,1.13869565217391
1190,Saldo plazo hasta 3 anos,2020-02,7.756216084315226,2.25,2.008095,1.222
1191,Saldo plazo hasta 3 anos,2020-03,7.7559634848791,1.25,3.8372590909090896,2.48909090909091
1192,Saldo plazo hasta 3 anos,2020-04,7.75357939966254,0.25,4.7755,2.77954545454545
1193,Saldo plazo hasta 3 anos,2020-05,7.752878189450997,0.25,4.1795,2.2235
1194,Saldo plazo hasta 3 anos,2020-06,7.694639707482885,0.25,4.14,1.80136363636364
1195,Saldo plazo hasta 3 anos,2020-07,7.693548413902067,0.25,3.9904545454545497,1.6934782608695702
1196,Saldo plazo hasta 3 anos,2020-08,7.678462622095053,0.25,3.81714285714286,1.45636363636364
1197,Saldo plazo hasta 3 anos,2020-09,7.661742399352405,0.25,3.93681818181818,1.60409090909091
1198,Saldo plazo hasta 3 anos,2020-10,7.661913540791097,0.25,3.95545454545454,1.50181818181818
1199,Saldo plazo hasta 3 anos,2020-11,7.479012312488547,0.25,3.76450476190476,1.47
1200,Saldo plazo hasta 3 anos,2020-12,7.371781717863412,0.25,3.38264285714286,1.43304347826087
1201,Saldo plazo hasta 3 anos,2021-01,7.346206603530029,0.25,3.408,1.31619047619048
1202,Saldo plazo hasta 3 anos,2021-02,7.346391846758106,0.25,3.6615,1.381
1203,Saldo plazo hasta 3 anos,2021-03,7.345018589395945,0.25,4.43608695652174,1.65086956521739
1204,Saldo plazo hasta 3 anos,2021-04,7.345725818948531,0.25,4.84,1.645
1205,Saldo plazo hasta 3 anos,2021-05,7.296237427334653,0.25,4.74,1.63571428571429
1206,Saldo plazo hasta 3 anos,2021-06,7.126749661063383,0.25,5.02323809523809,1.69227272727273
1207,Saldo plazo hasta 3 anos,2021-07,6.966009377796928,0.25,5.4147,1.7
1208,Saldo plazo hasta 3 anos,2021-08,6.965400716099394,0.5,5.85523809523809,1.83
1209,Saldo plazo hasta 3 anos,2021-09,6.802079575486287,1.0,5.34227272727273,1.74
1210,Saldo plazo hasta 3 anos,2021-10,6.751655412954655,1.5,4.4495,1.7161904761904798
1211,Saldo plazo hasta 3 anos,2021-11,6.696271471743427,2.0,3.86571428571429,1.79363636363636
1212,Saldo plazo hasta 3 anos,2021-12,6.697863161675163,2.5,3.42563636363636,1.74304347826087
1213,Saldo plazo hasta 3 anos,2022-01,6.693441841006731,3.0,3.0745714285714296,1.76761904761905
1214,Saldo plazo hasta 3 anos,2022-02,6.614881208029747,3.5,2.571,1.9775
1215,Saldo plazo hasta 3 anos,2022-03,6.607108491619564,4.0,2.59782608695652,2.0073913043478298
1216,Saldo plazo hasta 3 anos,2022-04,6.609169030918404,4.5,2.87315789473684,1.86666666666667
1217,Saldo plazo hasta 3 anos,2022-05,6.507946593450605,5.0,2.9236363636363603,2.1754545454545497
1218,Saldo plazo hasta 3 anos,2022-06,6.509896992614202,5.5,2.358,2.1354545454545497
1219,Saldo plazo hasta 3 anos,2022-07,6.094783441697311,6.0,2.216315789473679,2.35428571428571
1220,Saldo plazo hasta 3 anos,2022-08,5.650681832372283,6.5,1.40872727272727,2.11
1221,Saldo plazo hasta 3 anos,2022-09,5.637307057478953,6.75,1.5559090909090898,2.2527345454545498
1222,Saldo plazo hasta 3 anos,2022-10,4.873534641983034,7.0,1.6457142857142897,2.42587095238095
1223,Saldo plazo hasta 3 anos,2022-11,3.633924575168519,7.25,0.6147619047619104,2.03406909090909
1224,Saldo plazo hasta 3 anos,2022-12,3.623757872304189,7.5,0.3615000000000004,1.955
1225,Saldo plazo hasta 3 anos,2023-01,3.468423357512401,7.75,0.2095238095238096,2.0704545454545498
1226,Saldo plazo hasta 3 anos,2023-02,2.4099436158654437,7.75,0.1293499999999996,1.923
1227,Saldo plazo hasta 3 anos,2023-03,1.793979236387654,7.75,-0.0333043478260899,2.03826086956522
1228,Saldo plazo hasta 3 anos,2023-04,1.7828308488817357,7.75,-0.2611111111111102,2.019
1229,Saldo plazo hasta 3 anos,2023-05,1.7760816668925723,7.75,-0.4749999999999996,1.97391304347826
1230,Saldo plazo hasta 3 anos,2023-06,1.7647308071997247,7.75,-0.67619047619048,1.81090909090909
1231,Saldo plazo hasta 3 anos,2023-07,1.7601541401624945,7.75,-0.9945000000000004,1.68904761904762
1232,Saldo plazo hasta 3 anos,2023-08,1.7783364592844275,7.75,-0.9059090909090904,1.67227272727273
1233,Saldo plazo hasta 3 anos,2023-09,0.0,7.5,-0.5314285714285703,1.69095238095238
1234,Saldo plazo hasta 3 anos,2023-10,0.0,7.25,0.3745454545454496,1.79954545454545
1235,Saldo plazo hasta 3 anos,2023-11,0.0,7.0,0.1719047619047602,1.75181818181818
1236,Saldo plazo hasta 3 anos,2023-12,0.0,6.75,0.1184736842105298,1.62428571428571
1237,Saldo plazo hasta 3 anos,2024-01,0.0,6.5,0.1795238095238103,1.70434782608696
1238,Saldo plazo hasta 3 anos,2024-02,0.0,6.25,0.5038095238095197,1.60285714285714
1239,Saldo plazo hasta 3 anos,2024-03,0.0,6.25,0.7557894736842101,1.52666666666667
1240,Saldo plazo hasta 3 anos,2024-04,0.0,6.0,1.38204545454545,1.53772727272727
1241,Saldo plazo hasta 3 anos,2024-05,0.0,5.75,1.34540909090909,1.55826086956522
1242,Saldo plazo hasta 3 anos,2024-06,0.0,5.75,1.3384210526315805,1.609
1243,Saldo plazo hasta 3 anos,2024-07,0.0,5.75,1.2225,1.58695652173913
1244,Saldo plazo hasta 3 anos,2024-08,0.0,5.5,1.0835,1.695
1245,Saldo plazo hasta 3 anos,2024-09,0.0,5.25,1.11185714285714,1.6257894736842102
1246,Saldo plazo hasta 3 anos,2024-10,0.0,5.25,1.27246818181818,1.5368000000000002
1247,Saldo plazo hasta 3 anos,2024-11,0.0,5.0,1.6689999999999996,1.55263157894737
1248,Saldo plazo hasta 3 anos,2024-12,0.7565913531164801,5.0,1.62515789473684,1.5438095238095202
1249,Saldo plazo hasta 3 anos,2025-01,1.3755872439762025,4.75,1.9400000000000004,1.56761904761905
1250,Saldo plazo hasta 3 anos,2025-02,1.7645938011552855,4.75,1.7225,1.5825
1251,Saldo plazo hasta 3 anos,2025-03,1.762339240718061,4.75,1.7352380952381,1.6335483870967702
1252,Saldo plazo hasta 3 anos,2025-04,1.762339240718061,4.75,1.854,1.77571428571429
1253,Saldo plazo hasta 3 anos,2025-05,1.7532698221141976,4.5,1.98666666666667,1.5858064516129
1254,Saldo plazo hasta 3 anos,2025-06,1.7325577928776923,4.5,1.9119047619047604,1.53833333333333
1255,Saldo plazo hasta 3 anos,2025-07,1.744117395750214,4.5,1.68745,1.4061290322580602
1256,Saldo plazo hasta 3 anos,2025-08,1.7302297504348996,4.5,1.51696,1.33322580645161
1257,Saldo plazo hasta 3 anos,2025-09,1.7161465190089034,4.25,1.87590909090909,1.24107142857143
1258,Saldo plazo hasta 3 anos,2025-10,1.692224544409456,4.25,1.85583636363637,1.23516129032258
1259,Saldo plazo hasta 3 anos,2025-11,1.689800568918557,4.25,1.7544500000000005,1.256
1260,Saldo plazo hasta 3 anos,2025-12,3.815917309284588,4.25,1.57715789473684,1.27
