id,fecha,anio,Y_rend_soberano_10a,X1_tasa_referencia,X2_treasury_10a,X3_embig_peru,X3_riesgo_pais,X4_interbancaria,spread_soberano,outlier_Y
1,2011-01-03,2011,5.879,3.0,3.334,161,1.61,3.0,2.5449999999999995,False
2,2011-01-04,2011,5.836,3.0,3.331,141,1.41,3.0,2.5050000000000003,False
3,2011-01-05,2011,5.855,3.0,3.467,135,1.35,3.0,2.3880000000000003,False
4,2011-01-06,2011,5.855,3.0,3.395,142,1.42,3.0,2.4600000000000004,False
5,2011-01-07,2011,5.811,3.25,3.326,147,1.47,3.25,2.485,False
6,2011-01-10,2011,5.811,3.25,3.285,151,1.51,3.25,2.526,False
7,2011-01-11,2011,5.824,3.25,3.341,144,1.44,3.25,2.4829999999999997,False
8,2011-01-12,2011,5.83,3.25,3.367,141,1.41,3.25,2.463,False
9,2011-01-13,2011,5.824,3.25,3.299,143,1.43,3.25,2.525,False
10,2011-01-14,2011,5.824,3.25,3.325,143,1.43,3.25,2.4989999999999997,False
11,2011-01-18,2011,5.828,3.25,3.368,140,1.4,3.25,2.4600000000000004,False
12,2011-01-19,2011,5.827,3.25,3.341,148,1.48,3.25,2.4859999999999998,False
13,2011-01-20,2011,5.844,3.25,3.451,142,1.42,3.25,2.3930000000000002,False
14,2011-01-21,2011,5.864,3.25,3.406,144,1.44,3.25,2.4579999999999997,False
15,2011-01-24,2011,5.872,3.25,3.406,143,1.43,3.25,2.4659999999999997,False
16,2011-01-25,2011,5.881,3.25,3.33,152,1.52,3.25,2.551,False
17,2011-01-26,2011,5.872,3.25,3.417,140,1.4,3.25,2.455,False
18,2011-01-27,2011,5.87,3.25,3.389,148,1.48,3.25,2.4810000000000003,False
19,2011-01-28,2011,5.869,3.25,3.323,157,1.57,3.24,2.546,False
20,2011-01-31,2011,5.869,3.25,3.372,152,1.52,3.25,2.497,False
21,2011-02-03,2011,5.938,3.25,3.551,134,1.34,3.24,2.3869999999999996,False
22,2011-02-04,2011,5.943,3.25,3.638,129,1.29,3.25,2.3049999999999997,False
23,2011-02-07,2011,5.999,3.25,3.632,135,1.35,3.25,2.3669999999999995,False
24,2011-02-08,2011,5.998,3.25,3.739,127,1.27,3.25,2.2590000000000003,False
25,2011-02-09,2011,5.975,3.25,3.648,139,1.39,3.25,2.3269999999999995,False
26,2011-02-10,2011,5.978,3.25,3.698,136,1.36,3.25,2.28,False
27,2011-02-11,2011,5.979,3.5,3.631,142,1.42,3.47,2.3480000000000003,False
28,2011-02-14,2011,5.992,3.5,3.621,150,1.5,3.5,2.371,False
29,2011-02-15,2011,6.076,3.5,3.606,157,1.57,3.5,2.4699999999999998,False
30,2011-02-16,2011,6.042,3.5,3.621,150,1.5,3.5,2.421,False
31,2011-02-17,2011,6.018,3.5,3.574,149,1.49,3.5,2.444,False
32,2011-02-18,2011,5.999,3.5,3.582,147,1.47,3.5,2.417,False
33,2011-02-21,2011,6.006,3.5,3.589,147,1.47,3.5,2.4170000000000003,False
34,2011-02-22,2011,6.039,3.5,3.455,157,1.57,3.5,2.5839999999999996,False
35,2011-02-23,2011,6.052,3.5,3.487,158,1.58,3.5,2.5649999999999995,False
36,2011-02-24,2011,6.155,3.5,3.45,162,1.62,3.5,2.705,False
37,2011-02-25,2011,6.166,3.5,3.414,162,1.62,3.5,2.7520000000000002,False
38,2011-02-28,2011,6.149,3.5,3.429,156,1.56,3.5,2.72,False
39,2011-03-01,2011,6.196,3.5,3.394,151,1.51,3.5,2.8019999999999996,False
40,2011-03-02,2011,6.262,3.5,3.472,143,1.43,3.49,2.7899999999999996,False
41,2011-03-03,2011,6.255,3.5,3.557,132,1.32,3.5,2.698,False
42,2011-03-04,2011,6.259,3.5,3.492,141,1.41,3.5,2.7670000000000003,False
43,2011-03-07,2011,6.304,3.5,3.514,138,1.38,3.5,2.7900000000000005,False
44,2011-03-08,2011,6.224,3.5,3.55,133,1.33,3.5,2.6740000000000004,False
45,2011-03-09,2011,6.236,3.5,3.469,138,1.38,3.49,2.767,False
46,2011-03-10,2011,6.238,3.5,3.36,150,1.5,3.49,2.8780000000000006,False
47,2011-03-11,2011,6.214,3.75,3.404,148,1.48,3.74,2.8100000000000005,False
48,2011-03-14,2011,6.193,3.75,3.358,152,1.52,3.74,2.8349999999999995,False
49,2011-03-15,2011,6.2,3.75,3.305,157,1.57,3.74,2.895,False
50,2011-03-16,2011,6.237,3.75,3.172,167,1.67,3.74,3.065,False
51,2011-03-17,2011,6.246,3.75,3.257,163,1.63,3.74,2.9890000000000003,False
52,2011-03-18,2011,6.252,3.75,3.27,163,1.63,3.75,2.9819999999999998,False
53,2011-03-21,2011,6.309,3.75,3.33,166,1.66,3.75,2.979,False
54,2011-03-22,2011,6.426,3.75,3.328,172,1.72,3.75,3.0980000000000003,False
55,2011-03-23,2011,6.417,3.75,3.352,171,1.71,3.75,3.065,False
56,2011-03-24,2011,6.471,3.75,3.406,169,1.69,3.75,3.065,False
57,2011-03-25,2011,6.514,3.75,3.441,165,1.65,3.75,3.0730000000000004,False
58,2011-03-28,2011,6.555,3.75,3.433,168,1.68,3.75,3.122,False
59,2011-03-29,2011,6.64,3.75,3.489,174,1.74,3.75,3.151,False
60,2011-03-30,2011,6.7445,3.75,3.437,172,1.72,3.74,3.3075000000000006,False
61,2011-03-31,2011,6.73423076923077,3.75,3.472,173,1.73,3.75,3.26223076923077,False
62,2011-04-01,2011,6.72357142857143,3.75,3.444,173,1.73,3.75,3.2795714285714297,False
63,2011-04-04,2011,6.76666666666667,3.75,3.42,179,1.79,3.75,3.3466666666666702,False
64,2011-04-05,2011,6.73333333333333,3.75,3.481,176,1.76,3.75,3.25233333333333,False
65,2011-04-06,2011,6.69333333333333,3.75,3.547,164,1.64,3.81,3.1463333333333297,False
66,2011-04-07,2011,6.62958333333334,3.75,3.547,157,1.57,3.99,3.0825833333333397,False
67,2011-04-08,2011,6.59058823529412,4.0,3.579,160,1.6,4.0,3.0115882352941195,False
68,2011-04-11,2011,6.60833333333333,4.0,3.587,162,1.62,4.0,3.0213333333333297,False
69,2011-04-12,2011,6.695,4.0,3.492,170,1.7,4.0,3.2030000000000003,False
70,2011-04-13,2011,6.78625,4.0,3.46,184,1.84,4.0,3.32625,False
71,2011-04-14,2011,7.01888888888889,4.0,3.5,193,1.93,3.99,3.51888888888889,False
72,2011-04-15,2011,7.10666666666667,4.0,3.41,202,2.02,4.0,3.69666666666667,False
73,2011-04-18,2011,7.16333333333333,4.0,3.376,203,2.03,4.0,3.7873333333333306,False
74,2011-04-19,2011,7.18875,4.0,3.365,206,2.06,4.0,3.8237499999999995,False
75,2011-04-25,2011,7.2075,4.0,3.365,210,2.1,4.0,3.8424999999999994,False
76,2011-04-26,2011,7.2475,4.0,3.309,227,2.27,3.99,3.9384999999999994,False
77,2011-04-27,2011,7.349,4.0,3.357,231,2.31,3.93,3.992,False
78,2011-04-28,2011,7.19533333333333,4.0,3.312,226,2.26,3.94,3.8833333333333298,False
79,2011-04-29,2011,7.03428571428571,4.0,3.288,217,2.17,4.0,3.7462857142857104,False
80,2011-05-03,2011,6.95185185185185,4.0,3.249,216,2.16,4.0,3.70285185185185,False
81,2011-05-04,2011,6.79179130434783,4.0,3.218,199,1.99,4.0,3.5737913043478304,False
82,2011-05-05,2011,6.80032857142857,4.0,3.152,200,2.0,4.0,3.6483285714285696,False
83,2011-05-06,2011,6.73,4.0,3.148,189,1.89,4.0,3.5820000000000003,False
84,2011-05-09,2011,6.614,4.0,3.162,188,1.88,4.0,3.452,False
85,2011-05-10,2011,6.745,4.0,3.214,188,1.88,4.0,3.531,False
86,2011-05-11,2011,6.82909090909091,4.0,3.16,194,1.94,4.07,3.66909090909091,False
87,2011-05-12,2011,6.74754285714286,4.0,3.223,183,1.83,4.0,3.52454285714286,False
88,2011-05-13,2011,6.6879641025641,4.25,3.171,178,1.78,4.43,3.5169641025641005,False
89,2011-05-16,2011,6.72,4.25,3.148,181,1.81,4.46,3.5719999999999996,False
90,2011-05-17,2011,6.715,4.25,3.117,183,1.83,4.25,3.598,False
91,2011-05-18,2011,6.67666666666667,4.25,3.181,181,1.81,4.25,3.4956666666666703,False
92,2011-05-19,2011,6.719,4.25,3.172,179,1.79,4.24,3.547,False
93,2011-05-20,2011,6.7,4.25,3.146,182,1.82,4.25,3.5540000000000003,False
94,2011-05-23,2011,6.69363636363636,4.25,3.13,175,1.75,4.25,3.56363636363636,False
95,2011-05-24,2011,6.7,4.25,3.115,176,1.76,4.25,3.585,False
96,2011-05-25,2011,6.68571428571429,4.25,3.131,174,1.74,4.25,3.5547142857142906,False
97,2011-05-26,2011,6.65222222222222,4.25,3.058,182,1.82,4.25,3.5942222222222204,False
98,2011-05-27,2011,6.6394,4.25,3.074,182,1.82,4.25,3.5654000000000003,False
99,2011-05-30,2011,6.7,4.25,3.074,182,1.82,4.25,3.6260000000000003,False
100,2011-05-31,2011,6.67333333333333,4.25,3.062,189,1.89,4.25,3.6113333333333304,False
101,2011-06-01,2011,6.7,4.25,2.942,201,2.01,4.25,3.758,False
102,2011-06-02,2011,6.588,4.25,3.031,189,1.89,4.37,3.557,False
103,2011-06-03,2011,6.54125,4.25,2.987,192,1.92,4.34,3.5542499999999997,False
104,2011-06-06,2011,6.80851851851852,4.25,2.996,214,2.14,4.29,3.81251851851852,False
105,2011-06-07,2011,6.67666666666667,4.25,2.996,195,1.95,4.26,3.6806666666666703,False
106,2011-06-08,2011,6.536,4.25,2.94,199,1.99,4.32,3.5959999999999996,False
107,2011-06-09,2011,6.51,4.25,2.998,189,1.89,4.3,3.5119999999999996,False
108,2011-06-10,2011,6.42,4.25,2.97,191,1.91,4.29,3.4499999999999997,False
109,2011-06-16,2011,6.46,4.25,2.928,198,1.98,4.32,3.532,False
110,2011-06-17,2011,6.385,4.25,2.945,197,1.97,4.26,3.44,False
111,2011-06-20,2011,6.38,4.25,2.959,196,1.96,4.22,3.421,False
112,2011-06-21,2011,6.32444444444445,4.25,2.984,193,1.93,4.16,3.34044444444445,False
113,2011-06-22,2011,6.3,4.25,2.983,192,1.92,4.2,3.3169999999999997,False
114,2011-06-23,2011,6.33,4.25,2.913,197,1.97,4.26,3.4170000000000003,False
115,2011-06-24,2011,6.379,4.25,2.864,200,2.0,4.25,3.5149999999999997,False
116,2011-06-27,2011,6.3,4.25,2.931,191,1.91,4.25,3.3689999999999998,False
117,2011-06-28,2011,6.369,4.25,3.032,184,1.84,4.25,3.3369999999999997,False
118,2011-06-30,2011,6.30166666666667,4.25,3.161,169,1.69,4.36,3.1406666666666703,False
119,2011-07-01,2011,6.25666666666667,4.25,3.183,168,1.68,4.36,3.0736666666666705,False
120,2011-07-04,2011,6.309,4.25,3.183,168,1.68,4.3,3.1260000000000003,False
121,2011-07-05,2011,6.22,4.25,3.122,168,1.68,4.25,3.098,False
122,2011-07-06,2011,6.2,4.25,3.109,173,1.73,4.25,3.091,False
123,2011-07-07,2011,6.23166666666667,4.25,3.139,168,1.68,4.25,3.0926666666666702,False
124,2011-07-08,2011,6.289,4.25,3.028,180,1.8,4.25,3.2609999999999997,False
125,2011-07-11,2011,6.27,4.25,2.92,186,1.86,4.25,3.3499999999999996,False
126,2011-07-12,2011,6.27416666666667,4.25,2.878,189,1.89,4.25,3.3961666666666694,False
127,2011-07-13,2011,6.25,4.25,2.883,189,1.89,4.25,3.367,False
128,2011-07-14,2011,6.25,4.25,2.954,182,1.82,4.25,3.296,False
129,2011-07-15,2011,6.25,4.25,2.907,185,1.85,4.25,3.343,False
130,2011-07-18,2011,6.24105263157895,4.25,2.929,176,1.76,4.25,3.31205263157895,False
131,2011-07-19,2011,6.23666666666667,4.25,2.881,177,1.77,4.25,3.35566666666667,False
132,2011-07-20,2011,6.2165,4.25,2.928,169,1.69,4.25,3.2885,False
133,2011-07-21,2011,6.2,4.25,3.015,160,1.6,4.25,3.185,False
134,2011-07-22,2011,6.2101,4.25,2.963,163,1.63,4.25,3.2470999999999997,False
135,2011-07-25,2011,6.20333333333333,4.25,3.002,160,1.6,4.25,3.20133333333333,False
136,2011-07-26,2011,6.19,4.25,2.954,160,1.6,4.25,3.236,False
137,2011-07-27,2011,6.19083333333333,4.25,2.981,154,1.54,4.25,3.2098333333333304,False
138,2011-08-01,2011,6.139059375,4.25,2.745,151,1.51,4.25,3.3940593750000003,False
139,2011-08-02,2011,6.085,4.25,2.612,159,1.59,4.26,3.473,False
140,2011-08-03,2011,6.09428571428572,4.25,2.621,162,1.62,4.26,3.4732857142857196,False
141,2011-08-04,2011,6.11290322580645,4.25,2.404,183,1.83,4.25,3.7089032258064503,False
142,2011-08-05,2011,6.124,4.25,2.56,181,1.81,4.25,3.5639999999999996,False
143,2011-08-08,2011,6.12232222222222,4.25,2.319,216,2.16,4.25,3.80332222222222,False
144,2011-08-09,2011,6.124,4.25,2.25,225,2.25,4.25,3.8739999999999997,False
145,2011-08-11,2011,6.015,4.25,2.34,214,2.14,4.25,3.675,False
146,2011-08-12,2011,5.9903705882353,4.25,2.256,216,2.16,4.25,3.7343705882353,False
147,2011-08-15,2011,5.97818181818182,4.25,2.306,204,2.04,4.25,3.67218181818182,False
148,2011-08-16,2011,5.98,4.25,2.22,209,2.09,4.24,3.7600000000000002,False
149,2011-08-17,2011,5.94923076923077,4.25,2.166,208,2.08,4.21,3.78323076923077,False
150,2011-08-18,2011,5.9021052631579,4.25,2.063,216,2.16,4.19,3.8391052631578995,False
151,2011-08-19,2011,5.868,4.25,2.064,218,2.18,4.19,3.8040000000000003,False
152,2011-08-22,2011,5.801,4.25,2.107,213,2.13,4.24,3.694,False
153,2011-08-23,2011,5.71958333333333,4.25,2.154,210,2.1,4.2,3.56558333333333,False
154,2011-08-24,2011,5.64571428571429,4.25,2.3,194,1.94,4.2,3.3457142857142905,False
155,2011-08-25,2011,5.60789473684211,4.25,2.23,200,2.0,4.2,3.37789473684211,False
156,2011-08-26,2011,5.642,4.25,2.191,204,2.04,4.2,3.4510000000000005,False
157,2011-08-31,2011,5.53058823529412,4.25,2.224,186,1.86,4.19,3.30658823529412,False
158,2011-09-01,2011,5.53727272727273,4.25,2.131,194,1.94,4.25,3.40627272727273,False
159,2011-09-02,2011,5.506,4.25,1.989,207,2.07,4.25,3.5170000000000003,False
160,2011-09-05,2011,5.44761904761905,4.25,1.989,207,2.07,4.16,3.4586190476190497,False
161,2011-09-06,2011,5.41166666666667,4.25,1.985,213,2.13,4.19,3.4266666666666694,False
162,2011-09-07,2011,5.4025,4.25,2.044,206,2.06,4.18,3.3585,False
163,2011-09-08,2011,5.41,4.25,1.98,209,2.09,4.2,3.43,False
164,2011-09-09,2011,5.38205128205128,4.25,1.92,222,2.22,4.2,3.46205128205128,False
165,2011-09-12,2011,5.4225,4.25,1.948,227,2.27,4.2,3.4745000000000004,False
166,2011-09-13,2011,5.455,4.25,1.992,221,2.21,4.19,3.463,False
167,2011-09-14,2011,5.4955,4.25,1.985,224,2.24,4.25,3.5104999999999995,False
168,2011-09-15,2011,5.55441176470588,4.25,2.083,219,2.19,4.25,3.4714117647058798,False
169,2011-09-16,2011,5.63875,4.25,2.049,221,2.21,4.34,3.58975,False
170,2011-09-19,2011,5.68058823529412,4.25,1.951,239,2.39,4.32,3.7295882352941203,False
171,2011-09-20,2011,5.67545454545455,4.25,1.939,236,2.36,4.29,3.73645454545455,False
172,2011-09-21,2011,5.73,4.25,1.858,247,2.47,4.27,3.8720000000000003,False
173,2011-09-22,2011,5.925,4.25,1.719,283,2.83,4.3,4.2059999999999995,False
174,2011-09-23,2011,5.82576923076923,4.25,1.834,277,2.77,4.3,3.9917692307692296,False
175,2011-09-26,2011,5.8,4.25,1.901,280,2.8,4.3,3.899,False
176,2011-09-27,2011,5.754375,4.25,1.972,269,2.69,4.3,3.7823749999999996,False
177,2011-09-28,2011,5.868,4.25,1.981,270,2.7,4.29,3.8870000000000005,False
178,2011-09-29,2011,5.863125,4.25,1.997,274,2.74,4.28,3.8661250000000003,False
179,2011-09-30,2011,5.85833333333333,4.25,1.916,279,2.79,4.3,3.94233333333333,False
180,2011-10-03,2011,5.929,4.25,1.757,295,2.95,4.3,4.172000000000001,False
181,2011-10-04,2011,5.87833333333333,4.25,1.822,295,2.95,4.25,4.05633333333333,False
182,2011-10-05,2011,5.86416666666667,4.25,1.889,292,2.92,4.25,3.97516666666667,False
183,2011-10-06,2011,5.77594736842105,4.25,1.988,271,2.71,4.27,3.7879473684210496,False
184,2011-10-07,2011,5.74944444444444,4.25,2.078,261,2.61,4.3,3.67144444444444,False
185,2011-10-10,2011,5.73333333333333,4.25,2.078,261,2.61,4.3,3.65533333333333,False
186,2011-10-11,2011,5.72814814814815,4.25,2.151,235,2.35,4.3,3.57714814814815,False
187,2011-10-12,2011,5.71302325581395,4.25,2.211,217,2.17,4.29,3.5020232558139504,False
188,2011-10-13,2011,5.64866666666666,4.25,2.184,224,2.24,4.25,3.46466666666666,False
189,2011-10-14,2011,5.628,4.25,2.249,212,2.12,4.25,3.379,False
190,2011-10-17,2011,5.7,4.25,2.156,219,2.19,4.26,3.544,False
191,2011-10-18,2011,5.72333333333333,4.25,2.178,218,2.18,4.3,3.54533333333333,False
192,2011-10-19,2011,5.68863636363636,4.25,2.161,218,2.18,4.3,3.52763636363636,False
193,2011-10-20,2011,5.7,4.25,2.19,219,2.19,4.27,3.5100000000000002,False
194,2011-10-21,2011,5.68,4.25,2.22,215,2.15,4.23,3.4599999999999995,False
195,2011-10-24,2011,5.70483928571428,4.25,2.234,212,2.12,4.21,3.4708392857142796,False
196,2011-10-25,2011,5.7053,4.25,2.11,219,2.19,4.26,3.5953000000000004,False
197,2011-10-26,2011,5.73666666666667,4.25,2.205,208,2.08,4.26,3.53166666666667,False
198,2011-10-27,2011,5.61091666666667,4.25,2.398,183,1.83,4.27,3.2129166666666698,False
199,2011-10-28,2011,5.59888888888889,4.25,2.318,192,1.92,4.27,3.28088888888889,False
200,2011-11-02,2011,5.62058823529412,4.25,1.986,209,2.09,4.25,3.63458823529412,False
201,2011-11-03,2011,5.65647058823529,4.25,2.074,192,1.92,4.27,3.5824705882352905,False
202,2011-11-04,2011,5.66428571428572,4.25,2.034,192,1.92,4.28,3.63028571428572,False
203,2011-11-07,2011,5.66692307692308,4.25,2.038,199,1.99,4.28,3.6289230769230802,False
204,2011-11-08,2011,5.65,4.25,2.078,190,1.9,4.3,3.5720000000000005,False
205,2011-11-09,2011,5.6825,4.25,1.962,208,2.08,4.28,3.7205000000000004,False
206,2011-11-10,2011,5.66,4.25,2.058,198,1.98,4.25,3.6020000000000003,False
207,2011-11-11,2011,5.61511627906977,4.25,2.058,198,1.98,4.24,3.5571162790697706,False
208,2011-11-14,2011,5.60125,4.25,2.057,201,2.01,4.19,3.5442500000000003,False
209,2011-11-15,2011,5.63,4.25,2.046,199,1.99,4.25,3.584,False
210,2011-11-16,2011,5.62875,4.25,2.001,203,2.03,4.25,3.6277500000000003,False
211,2011-11-17,2011,5.61589655172414,4.25,1.961,210,2.1,4.25,3.65489655172414,False
212,2011-11-18,2011,5.61355932203391,4.25,2.011,217,2.17,4.25,3.60255932203391,False
213,2011-11-21,2011,5.68384615384615,4.25,1.956,228,2.28,4.25,3.72784615384615,False
214,2011-11-22,2011,5.69952380952381,4.25,1.918,231,2.31,4.25,3.7815238095238097,False
215,2011-11-23,2011,5.73153846153846,4.25,1.885,242,2.42,4.25,3.8465384615384606,False
216,2011-11-24,2011,5.748,4.25,1.885,242,2.42,4.25,3.8630000000000004,False
217,2011-11-25,2011,5.73860465116279,4.25,1.965,242,2.42,4.25,3.77360465116279,False
218,2011-11-28,2011,5.72254545454546,4.25,1.975,236,2.36,4.23,3.74754545454546,False
219,2011-11-29,2011,5.716,4.25,1.992,238,2.38,4.24,3.724,False
220,2011-11-30,2011,5.66880952380952,4.25,2.069,227,2.27,4.25,3.59980952380952,False
221,2011-12-01,2011,5.62044444444444,4.25,2.088,217,2.17,4.25,3.5324444444444403,False
222,2011-12-02,2011,5.62,4.25,2.034,220,2.2,4.25,3.5860000000000003,False
223,2011-12-05,2011,5.64605263157894,4.25,2.044,219,2.19,4.26,3.6020526315789403,False
224,2011-12-06,2011,5.65875,4.25,2.09,211,2.11,4.25,3.5687500000000005,False
225,2011-12-07,2011,5.64988888888889,4.25,2.03,218,2.18,4.25,3.6198888888888905,False
226,2011-12-09,2011,5.63520547945205,4.25,2.062,210,2.1,4.25,3.57320547945205,False
227,2011-12-12,2011,5.7203947368421,4.25,2.014,215,2.15,4.24,3.7063947368421,False
228,2011-12-13,2011,5.72615384615385,4.25,1.966,215,2.15,4.19,3.76015384615385,False
229,2011-12-14,2011,5.74290322580646,4.25,1.904,223,2.23,4.18,3.83890322580646,False
230,2011-12-15,2011,5.73377391304348,4.25,1.909,221,2.21,4.19,3.8247739130434804,False
231,2011-12-16,2011,5.69319076923077,4.25,1.848,228,2.28,4.23,3.8451907692307703,False
232,2011-12-19,2011,5.69882352941176,4.25,1.81,232,2.32,4.25,3.8888235294117597,False
233,2011-12-20,2011,5.69777777777778,4.25,1.924,218,2.18,4.25,3.7737777777777803,False
234,2011-12-21,2011,5.7028125,4.25,1.968,212,2.12,4.25,3.7348125000000003,False
235,2011-12-22,2011,5.72,4.25,1.948,214,2.14,4.26,3.772,False
236,2011-12-26,2011,5.769,4.25,2.025,205,2.05,4.25,3.744,False
237,2011-12-27,2011,5.72071428571429,4.25,2.006,207,2.07,4.25,3.71471428571429,False
238,2011-12-28,2011,5.72,4.25,1.918,215,2.15,4.25,3.8019999999999996,False
239,2011-12-29,2011,5.73537142857143,4.25,1.9,217,2.17,4.25,3.8353714285714298,False
240,2012-01-02,2012,5.71153846153846,4.25,1.877,216,2.16,4.25,3.83453846153846,False
241,2012-01-03,2012,5.67436363636364,4.25,1.948,206,2.06,4.25,3.7263636363636397,False
242,2012-01-04,2012,5.69,4.25,1.978,205,2.05,4.25,3.7120000000000006,False
243,2012-01-05,2012,5.65665151515152,4.25,1.996,207,2.07,4.25,3.6606515151515198,False
244,2012-01-06,2012,5.65139534883721,4.25,1.959,211,2.11,4.25,3.6923953488372097,False
245,2012-01-09,2012,5.66208333333334,4.25,1.959,210,2.1,4.25,3.7030833333333395,False
246,2012-01-10,2012,5.65064516129032,4.25,1.969,211,2.11,4.25,3.6816451612903194,False
247,2012-01-11,2012,5.68313953488372,4.25,1.905,228,2.28,4.23,3.77813953488372,False
248,2012-01-12,2012,5.69881355932203,4.25,1.924,227,2.27,4.21,3.77481355932203,False
249,2012-01-13,2012,5.73042553191489,4.25,1.864,233,2.33,4.2,3.8664255319148904,False
250,2012-01-16,2012,5.72388888888889,4.25,1.864,233,2.33,4.19,3.8598888888888903,False
251,2012-01-17,2012,5.72404333333333,4.25,1.857,235,2.35,4.15,3.8670433333333296,False
252,2012-01-18,2012,5.72045454545454,4.25,1.899,230,2.3,4.21,3.8214545454545403,False
253,2012-01-19,2012,5.70010909090909,4.25,1.978,220,2.2,4.21,3.7221090909090906,False
254,2012-01-20,2012,5.69166666666667,4.25,2.025,214,2.14,4.21,3.66666666666667,False
255,2012-01-23,2012,5.68547083333333,4.25,2.052,212,2.12,4.21,3.63347083333333,False
256,2012-01-24,2012,5.68,4.25,2.061,221,2.21,4.22,3.6189999999999998,False
257,2012-01-25,2012,5.73790697674419,4.25,1.995,220,2.2,4.25,3.74290697674419,False
258,2012-01-26,2012,5.68631904761905,4.25,1.932,223,2.23,4.22,3.75431904761905,False
259,2012-01-27,2012,5.65588235294118,4.25,1.892,221,2.21,4.23,3.7638823529411805,False
260,2012-01-30,2012,5.66714285714286,4.25,1.845,223,2.23,4.23,3.82214285714286,False
261,2012-01-31,2012,5.6488,4.25,1.798,221,2.21,4.25,3.8507999999999996,False
262,2012-02-01,2012,5.62,4.25,1.827,214,2.14,4.22,3.793,False
263,2012-02-02,2012,5.6,4.25,1.822,215,2.15,4.22,3.7779999999999996,False
264,2012-02-03,2012,5.58245714285714,4.25,1.923,203,2.03,4.22,3.65945714285714,False
265,2012-02-06,2012,5.61520000000001,4.25,1.907,207,2.07,4.22,3.7082000000000104,False
266,2012-02-07,2012,5.65031645569619,4.25,1.974,199,1.99,4.22,3.67631645569619,False
267,2012-02-08,2012,5.62235294117647,4.25,1.983,200,2.0,4.21,3.6393529411764702,False
268,2012-02-09,2012,5.598,4.25,2.037,195,1.95,4.22,3.561,False
269,2012-02-10,2012,5.57053124999999,4.25,1.987,204,2.04,4.19,3.5835312499999903,False
270,2012-02-13,2012,5.54166666666667,4.25,1.975,196,1.96,4.2,3.5666666666666695,False
271,2012-02-14,2012,5.58003846153846,4.25,1.937,201,2.01,4.2,3.6430384615384597,False
272,2012-02-15,2012,5.56666666666667,4.25,1.928,201,2.01,4.21,3.63866666666667,False
273,2012-02-16,2012,5.56623376623376,4.25,1.984,195,1.95,4.22,3.5822337662337604,False
274,2012-02-17,2012,5.54347826086957,4.25,2.003,192,1.92,4.25,3.5404782608695697,False
275,2012-02-20,2012,5.52872340425532,4.25,2.003,192,1.92,4.25,3.52572340425532,False
276,2012-02-21,2012,5.53296296296296,4.25,2.06,188,1.88,4.25,3.4729629629629604,False
277,2012-02-22,2012,5.50999999999999,4.25,2.004,191,1.91,4.25,3.50599999999999,False
278,2012-02-23,2012,5.51,4.25,1.997,195,1.95,4.25,3.513,False
279,2012-02-24,2012,5.47584186046512,4.25,1.977,198,1.98,4.25,3.4988418604651192,False
280,2012-02-27,2012,5.4692,4.25,1.926,203,2.03,4.25,3.5431999999999997,False
281,2012-02-28,2012,5.471,4.25,1.944,200,2.0,4.25,3.527,False
282,2012-02-29,2012,5.43809523809524,4.25,1.972,195,1.95,4.25,3.46609523809524,False
283,2012-03-01,2012,5.44947368421053,4.25,2.027,187,1.87,4.25,3.42247368421053,False
284,2012-03-02,2012,5.4441935483871,4.25,1.975,187,1.87,4.25,3.4691935483870995,False
285,2012-03-05,2012,5.43941176470588,4.25,2.011,187,1.87,4.25,3.4284117647058796,False
286,2012-03-06,2012,5.42673913043478,4.25,1.944,193,1.93,4.25,3.48273913043478,False
287,2012-03-07,2012,5.44929156626505,4.25,1.976,186,1.86,4.25,3.4732915662650496,False
288,2012-03-08,2012,5.45518518518519,4.25,2.013,180,1.8,4.25,3.44218518518519,False
289,2012-03-09,2012,5.386,4.25,2.029,179,1.79,4.25,3.357,False
290,2012-03-12,2012,5.33363636363636,4.25,2.034,174,1.74,4.25,3.2996363636363606,False
291,2012-03-13,2012,5.32382352941176,4.25,2.127,165,1.65,4.25,3.19682352941176,False
292,2012-03-14,2012,5.37943191489362,4.25,2.27,152,1.52,4.25,3.10943191489362,False
293,2012-03-15,2012,5.39810810810811,4.25,2.28,152,1.52,4.25,3.11810810810811,False
294,2012-03-16,2012,5.38611515151515,4.25,2.295,150,1.5,4.25,3.09111515151515,False
295,2012-03-19,2012,5.364,4.25,2.378,144,1.44,4.25,2.9859999999999998,False
296,2012-03-20,2012,5.3875,4.25,2.36,145,1.45,4.25,3.0275000000000003,False
297,2012-03-21,2012,5.37173913043478,4.25,2.297,151,1.51,4.25,3.07473913043478,False
298,2012-03-22,2012,5.39469387755102,4.25,2.279,154,1.54,4.25,3.1156938775510197,False
299,2012-03-23,2012,5.43450408163266,4.25,2.233,158,1.58,4.25,3.20150408163266,False
300,2012-03-26,2012,5.48333333333334,4.25,2.249,157,1.57,4.25,3.2343333333333395,False
301,2012-03-27,2012,5.43301587301588,4.25,2.184,161,1.61,4.25,3.24901587301588,False
302,2012-03-28,2012,5.39857142857142,4.25,2.201,160,1.6,4.25,3.1975714285714196,False
303,2012-03-29,2012,5.4253947368421,4.25,2.16,164,1.64,4.25,3.2653947368421,False
304,2012-03-30,2012,5.4,4.25,2.211,157,1.57,4.25,3.1890000000000005,False
305,2012-04-02,2012,5.42526315789474,4.25,2.183,159,1.59,4.25,3.2422631578947403,False
306,2012-04-03,2012,5.43214285714286,4.25,2.301,148,1.48,4.25,3.1311428571428594,False
307,2012-04-04,2012,5.4415909090909,4.25,2.224,153,1.53,4.25,3.2175909090909,False
308,2012-04-09,2012,5.42,4.25,2.048,173,1.73,4.22,3.372,False
309,2012-04-10,2012,5.41074074074074,4.25,1.983,179,1.79,4.24,3.4277407407407403,False
310,2012-04-11,2012,5.4016923076923,4.25,2.036,171,1.71,4.24,3.3656923076922998,False
311,2012-04-12,2012,5.41333333333333,4.25,2.052,165,1.65,4.23,3.3613333333333304,False
312,2012-04-13,2012,5.37194444444444,4.25,1.983,168,1.68,4.23,3.3889444444444403,False
313,2012-04-16,2012,5.32063829787234,4.25,1.981,171,1.71,4.24,3.33963829787234,False
314,2012-04-17,2012,5.25153846153846,4.25,1.999,163,1.63,4.25,3.25253846153846,False
315,2012-04-18,2012,5.28333333333333,4.25,1.976,163,1.63,4.24,3.3073333333333297,False
316,2012-04-19,2012,5.27538461538461,4.25,1.967,162,1.62,4.24,3.3083846153846097,False
317,2012-04-20,2012,5.26970588235294,4.25,1.964,161,1.61,4.24,3.30570588235294,False
318,2012-04-23,2012,5.2625,4.25,1.936,167,1.67,4.2,3.3265000000000002,False
319,2012-04-24,2012,5.23395348837209,4.25,1.974,165,1.65,4.21,3.2599534883720898,False
320,2012-04-25,2012,5.19807692307692,4.25,1.985,162,1.62,4.21,3.21307692307692,False
321,2012-04-26,2012,5.15854166666666,4.25,1.939,165,1.65,4.25,3.21954166666666,False
322,2012-04-27,2012,5.13727272727273,4.25,1.936,166,1.66,4.24,3.2012727272727304,False
323,2012-05-02,2012,5.03486486486487,4.25,1.929,159,1.59,4.25,3.10586486486487,False
324,2012-05-03,2012,4.98723404255319,4.25,1.932,154,1.54,4.23,3.0552340425531903,False
325,2012-05-04,2012,4.95615384615385,4.25,1.879,156,1.56,4.23,3.0771538461538497,False
326,2012-05-07,2012,4.97611111111111,4.25,1.872,155,1.55,4.25,3.10411111111111,False
327,2012-05-08,2012,5.044,4.25,1.841,159,1.59,4.25,3.2029999999999994,False
328,2012-05-09,2012,5.09447368421053,4.25,1.824,161,1.61,4.25,3.27047368421053,False
329,2012-05-10,2012,5.09285714285714,4.25,1.868,156,1.56,4.25,3.2248571428571395,False
330,2012-05-11,2012,5.1,4.25,1.838,164,1.64,4.25,3.2619999999999996,False
331,2012-05-14,2012,5.15,4.25,1.765,175,1.75,4.25,3.3850000000000007,False
332,2012-05-15,2012,5.13196428571429,4.25,1.769,180,1.8,4.24,3.3629642857142903,False
333,2012-05-16,2012,5.13666666666667,4.25,1.761,184,1.84,4.23,3.37566666666667,False
334,2012-05-17,2012,5.15333333333333,4.25,1.698,195,1.95,4.24,3.45533333333333,False
335,2012-05-18,2012,5.16912926829268,4.25,1.723,197,1.97,4.25,3.4461292682926805,False
336,2012-05-21,2012,5.19851063829787,4.25,1.742,196,1.96,4.25,3.4565106382978703,False
337,2012-05-22,2012,5.21857142857143,4.25,1.77,190,1.9,4.25,3.4485714285714297,False
338,2012-05-23,2012,5.27566666666667,4.25,1.735,201,2.01,4.24,3.5406666666666693,False
339,2012-05-24,2012,5.33583333333333,4.25,1.778,195,1.95,4.25,3.55783333333333,False
340,2012-05-25,2012,5.34214285714286,4.25,1.739,197,1.97,4.23,3.60314285714286,False
341,2012-05-28,2012,5.302,4.25,1.739,197,1.97,4.24,3.5629999999999997,False
342,2012-05-29,2012,5.23936170212766,4.25,1.746,197,1.97,4.24,3.4933617021276597,False
343,2012-05-30,2012,5.30684210526316,4.25,1.623,208,2.08,4.25,3.6838421052631594,False
344,2012-05-31,2012,5.3,4.25,1.559,216,2.16,4.25,3.7409999999999997,False
345,2012-06-01,2012,5.30403,4.25,1.453,226,2.26,4.25,3.8510299999999997,False
346,2012-06-04,2012,5.25,4.25,1.525,217,2.17,4.25,3.725,False
347,2012-06-05,2012,5.22428571428571,4.25,1.575,208,2.08,4.23,3.6492857142857096,False
348,2012-06-06,2012,5.13717948717948,4.25,1.66,193,1.93,4.21,3.4771794871794794,False
349,2012-06-07,2012,5.07962962962963,4.25,1.64,189,1.89,4.21,3.4396296296296303,False
350,2012-06-08,2012,5.11916666666667,4.25,1.636,190,1.9,4.23,3.48316666666667,False
351,2012-06-11,2012,5.15615384615385,4.25,1.587,195,1.95,4.19,3.56915384615385,False
352,2012-06-12,2012,5.18,4.25,1.665,188,1.88,4.25,3.5149999999999997,False
353,2012-06-13,2012,5.14375,4.25,1.594,189,1.89,4.22,3.5497499999999995,False
354,2012-06-14,2012,5.12571428571429,4.25,1.643,184,1.84,4.23,3.48271428571429,False
355,2012-06-15,2012,5.08280701754387,4.25,1.578,176,1.76,4.24,3.50480701754387,False
356,2012-06-18,2012,5.03142857142857,4.25,1.575,182,1.82,4.25,3.45642857142857,False
357,2012-06-19,2012,5.03229508196722,4.25,1.621,180,1.8,4.24,3.41129508196722,False
358,2012-06-20,2012,5.04061224489796,4.25,1.658,180,1.8,4.24,3.38261224489796,False
359,2012-06-21,2012,5.04397435897436,4.25,1.617,183,1.83,4.21,3.42697435897436,False
360,2012-06-22,2012,5.19427142857143,4.25,1.675,176,1.76,4.2,3.5192714285714306,False
361,2012-06-25,2012,5.19427142857143,4.25,1.603,182,1.82,4.25,3.5912714285714307,False
362,2012-06-26,2012,5.195,4.25,1.627,180,1.8,4.25,3.5680000000000005,False
363,2012-06-27,2012,5.16214285714286,4.25,1.619,181,1.81,4.25,3.5431428571428603,False
364,2012-06-28,2012,5.18,4.25,1.578,184,1.84,4.25,3.6019999999999994,False
365,2012-07-02,2012,5.14,4.25,1.589,182,1.82,4.25,3.5509999999999997,False
366,2012-07-03,2012,5.15,4.25,1.63,174,1.74,4.25,3.5200000000000005,False
367,2012-07-04,2012,5.23,4.25,1.63,174,1.74,4.25,3.6000000000000005,False
368,2012-07-05,2012,5.1325,4.25,1.598,174,1.74,4.27,3.5345000000000004,False
369,2012-07-06,2012,5.17,4.25,1.55,179,1.79,4.29,3.62,False
370,2012-07-09,2012,5.17,4.25,1.513,180,1.8,4.25,3.657,False
371,2012-07-10,2012,5.1,4.25,1.502,176,1.76,4.25,3.598,False
372,2012-07-11,2012,5.03,4.25,1.518,165,1.65,4.25,3.5120000000000005,False
373,2012-07-12,2012,4.86,4.25,1.475,162,1.62,4.23,3.3850000000000002,False
374,2012-07-13,2012,4.86,4.25,1.488,157,1.57,4.21,3.3720000000000003,False
375,2012-07-16,2012,4.775,4.25,1.473,156,1.56,4.21,3.3020000000000005,False
376,2012-07-17,2012,4.98,4.25,1.509,151,1.51,4.23,3.4710000000000005,False
377,2012-07-18,2012,4.91,4.25,1.495,153,1.53,4.24,3.415,False
378,2012-07-19,2012,4.8,4.25,1.509,150,1.5,4.25,3.291,False
379,2012-07-20,2012,4.75,4.25,1.458,155,1.55,4.24,3.292,False
380,2012-07-23,2012,4.95,4.25,1.427,158,1.58,4.24,3.523,False
381,2012-07-25,2012,4.82333333333333,4.25,1.398,165,1.65,4.25,3.42533333333333,False
382,2012-07-26,2012,4.82,4.25,1.439,162,1.62,4.25,3.3810000000000002,False
383,2012-07-30,2012,4.94,4.25,1.503,148,1.48,4.21,3.4370000000000003,False
384,2012-07-31,2012,5.88,4.25,1.469,145,1.45,4.25,4.411,False
385,2012-08-01,2012,5.88,4.25,1.525,136,1.36,4.25,4.355,False
386,2012-08-02,2012,4.65,4.25,1.479,142,1.42,4.25,3.1710000000000003,False
387,2012-08-03,2012,4.85,4.25,1.564,130,1.3,4.25,3.2859999999999996,False
388,2012-08-06,2012,4.8,4.25,1.567,131,1.31,4.25,3.2329999999999997,False
389,2012-08-07,2012,4.84,4.25,1.629,124,1.24,4.15,3.211,False
390,2012-08-08,2012,4.85,4.25,1.65,122,1.22,4.19,3.1999999999999997,False
391,2012-08-09,2012,4.78888888888889,4.25,1.689,125,1.25,4.19,3.0998888888888896,False
392,2012-08-10,2012,4.781,4.25,1.658,130,1.3,4.2,3.1229999999999998,False
393,2012-08-13,2012,4.78,4.25,1.665,131,1.31,4.2,3.115,False
394,2012-08-14,2012,4.82,4.25,1.739,130,1.3,4.19,3.0810000000000004,False
395,2012-08-15,2012,4.81,4.25,1.816,126,1.26,4.2,2.9939999999999998,False
396,2012-08-16,2012,4.83,4.25,1.835,126,1.26,4.2,2.995,False
397,2012-08-17,2012,4.8,4.25,1.811,132,1.32,4.21,2.989,False
398,2012-08-20,2012,4.83,4.25,1.806,134,1.34,4.18,3.024,False
399,2012-08-21,2012,4.83,4.25,1.799,131,1.31,4.24,3.031,False
400,2012-08-22,2012,4.805,4.25,1.692,137,1.37,4.23,3.1129999999999995,False
401,2012-08-23,2012,4.82631578947368,4.25,1.679,139,1.39,4.25,3.14731578947368,False
402,2012-08-24,2012,4.80166666666667,4.25,1.687,137,1.37,4.25,3.11466666666667,False
403,2012-08-27,2012,4.785,4.25,1.651,140,1.4,4.25,3.1340000000000003,False
404,2012-08-28,2012,4.78421052631579,4.25,1.634,139,1.39,4.24,3.15021052631579,False
405,2012-08-29,2012,4.796,4.25,1.651,136,1.36,4.25,3.1450000000000005,False
406,2012-09-03,2012,4.83,4.25,1.549,145,1.45,4.24,3.281,False
407,2012-09-04,2012,4.78,4.25,1.573,143,1.43,4.22,3.2070000000000003,False
408,2012-09-05,2012,4.77666666666667,4.25,1.597,141,1.41,4.22,3.17966666666667,False
409,2012-09-06,2012,4.776,4.25,1.679,132,1.32,4.2,3.0969999999999995,False
410,2012-09-07,2012,4.8,4.25,1.669,131,1.31,4.21,3.131,False
411,2012-09-10,2012,4.75111111111111,4.25,1.655,128,1.28,4.23,3.09611111111111,False
412,2012-09-11,2012,4.746,4.25,1.701,128,1.28,4.22,3.0450000000000004,False
413,2012-09-12,2012,4.75285714285714,4.25,1.758,119,1.19,4.21,2.99485714285714,False
414,2012-09-13,2012,4.69296296296296,4.25,1.724,118,1.18,4.21,2.9689629629629595,False
415,2012-09-14,2012,4.682,4.25,1.867,109,1.09,4.2,2.8150000000000004,False
416,2012-09-17,2012,4.68,4.25,1.842,113,1.13,4.23,2.8379999999999996,False
417,2012-09-18,2012,4.60666666666667,4.25,1.809,115,1.15,4.24,2.79766666666667,False
418,2012-09-19,2012,4.5625,4.25,1.773,116,1.16,4.25,2.7895000000000003,False
419,2012-09-20,2012,4.52625,4.25,1.765,114,1.14,4.25,2.7612500000000004,False
420,2012-09-21,2012,4.59,4.25,1.754,114,1.14,4.25,2.836,False
421,2012-09-24,2012,4.578,4.25,1.71,117,1.17,4.25,2.8680000000000003,False
422,2012-09-25,2012,4.61,4.25,1.667,121,1.21,4.25,2.9430000000000005,False
423,2012-09-26,2012,4.61,4.25,1.61,126,1.26,4.25,3.0,False
424,2012-09-27,2012,4.61090909090909,4.25,1.655,125,1.25,4.25,2.95590909090909,False
425,2012-09-28,2012,4.57,4.25,1.634,125,1.25,4.25,2.9360000000000004,False
426,2012-10-03,2012,4.62,4.25,1.615,121,1.21,4.25,3.005,False
427,2012-10-04,2012,4.62,4.25,1.674,113,1.13,4.26,2.946,False
428,2012-10-05,2012,4.62,4.25,1.744,106,1.06,4.25,2.8760000000000003,False
429,2012-10-09,2012,4.60666666666667,4.25,1.714,107,1.07,4.25,2.89266666666667,False
430,2012-10-10,2012,4.62,4.25,1.675,111,1.11,4.25,2.9450000000000003,False
431,2012-10-11,2012,4.6,4.25,1.671,114,1.14,4.25,2.9289999999999994,False
432,2012-10-12,2012,4.65,4.25,1.657,112,1.12,4.22,2.9930000000000003,False
433,2012-10-15,2012,4.65,4.25,1.664,107,1.07,4.24,2.9860000000000007,False
434,2012-10-16,2012,4.534,4.25,1.719,101,1.01,4.24,2.8149999999999995,False
435,2012-10-17,2012,4.52,4.25,1.819,94,0.94,4.24,2.7009999999999996,False
436,2012-10-18,2012,4.50933333333333,4.25,1.835,91,0.91,4.24,2.6743333333333297,False
437,2012-10-19,2012,4.45125,4.25,1.764,100,1.0,4.24,2.6872499999999997,False
438,2012-10-22,2012,4.5,4.25,1.814,98,0.98,4.24,2.686,False
439,2012-10-23,2012,4.46666666666667,4.25,1.758,100,1.0,4.23,2.7086666666666703,False
440,2012-10-24,2012,4.47,4.25,1.79,99,0.99,4.25,2.6799999999999997,False
441,2012-10-25,2012,4.50181818181818,4.25,1.824,98,0.98,4.22,2.6778181818181803,False
442,2012-10-26,2012,4.56,4.25,1.746,111,1.11,4.21,2.8139999999999996,False
443,2012-10-29,2012,4.56,4.25,1.719,114,1.14,4.24,2.8409999999999993,False
444,2012-10-30,2012,4.508,4.25,1.719,114,1.14,4.21,2.7889999999999997,False
445,2012-10-31,2012,4.505,4.25,1.719,118,1.18,4.24,2.7859999999999996,False
446,2012-11-05,2012,4.50666666666667,4.25,1.716,115,1.15,4.25,2.79066666666667,False
447,2012-11-06,2012,4.515,4.25,1.685,110,1.1,4.25,2.8299999999999996,False
448,2012-11-07,2012,4.48125,4.25,1.752,121,1.21,4.24,2.7292500000000004,False
449,2012-11-08,2012,4.49846153846154,4.25,1.648,124,1.24,4.24,2.8504615384615404,False
450,2012-11-09,2012,4.55,4.25,1.616,126,1.26,4.25,2.9339999999999997,False
451,2012-11-12,2012,4.55,4.25,1.607,126,1.26,4.25,2.9429999999999996,False
452,2012-11-13,2012,4.51,4.25,1.607,128,1.28,4.25,2.9029999999999996,False
453,2012-11-14,2012,4.49972222222222,4.25,1.595,131,1.31,4.25,2.9047222222222207,False
454,2012-11-15,2012,4.45193548387097,4.25,1.592,133,1.33,4.24,2.8599354838709696,False
455,2012-11-16,2012,4.452,4.25,1.594,133,1.33,4.25,2.8579999999999997,False
456,2012-11-19,2012,4.51,4.25,1.581,130,1.3,4.25,2.929,False
457,2012-11-20,2012,4.443,4.25,1.614,124,1.24,4.25,2.8289999999999997,False
458,2012-11-21,2012,4.44909090909091,4.25,1.667,122,1.22,4.25,2.7820909090909103,False
459,2012-11-22,2012,4.46,4.25,1.68,122,1.22,4.25,2.7800000000000002,False
460,2012-11-23,2012,4.444,4.25,1.68,122,1.22,4.25,2.7640000000000002,False
461,2012-11-26,2012,4.40416666666667,4.25,1.691,124,1.24,4.24,2.7131666666666705,False
462,2012-11-27,2012,4.39083333333333,4.25,1.663,123,1.23,4.25,2.7278333333333293,False
463,2012-11-28,2012,4.4,4.25,1.638,122,1.22,4.25,2.7620000000000005,False
464,2012-11-29,2012,4.36727272727273,4.25,1.629,120,1.2,4.25,2.73827272727273,False
465,2012-11-30,2012,4.31285714285714,4.25,1.616,122,1.22,4.26,2.6968571428571395,False
466,2012-12-03,2012,4.27,4.25,1.616,123,1.23,4.25,2.6539999999999995,False
467,2012-12-04,2012,4.225625,4.25,1.622,125,1.25,4.25,2.603625,False
468,2012-12-05,2012,4.2125,4.25,1.604,124,1.24,4.24,2.6085000000000003,False
469,2012-12-06,2012,4.18153846153846,4.25,1.588,126,1.26,4.25,2.5935384615384596,False
470,2012-12-07,2012,4.19909090909091,4.25,1.587,122,1.22,4.25,2.6120909090909104,False
471,2012-12-10,2012,4.22642857142857,4.25,1.622,124,1.24,4.25,2.6044285714285698,False
472,2012-12-11,2012,4.18611111111111,4.25,1.617,121,1.21,4.25,2.56911111111111,False
473,2012-12-12,2012,4.1475,4.25,1.655,115,1.15,4.25,2.4924999999999997,False
474,2012-12-13,2012,4.13142857142857,4.25,1.699,116,1.16,4.25,2.43242857142857,False
475,2012-12-14,2012,4.13,4.25,1.731,118,1.18,4.25,2.399,False
476,2012-12-17,2012,4.11714285714286,4.25,1.702,112,1.12,4.24,2.41514285714286,False
477,2012-12-18,2012,4.132,4.25,1.773,108,1.08,4.22,2.359,False
478,2012-12-19,2012,4.125,4.25,1.818,109,1.09,4.21,2.307,False
479,2012-12-20,2012,4.12,4.25,1.802,111,1.11,4.18,2.318,False
480,2012-12-21,2012,4.17,4.25,1.797,115,1.15,4.25,2.373,False
481,2012-12-26,2012,4.10666666666667,4.25,1.775,114,1.14,4.25,2.33166666666667,False
482,2012-12-27,2012,4.09533333333333,4.25,1.752,118,1.18,4.25,2.34333333333333,False
483,2013-01-02,2013,4.09,4.25,1.758,105,1.05,4.24,2.332,False
484,2013-01-03,2013,4.10214285714286,4.25,1.838,100,1.0,4.15,2.2641428571428603,False
485,2013-01-04,2013,4.125,4.25,1.913,100,1.0,4.2,2.2119999999999997,False
486,2013-01-07,2013,4.1,4.25,1.9,103,1.03,4.18,2.1999999999999997,False
487,2013-01-08,2013,4.125,4.25,1.898,108,1.08,4.21,2.2270000000000003,False
488,2013-01-09,2013,4.104,4.25,1.869,110,1.1,4.22,2.2350000000000003,False
489,2013-01-10,2013,4.05333333333333,4.25,1.858,109,1.09,4.18,2.19533333333333,False
490,2013-01-11,2013,4.03333333333333,4.25,1.897,111,1.11,4.03,2.1363333333333294,False
491,2013-01-14,2013,4.015,4.25,1.869,111,1.11,4.12,2.146,False
492,2013-01-15,2013,3.98,4.25,1.846,112,1.12,4.1,2.134,False
493,2013-01-16,2013,4.0,4.25,1.837,111,1.11,4.13,2.1630000000000003,False
494,2013-01-17,2013,4.04,4.25,1.819,108,1.08,4.16,2.221,False
495,2013-01-18,2013,4.01,4.25,1.88,110,1.1,4.09,2.13,False
496,2013-01-22,2013,4.00545454545454,4.25,1.843,111,1.11,3.83,2.1624545454545396,False
497,2013-01-23,2013,4.015,4.25,1.843,111,1.11,4.14,2.1719999999999997,False
498,2013-01-24,2013,4.02333333333333,4.25,1.825,110,1.1,4.17,2.1983333333333297,False
499,2013-01-25,2013,4.16,4.25,1.851,106,1.06,4.19,2.309,False
500,2013-01-28,2013,4.14571428571429,4.25,1.95,109,1.09,4.22,2.19571428571429,False
501,2013-01-29,2013,4.12466666666667,4.25,1.962,112,1.12,4.21,2.16266666666667,False
502,2013-01-30,2013,4.14,4.25,2.0,121,1.21,4.23,2.1399999999999997,False
503,2013-01-31,2013,4.093125,4.25,1.993,129,1.29,4.22,2.1001249999999994,False
504,2013-02-01,2013,4.05333333333333,4.25,1.986,126,1.26,4.09,2.0673333333333304,False
505,2013-02-04,2013,4.09,4.25,2.016,127,1.27,4.12,2.074,False
506,2013-02-05,2013,4.10666666666667,4.25,1.956,121,1.21,4.17,2.15066666666667,False
507,2013-02-06,2013,4.12,4.25,1.999,123,1.23,4.18,2.121,False
508,2013-02-07,2013,4.10515151515151,4.25,1.961,124,1.24,4.2,2.14415151515151,False
509,2013-02-08,2013,4.122,4.25,1.958,122,1.22,4.2,2.1639999999999997,False
510,2013-02-12,2013,4.13142857142857,4.25,1.964,122,1.22,4.19,2.16742857142857,False
511,2013-02-13,2013,4.16588235294118,4.25,1.978,119,1.19,4.18,2.1878823529411804,False
512,2013-02-14,2013,4.2,4.25,2.029,122,1.22,4.2,2.1710000000000003,False
513,2013-02-15,2013,4.12230769230769,4.25,1.998,124,1.24,4.2,2.1243076923076893,False
514,2013-02-19,2013,4.13333333333333,4.25,2.003,121,1.21,4.19,2.13033333333333,False
515,2013-02-20,2013,4.18,4.25,2.029,128,1.28,4.2,2.151,False
516,2013-02-21,2013,4.14,4.25,2.01,131,1.31,4.25,2.13,False
517,2013-02-22,2013,4.1525,4.25,1.977,132,1.32,4.25,2.1754999999999995,False
518,2013-02-25,2013,4.18765957446808,4.25,1.963,138,1.38,4.25,2.22465957446808,False
519,2013-02-26,2013,4.30107142857143,4.25,1.865,139,1.39,4.26,2.43607142857143,False
520,2013-02-27,2013,4.231875,4.25,1.882,136,1.36,4.26,2.349875,False
521,2013-02-28,2013,4.18303571428571,4.25,1.902,138,1.38,4.25,2.28103571428571,False
522,2013-03-01,2013,4.13375,4.25,1.876,141,1.41,4.24,2.25775,False
523,2013-03-04,2013,4.1486,4.25,1.842,139,1.39,4.24,2.3066,False
524,2013-03-05,2013,4.14094339622641,4.25,1.876,132,1.32,4.23,2.26494339622641,False
525,2013-03-06,2013,4.14784810126583,4.25,1.899,128,1.28,4.24,2.24884810126583,False
526,2013-03-07,2013,4.15000333333334,4.25,1.938,125,1.25,4.25,2.2120033333333406,False
527,2013-03-08,2013,4.164,4.25,1.997,125,1.25,4.25,2.167,False
528,2013-03-11,2013,4.16,4.25,2.044,127,1.27,4.25,2.116,False
529,2013-03-12,2013,4.17862068965517,4.25,2.058,131,1.31,4.24,2.12062068965517,False
530,2013-03-13,2013,4.14541666666667,4.25,2.017,135,1.35,4.24,2.1284166666666704,False
531,2013-03-14,2013,4.14586206896552,4.25,2.022,134,1.34,4.24,2.12386206896552,False
532,2013-03-15,2013,4.1325,4.25,2.03,144,1.44,4.23,2.1025000000000005,False
533,2013-03-18,2013,4.11677419354839,4.25,1.99,147,1.47,4.24,2.12677419354839,False
534,2013-03-19,2013,4.14846153846154,4.25,1.956,152,1.52,4.22,2.1924615384615405,False
535,2013-03-20,2013,4.1595,4.25,1.903,149,1.49,4.24,2.2565000000000004,False
536,2013-03-21,2013,4.15111111111111,4.25,1.959,150,1.5,4.24,2.19211111111111,False
537,2013-03-22,2013,4.15666666666667,4.25,1.912,148,1.48,4.25,2.24466666666667,False
538,2013-03-25,2013,4.1656,4.25,1.926,147,1.47,4.24,2.2396000000000003,False
539,2013-03-26,2013,4.14846153846154,4.25,1.921,148,1.48,4.25,2.22746153846154,False
540,2013-03-27,2013,4.12521739130435,4.25,1.91,150,1.5,4.24,2.21521739130435,False
541,2013-04-01,2013,4.132,4.25,1.85,148,1.48,4.24,2.2819999999999996,False
542,2013-04-02,2013,4.12105263157895,4.25,1.832,142,1.42,4.24,2.28905263157895,False
543,2013-04-03,2013,4.12111111111111,4.25,1.86,141,1.41,4.23,2.2611111111111093,False
544,2013-04-04,2013,4.11566666666667,4.25,1.812,133,1.33,4.24,2.30366666666667,False
545,2013-04-05,2013,4.08966101694915,4.25,1.763,136,1.36,4.24,2.32666101694915,False
546,2013-04-08,2013,4.08,4.25,1.714,132,1.32,4.24,2.366,False
547,2013-04-09,2013,4.08,4.25,1.747,130,1.3,4.24,2.333,False
548,2013-04-10,2013,4.06,4.25,1.751,126,1.26,4.23,2.3089999999999997,False
549,2013-04-11,2013,4.05,4.25,1.804,125,1.25,4.2,2.2459999999999996,False
550,2013-04-12,2013,4.05,4.25,1.79,128,1.28,3.99,2.26,False
551,2013-04-15,2013,4.03,4.25,1.722,130,1.3,4.04,2.3080000000000003,False
552,2013-04-16,2013,4.04,4.25,1.681,128,1.28,3.94,2.359,False
553,2013-04-17,2013,4.01,4.25,1.723,129,1.29,3.96,2.287,False
554,2013-04-18,2013,3.98,4.25,1.696,131,1.31,4.03,2.284,False
555,2013-04-19,2013,3.94,4.25,1.686,130,1.3,4.21,2.254,False
556,2013-04-22,2013,3.96,4.25,1.706,130,1.3,4.25,2.254,False
557,2013-04-23,2013,3.97,4.25,1.694,129,1.29,4.25,2.2760000000000002,False
558,2013-04-24,2013,3.99,4.25,1.707,131,1.31,4.25,2.2830000000000004,False
559,2013-04-25,2013,4.07,4.25,1.706,133,1.33,4.25,2.3640000000000003,False
560,2013-04-26,2013,4.1,4.25,1.709,137,1.37,4.26,2.3909999999999996,False
561,2013-04-29,2013,4.14,4.25,1.664,135,1.35,4.24,2.476,False
562,2013-04-30,2013,4.11,4.25,1.671,132,1.32,4.26,2.439,False
563,2013-05-02,2013,4.1,4.25,1.63,125,1.25,4.25,2.4699999999999998,False
564,2013-05-03,2013,4.07,4.25,1.626,122,1.22,4.25,2.4440000000000004,False
565,2013-05-06,2013,4.06,4.25,1.739,122,1.22,4.25,2.3209999999999997,False
566,2013-05-07,2013,4.07,4.25,1.76,121,1.21,4.25,2.3100000000000005,False
567,2013-05-08,2013,4.03,4.25,1.779,121,1.21,4.25,2.2510000000000003,False
568,2013-05-09,2013,4.03,4.25,1.767,116,1.16,4.25,2.2630000000000003,False
569,2013-05-10,2013,4.07,4.25,1.812,112,1.12,4.25,2.258,False
570,2013-05-13,2013,4.07,4.25,1.898,115,1.15,4.25,2.1720000000000006,False
571,2013-05-14,2013,4.05,4.25,1.921,112,1.12,4.25,2.1289999999999996,False
572,2013-05-15,2013,4.01,4.25,1.975,120,1.2,4.24,2.0349999999999997,False
573,2013-05-16,2013,3.99,4.25,1.936,131,1.31,4.24,2.0540000000000003,False
574,2013-05-17,2013,4.02,4.25,1.882,131,1.31,4.25,2.138,False
575,2013-05-20,2013,4.07,4.25,1.951,135,1.35,4.25,2.119,False
576,2013-05-21,2013,4.11,4.25,1.966,142,1.42,4.24,2.144,False
577,2013-05-22,2013,4.15,4.25,1.927,134,1.34,4.24,2.2230000000000003,False
578,2013-05-23,2013,4.32,4.25,2.04,146,1.46,4.26,2.2800000000000002,False
579,2013-05-24,2013,4.38,4.25,2.017,149,1.49,4.25,2.363,False
580,2013-05-27,2013,4.45,4.25,2.009,149,1.49,4.27,2.4410000000000003,False
581,2013-05-28,2013,4.38,4.25,2.009,156,1.56,4.3,2.371,False
582,2013-05-29,2013,4.45,4.25,2.166,165,1.65,4.27,2.2840000000000003,False
583,2013-05-30,2013,4.75,4.25,2.116,164,1.64,4.27,2.634,False
584,2013-05-31,2013,4.81,4.25,2.112,159,1.59,4.28,2.6979999999999995,False
585,2013-06-03,2013,4.8019,4.25,2.129,161,1.61,4.28,2.6729,False
586,2013-06-04,2013,4.89,4.25,2.12,157,1.57,4.27,2.7699999999999996,False
587,2013-06-05,2013,4.97,4.25,2.147,162,1.62,4.27,2.823,False
588,2013-06-06,2013,5.26901408450704,4.25,2.09,171,1.71,4.25,3.17901408450704,False
589,2013-06-07,2013,4.97,4.25,2.078,162,1.62,4.25,2.892,False
590,2013-06-10,2013,5.28,4.25,2.173,165,1.65,4.25,3.107,False
591,2013-06-11,2013,5.36,4.25,2.211,181,1.81,4.25,3.1490000000000005,False
592,2013-06-12,2013,5.38,4.25,2.186,170,1.7,4.25,3.194,False
593,2013-06-13,2013,5.26,4.25,2.229,162,1.62,4.25,3.0309999999999997,False
594,2013-06-14,2013,5.12,4.25,2.15,165,1.65,4.25,2.97,False
595,2013-06-17,2013,5.14,4.25,2.13,161,1.61,4.24,3.01,False
596,2013-06-18,2013,5.257,4.25,2.183,172,1.72,4.25,3.074,False
597,2013-06-19,2013,5.2,4.25,2.186,182,1.82,4.26,3.0140000000000002,False
598,2013-06-20,2013,5.6,4.25,2.354,199,1.99,4.26,3.2459999999999996,False
599,2013-06-21,2013,5.73,4.25,2.415,191,1.91,4.27,3.3150000000000004,False
600,2013-06-24,2013,5.91,4.25,2.532,212,2.12,4.26,3.378,False
601,2013-06-25,2013,5.76,4.25,2.538,211,2.11,4.26,3.222,False
602,2013-06-26,2013,5.61641304347826,4.25,2.609,206,2.06,4.26,3.0074130434782598,False
603,2013-06-27,2013,5.55554896142433,4.25,2.536,205,2.05,4.26,3.0195489614243303,False
604,2013-07-01,2013,5.48611796982167,4.25,2.487,192,1.92,4.25,2.99911796982167,False
605,2013-07-02,2013,5.4822430894309,4.25,2.477,186,1.86,4.3,3.0052430894309006,False
606,2013-07-03,2013,5.46886426592798,4.25,2.47,191,1.91,4.62,2.99886426592798,False
607,2013-07-04,2013,5.40186915887851,4.25,2.504,191,1.91,4.75,2.89786915887851,False
608,2013-07-05,2013,5.52368421052632,4.25,2.504,185,1.85,4.71,3.01968421052632,False
609,2013-07-08,2013,5.3843956043956,4.25,2.74,189,1.89,4.33,2.6443956043955996,False
610,2013-07-09,2013,5.20714285714286,4.25,2.637,189,1.89,4.35,2.57014285714286,False
611,2013-07-10,2013,5.21166666666667,4.25,2.635,184,1.84,4.25,2.5766666666666698,False
612,2013-07-11,2013,5.18,4.25,2.625,188,1.88,4.25,2.5549999999999997,False
613,2013-07-12,2013,5.17636363636364,4.25,2.573,180,1.8,4.25,2.6033636363636403,False
614,2013-07-15,2013,5.197875,4.25,2.583,175,1.75,4.25,2.6148749999999996,False
615,2013-07-16,2013,5.24,4.25,2.538,174,1.74,4.25,2.7020000000000004,False
616,2013-07-17,2013,5.152,4.25,2.533,166,1.66,4.25,2.619,False
617,2013-07-18,2013,5.1709756097561,4.25,2.49,157,1.57,4.25,2.6809756097561,False
618,2013-07-19,2013,5.26,4.25,2.529,160,1.6,4.26,2.731,False
619,2013-07-22,2013,5.19,4.25,2.485,156,1.56,4.26,2.7050000000000005,False
620,2013-07-23,2013,5.09,4.25,2.481,153,1.53,4.25,2.609,False
621,2013-07-24,2013,5.13,4.25,2.506,157,1.57,4.26,2.624,False
622,2013-07-25,2013,5.15,4.25,2.589,163,1.63,4.27,2.5610000000000004,False
623,2013-07-26,2013,5.16,4.25,2.572,172,1.72,4.25,2.588,False
624,2013-07-31,2013,5.2,4.25,2.611,180,1.8,4.25,2.589,False
625,2013-08-01,2013,5.17679190751445,4.25,2.577,179,1.79,4.25,2.59979190751445,False
626,2013-08-02,2013,5.178,4.25,2.707,179,1.79,4.25,2.471,False
627,2013-08-05,2013,5.14,4.25,2.597,176,1.76,4.25,2.5429999999999997,False
628,2013-08-06,2013,5.14,4.25,2.634,179,1.79,4.25,2.506,False
629,2013-08-07,2013,5.21676445934619,4.25,2.643,183,1.83,4.25,2.57376445934619,False
630,2013-08-08,2013,5.26,4.25,2.6,183,1.83,4.25,2.6599999999999997,False
631,2013-08-09,2013,5.2,4.25,2.59,186,1.86,4.25,2.6100000000000003,False
632,2013-08-12,2013,5.29,4.25,2.579,183,1.83,4.25,2.711,False
633,2013-08-13,2013,5.2,4.25,2.621,177,1.77,4.25,2.579,False
634,2013-08-14,2013,5.31,4.25,2.72,181,1.81,4.26,2.5899999999999994,False
635,2013-08-15,2013,5.4,4.25,2.714,185,1.85,4.25,2.6860000000000004,False
636,2013-08-16,2013,5.52,4.25,2.767,188,1.88,4.25,2.7529999999999997,False
637,2013-08-19,2013,5.6,4.25,2.826,193,1.93,4.25,2.7739999999999996,False
638,2013-08-20,2013,5.55,4.25,2.881,197,1.97,4.26,2.669,False
639,2013-08-21,2013,5.75,4.25,2.815,200,2.0,4.62,2.935,False
640,2013-08-22,2013,5.7,4.25,2.894,196,1.96,5.9,2.806,False
641,2013-08-23,2013,5.7,4.25,2.885,199,1.99,4.96,2.8150000000000004,False
642,2013-08-26,2013,5.7,4.25,2.815,199,1.99,4.5,2.8850000000000002,False
643,2013-08-27,2013,5.83,4.25,2.786,208,2.08,4.36,3.044,False
644,2013-08-28,2013,5.875,4.25,2.71,206,2.06,4.35,3.165,False
645,2013-08-29,2013,5.98040816326531,4.25,2.766,208,2.08,4.55,3.2144081632653103,False
646,2013-09-02,2013,6.01,4.25,2.785,207,2.07,4.34,3.2249999999999996,False
647,2013-09-03,2013,6.01,4.25,2.785,204,2.04,4.45,3.2249999999999996,False
648,2013-09-04,2013,6.01,4.25,2.859,202,2.02,4.6,3.151,False
649,2013-09-05,2013,6.08,4.25,2.898,196,1.96,4.7,3.182,False
650,2013-09-06,2013,6.0,4.25,2.995,192,1.92,4.51,3.005,False
651,2013-09-09,2013,5.98,4.25,2.965,188,1.88,4.25,3.0150000000000006,False
652,2013-09-10,2013,6.02,4.25,2.913,194,1.94,4.28,3.1069999999999998,False
653,2013-09-11,2013,5.97,4.25,2.965,190,1.9,4.25,3.005,False
654,2013-09-12,2013,5.69,4.25,2.913,191,1.91,4.25,2.7770000000000006,False
655,2013-09-13,2013,5.6,4.25,2.91,191,1.91,4.17,2.6899999999999995,False
656,2013-09-16,2013,5.39,4.25,2.886,182,1.82,4.23,2.5039999999999996,False
657,2013-09-17,2013,5.39,4.25,2.865,178,1.78,4.2,2.5249999999999995,False
658,2013-09-18,2013,5.42,4.25,2.848,174,1.74,4.24,2.572,False
659,2013-09-19,2013,5.16,4.25,2.689,162,1.62,4.21,2.471,False
660,2013-09-20,2013,5.12,4.25,2.753,163,1.63,4.21,2.367,False
661,2013-09-23,2013,5.13,4.25,2.735,163,1.63,4.21,2.395,False
662,2013-09-24,2013,5.23,4.25,2.701,166,1.66,4.25,2.5290000000000004,False
663,2013-09-25,2013,5.25,4.25,2.656,169,1.69,4.25,2.594,False
664,2013-09-26,2013,5.3,4.25,2.629,176,1.76,4.25,2.671,False
665,2013-09-27,2013,5.37,4.25,2.651,179,1.79,4.25,2.7190000000000003,False
666,2013-09-30,2013,5.48,4.25,2.625,184,1.84,4.25,2.8550000000000004,False
667,2013-10-01,2013,5.25,4.25,2.611,180,1.8,4.25,2.639,False
668,2013-10-02,2013,5.36,4.25,2.651,179,1.79,4.25,2.7090000000000005,False
669,2013-10-03,2013,5.3,4.25,2.618,180,1.8,4.25,2.682,False
670,2013-10-04,2013,5.4,4.25,2.605,177,1.77,4.25,2.7950000000000004,False
671,2013-10-07,2013,5.38,4.25,2.646,175,1.75,4.25,2.734,False
672,2013-10-09,2013,5.78,4.25,2.633,169,1.69,4.25,3.1470000000000002,False
673,2013-10-10,2013,5.51,4.25,2.664,168,1.68,4.25,2.8459999999999996,False
674,2013-10-11,2013,5.45,4.25,2.682,166,1.66,4.25,2.7680000000000002,False
675,2013-10-14,2013,5.45,4.25,2.688,166,1.66,4.25,2.762,False
676,2013-10-15,2013,5.42,4.25,2.688,161,1.61,4.25,2.7319999999999998,False
677,2013-10-16,2013,5.36,4.25,2.729,165,1.65,4.25,2.6310000000000002,False
678,2013-10-17,2013,5.26,4.25,2.664,171,1.71,4.25,2.5959999999999996,False
679,2013-10-18,2013,5.29,4.25,2.59,168,1.68,4.25,2.7,False
680,2013-10-21,2013,5.32,4.25,2.579,169,1.69,4.25,2.741,False
681,2013-10-22,2013,5.24,4.25,2.602,175,1.75,4.23,2.6380000000000003,False
682,2013-10-23,2013,5.17,4.25,2.513,174,1.74,4.25,2.657,False
683,2013-10-24,2013,5.13,4.25,2.502,175,1.75,4.25,2.628,False
684,2013-10-25,2013,5.1,4.25,2.521,179,1.79,4.24,2.5789999999999997,False
685,2013-10-28,2013,5.07,4.25,2.51,179,1.79,4.25,2.5600000000000005,False
686,2013-10-29,2013,5.19,4.25,2.524,178,1.78,4.25,2.6660000000000004,False
687,2013-10-30,2013,5.18,4.25,2.504,174,1.74,4.25,2.6759999999999997,False
688,2013-10-31,2013,5.37,4.25,2.539,176,1.76,4.25,2.831,False
689,2013-11-04,2013,5.37,4.25,2.623,175,1.75,4.25,2.747,False
690,2013-11-05,2013,5.44,4.25,2.604,176,1.76,4.25,2.8360000000000003,False
691,2013-11-06,2013,5.41,4.25,2.671,177,1.77,4.25,2.7390000000000003,False
692,2013-11-07,2013,5.41,4.25,2.643,182,1.82,4.25,2.7670000000000003,False
693,2013-11-08,2013,5.56,4.0,2.601,182,1.82,4.0,2.9589999999999996,False
694,2013-11-11,2013,5.56,4.0,2.749,182,1.82,4.0,2.8109999999999995,False
695,2013-11-12,2013,5.54,4.0,2.749,189,1.89,3.99,2.791,False
696,2013-11-13,2013,5.46,4.0,2.774,189,1.89,4.0,2.686,False
697,2013-11-14,2013,5.45,4.0,2.7,182,1.82,4.0,2.75,False
698,2013-11-15,2013,5.44,4.0,2.691,179,1.79,4.0,2.7490000000000006,False
699,2013-11-18,2013,5.44,4.0,2.704,179,1.79,4.0,2.736,False
700,2013-11-19,2013,5.46,4.0,2.667,179,1.79,4.0,2.793,False
701,2013-11-20,2013,5.45,4.0,2.708,178,1.78,4.01,2.742,False
702,2013-11-21,2013,5.5,4.0,2.8,181,1.81,4.02,2.7,False
703,2013-11-22,2013,5.49,4.0,2.785,183,1.83,4.02,2.705,False
704,2013-11-25,2013,5.5,4.0,2.744,190,1.9,4.09,2.756,False
705,2013-11-26,2013,5.49,4.0,2.729,194,1.94,4.43,2.761,False
706,2013-11-27,2013,5.47,4.0,2.709,193,1.93,4.48,2.7609999999999997,False
707,2013-11-28,2013,5.47,4.0,2.738,193,1.93,4.6,2.7319999999999998,False
708,2013-11-29,2013,5.43,4.0,2.738,193,1.93,4.6,2.6919999999999997,False
709,2013-12-02,2013,5.47,4.0,2.745,193,1.93,4.52,2.7249999999999996,False
710,2013-12-03,2013,5.55,4.0,2.796,195,1.95,4.87,2.754,False
711,2013-12-04,2013,5.58,4.0,2.783,193,1.93,4.47,2.797,False
712,2013-12-05,2013,5.58,4.0,2.835,191,1.91,4.5,2.745,False
713,2013-12-06,2013,5.56,4.0,2.873,188,1.88,4.54,2.6869999999999994,False
714,2013-12-09,2013,5.63,4.0,2.856,187,1.87,4.5,2.774,False
715,2013-12-10,2013,5.66,4.0,2.84,189,1.89,4.29,2.8200000000000003,False
716,2013-12-11,2013,5.61,4.0,2.802,184,1.84,4.14,2.8080000000000003,False
717,2013-12-12,2013,5.66,4.0,2.854,177,1.77,4.11,2.806,False
718,2013-12-13,2013,5.67,4.0,2.878,176,1.76,4.12,2.792,False
719,2013-12-16,2013,5.71,4.0,2.866,173,1.73,4.1,2.844,False
720,2013-12-18,2013,5.67,4.0,2.836,171,1.71,4.0,2.834,False
721,2013-12-19,2013,5.67,4.0,2.894,168,1.68,4.01,2.776,False
722,2013-12-20,2013,5.66,4.0,2.93,173,1.73,4.05,2.73,False
723,2013-12-23,2013,5.53,4.0,2.89,170,1.7,4.0,2.64,False
724,2013-12-24,2013,5.53,4.0,2.928,163,1.63,4.0,2.6020000000000003,False
725,2013-12-26,2013,5.6,4.0,2.979,162,1.62,4.0,2.6209999999999996,False
726,2013-12-27,2013,5.54,4.0,2.991,163,1.63,4.0,2.549,False
727,2013-12-30,2013,5.6,4.0,3.001,166,1.66,4.0,2.5989999999999998,False
728,2014-01-02,2014,5.49,4.0,3.029,165,1.65,4.33,2.4610000000000003,False
729,2014-01-03,2014,5.5,4.0,2.99,164,1.64,4.2,2.51,False
730,2014-01-06,2014,5.55,4.0,2.996,166,1.66,4.0,2.554,False
731,2014-01-07,2014,5.58,4.0,2.959,168,1.68,4.0,2.621,False
732,2014-01-08,2014,5.65,4.0,2.94,166,1.66,4.0,2.7100000000000004,False
733,2014-01-09,2014,5.55,4.0,2.99,164,1.64,4.0,2.5599999999999996,False
734,2014-01-10,2014,5.52,4.0,2.966,170,1.7,4.0,2.5539999999999994,False
735,2014-01-13,2014,5.55,4.0,2.859,172,1.72,3.99,2.691,False
736,2014-01-14,2014,5.58,4.0,2.827,167,1.67,3.99,2.753,False
737,2014-01-15,2014,5.63,4.0,2.872,163,1.63,4.0,2.758,False
738,2014-01-16,2014,5.62,4.0,2.892,166,1.66,4.01,2.728,False
739,2014-01-17,2014,5.61,4.0,2.842,168,1.68,4.04,2.7680000000000002,False
740,2014-01-20,2014,5.68,4.0,2.82,168,1.68,4.09,2.86,False
741,2014-01-21,2014,5.63,4.0,2.82,169,1.69,4.12,2.81,False
742,2014-01-22,2014,5.67,4.0,2.83,176,1.76,4.2,2.84,False
743,2014-01-23,2014,5.6,4.0,2.866,190,1.9,4.07,2.7339999999999995,False
744,2014-01-24,2014,5.8,4.0,2.778,193,1.93,4.06,3.022,False
745,2014-01-27,2014,5.96,4.0,2.716,193,1.93,4.08,3.2439999999999998,False
746,2014-01-28,2014,6.12,4.0,2.749,194,1.94,4.31,3.371,False
747,2014-01-29,2014,6.21,4.0,2.75,201,2.01,4.5,3.46,False
748,2014-01-30,2014,6.12,4.0,2.678,201,2.01,4.3,3.442,False
749,2014-01-31,2014,6.22,4.0,2.696,202,2.02,4.47,3.5239999999999996,False
750,2014-02-03,2014,6.4,4.0,2.645,210,2.1,4.71,3.7550000000000003,False
751,2014-02-04,2014,6.37,4.0,2.577,200,2.0,4.68,3.793,False
752,2014-02-05,2014,6.39,4.0,2.63,191,1.91,4.5,3.76,False
753,2014-02-06,2014,6.36,4.0,2.668,188,1.88,4.3,3.692,False
754,2014-02-07,2014,6.35,4.0,2.701,183,1.83,4.31,3.6489999999999996,False
755,2014-02-10,2014,6.38,4.0,2.684,182,1.82,4.4,3.6959999999999997,False
756,2014-02-11,2014,6.41,4.0,2.668,178,1.78,4.3,3.742,False
757,2014-02-12,2014,6.37,4.0,2.726,174,1.74,4.25,3.644,False
758,2014-02-13,2014,6.44,4.0,2.762,178,1.78,4.1,3.6780000000000004,False
759,2014-02-14,2014,6.5,4.0,2.733,177,1.77,4.09,3.767,False
760,2014-02-17,2014,6.4,4.0,2.744,177,1.77,4.02,3.656,False
761,2014-02-18,2014,6.38,4.0,2.744,178,1.78,4.04,3.6359999999999997,False
762,2014-02-19,2014,6.38,4.0,2.708,178,1.78,4.18,3.6719999999999997,False
763,2014-02-20,2014,6.52,4.0,2.74,178,1.78,4.19,3.7799999999999994,False
764,2014-02-21,2014,6.68,4.0,2.752,177,1.77,4.15,3.928,False
765,2014-02-24,2014,6.67,4.0,2.732,173,1.73,4.08,3.9379999999999997,False
766,2014-02-25,2014,6.56,4.0,2.739,178,1.78,3.98,3.8209999999999997,False
767,2014-02-26,2014,6.46,4.0,2.703,182,1.82,3.98,3.757,False
768,2014-02-27,2014,6.34,4.0,2.666,182,1.82,3.95,3.674,False
769,2014-02-28,2014,6.15,4.0,2.64,181,1.81,4.06,3.5100000000000002,False
770,2014-03-03,2014,6.2,4.0,2.648,184,1.84,4.33,3.552,False
771,2014-03-04,2014,6.2,4.0,2.602,173,1.73,4.25,3.5980000000000003,False
772,2014-03-05,2014,6.183,4.0,2.699,166,1.66,4.0,3.484,False
773,2014-03-06,2014,6.15,4.0,2.706,164,1.64,4.0,3.4440000000000004,False
774,2014-03-07,2014,6.22,4.0,2.738,163,1.63,4.0,3.4819999999999998,False
775,2014-03-10,2014,6.27,4.0,2.789,162,1.62,4.0,3.4809999999999994,False
776,2014-03-11,2014,6.24,4.0,2.778,162,1.62,4.0,3.462,False
777,2014-03-12,2014,6.25,4.0,2.769,163,1.63,4.0,3.481,False
778,2014-03-13,2014,6.26,4.0,2.731,168,1.68,4.0,3.529,False
779,2014-03-14,2014,6.21,4.0,2.645,168,1.68,4.0,3.565,False
780,2014-03-17,2014,6.2,4.0,2.655,165,1.65,4.0,3.5450000000000004,False
781,2014-03-18,2014,6.17,4.0,2.693,166,1.66,4.0,3.477,False
782,2014-03-19,2014,6.07,4.0,2.673,164,1.64,4.0,3.3970000000000002,False
783,2014-03-20,2014,6.2,4.0,2.773,168,1.68,4.0,3.427,False
784,2014-03-21,2014,6.14,4.0,2.773,168,1.68,4.01,3.3669999999999995,False
785,2014-03-24,2014,6.24,4.0,2.743,173,1.73,4.05,3.4970000000000003,False
786,2014-03-25,2014,6.14,4.0,2.729,168,1.68,4.04,3.4109999999999996,False
787,2014-03-26,2014,6.09,4.0,2.749,168,1.68,4.0,3.3409999999999997,False
788,2014-03-27,2014,6.02,4.0,2.693,168,1.68,4.0,3.3269999999999995,False
789,2014-03-28,2014,6.02,4.0,2.682,166,1.66,4.0,3.3379999999999996,False
790,2014-03-31,2014,5.99,4.0,2.722,165,1.65,3.99,3.2680000000000002,False
791,2014-04-01,2014,6.05,4.0,2.719,155,1.55,4.01,3.331,False
792,2014-04-02,2014,6.06,4.0,2.753,153,1.53,4.0,3.3069999999999995,False
793,2014-04-03,2014,6.07,4.0,2.805,156,1.56,4.0,3.265,False
794,2014-04-04,2014,6.05,4.0,2.798,156,1.56,4.01,3.252,False
795,2014-04-07,2014,5.98,4.0,2.722,156,1.56,4.0,3.2580000000000005,False
796,2014-04-08,2014,5.91,4.0,2.701,157,1.57,4.0,3.209,False
797,2014-04-09,2014,5.88,4.0,2.682,155,1.55,4.0,3.198,False
798,2014-04-10,2014,5.87,4.0,2.691,154,1.54,4.02,3.1790000000000003,False
799,2014-04-11,2014,5.94,4.0,2.648,156,1.56,4.06,3.2920000000000003,False
800,2014-04-14,2014,5.94,4.0,2.626,154,1.54,4.01,3.3140000000000005,False
801,2014-04-15,2014,5.96,4.0,2.648,157,1.57,4.06,3.312,False
802,2014-04-16,2014,6.01,4.0,2.629,156,1.56,4.24,3.381,False
803,2014-04-21,2014,6.01,4.0,2.722,148,1.48,4.0,3.288,False
804,2014-04-22,2014,5.64,4.0,2.716,149,1.49,4.01,2.9239999999999995,False
805,2014-04-24,2014,5.95,4.0,2.7,155,1.55,4.01,3.25,False
806,2014-04-25,2014,5.89,4.0,2.681,157,1.57,4.01,3.2089999999999996,False
807,2014-04-28,2014,5.99,4.0,2.663,153,1.53,4.01,3.3270000000000004,False
808,2014-04-29,2014,5.99,4.0,2.701,150,1.5,4.01,3.289,False
809,2014-04-30,2014,5.91,4.0,2.692,149,1.49,4.04,3.218,False
810,2014-05-02,2014,5.81,4.0,2.614,153,1.53,4.2,3.1959999999999997,False
811,2014-05-05,2014,5.82,4.0,2.585,152,1.52,4.28,3.2350000000000003,False
812,2014-05-06,2014,5.8,4.0,2.608,148,1.48,4.15,3.1919999999999997,False
813,2014-05-07,2014,5.75,4.0,2.592,146,1.46,4.07,3.158,False
814,2014-05-08,2014,5.78,4.0,2.589,143,1.43,4.1,3.1910000000000003,False
815,2014-05-09,2014,5.76,4.0,2.617,143,1.43,4.07,3.143,False
816,2014-05-12,2014,5.77,4.0,2.624,139,1.39,4.0,3.1459999999999995,False
817,2014-05-13,2014,5.66,4.0,2.662,140,1.4,4.0,2.998,False
818,2014-05-14,2014,5.66,4.0,2.61,143,1.43,4.0,3.0500000000000003,False
819,2014-05-15,2014,5.64,4.0,2.544,151,1.51,4.0,3.0959999999999996,False
820,2014-05-16,2014,5.61,4.0,2.49,152,1.52,3.88,3.12,False
821,2014-05-19,2014,5.62,4.0,2.524,149,1.49,3.89,3.096,False
822,2014-05-20,2014,5.64,4.0,2.545,153,1.53,3.87,3.0949999999999998,False
823,2014-05-21,2014,5.59,4.0,2.512,151,1.51,3.89,3.078,False
824,2014-05-22,2014,5.54,4.0,2.533,153,1.53,3.88,3.007,False
825,2014-05-23,2014,5.53,4.0,2.551,153,1.53,3.89,2.979,False
826,2014-05-26,2014,5.61,4.0,2.533,153,1.53,3.84,3.0770000000000004,False
827,2014-05-27,2014,5.56,4.0,2.533,155,1.55,3.83,3.0269999999999997,False
828,2014-05-28,2014,5.48,4.0,2.515,156,1.56,3.83,2.9650000000000003,False
829,2014-05-29,2014,5.43,4.0,2.444,152,1.52,3.87,2.9859999999999998,False
830,2014-05-30,2014,5.4,4.0,2.465,150,1.5,4.0,2.9350000000000005,False
831,2014-06-02,2014,5.4,4.0,2.477,147,1.47,4.0,2.9230000000000005,False
832,2014-06-03,2014,5.41,4.0,2.528,144,1.44,4.0,2.882,False
833,2014-06-04,2014,5.5,4.0,2.599,142,1.42,4.0,2.901,False
834,2014-06-05,2014,5.46,4.0,2.603,141,1.41,4.0,2.8569999999999998,False
835,2014-06-06,2014,5.41,4.0,2.583,134,1.34,4.0,2.827,False
836,2014-06-09,2014,5.38,4.0,2.588,132,1.32,4.0,2.792,False
837,2014-06-10,2014,5.4,4.0,2.604,134,1.34,4.0,2.7960000000000003,False
838,2014-06-11,2014,5.35,4.0,2.645,141,1.41,3.95,2.7049999999999996,False
839,2014-06-12,2014,5.29,4.0,2.64,148,1.48,3.95,2.65,False
840,2014-06-13,2014,5.3,4.0,2.596,148,1.48,3.96,2.7039999999999997,False
841,2014-06-16,2014,5.31,4.0,2.604,151,1.51,3.96,2.7059999999999995,False
842,2014-06-17,2014,5.37,4.0,2.598,149,1.49,3.99,2.7720000000000002,False
843,2014-06-18,2014,5.38,4.0,2.653,150,1.5,3.99,2.727,False
844,2014-06-19,2014,5.32,4.0,2.585,149,1.49,3.97,2.7350000000000003,False
845,2014-06-20,2014,5.39,4.0,2.621,150,1.5,4.01,2.7689999999999997,False
846,2014-06-23,2014,5.37,4.0,2.606,147,1.47,4.02,2.7640000000000002,False
847,2014-06-24,2014,5.39,4.0,2.627,151,1.51,4.04,2.763,False
848,2014-06-25,2014,5.38,4.0,2.579,147,1.47,4.06,2.8009999999999997,False
849,2014-06-26,2014,5.33,4.0,2.56,148,1.48,4.08,2.77,False
850,2014-06-27,2014,5.4,4.0,2.529,150,1.5,4.0,2.8710000000000004,False
851,2014-06-30,2014,5.28,4.0,2.535,151,1.51,3.99,2.745,False
852,2014-07-01,2014,5.26,4.0,2.531,147,1.47,4.09,2.7289999999999996,False
853,2014-07-02,2014,5.34,4.0,2.566,144,1.44,4.1,2.774,False
854,2014-07-03,2014,5.28,4.0,2.627,136,1.36,4.13,2.6530000000000005,False
855,2014-07-04,2014,5.26,4.0,2.639,136,1.36,4.15,2.621,False
856,2014-07-07,2014,5.25,4.0,2.639,136,1.36,4.09,2.611,False
857,2014-07-08,2014,5.24,4.0,2.612,144,1.44,4.07,2.628,False
858,2014-07-09,2014,5.28,4.0,2.557,146,1.46,4.05,2.7230000000000003,False
859,2014-07-10,2014,5.24,4.0,2.551,147,1.47,4.05,2.689,False
860,2014-07-11,2014,5.17,3.75,2.537,149,1.49,3.76,2.633,False
861,2014-07-14,2014,5.12,3.75,2.517,148,1.48,3.75,2.603,False
862,2014-07-15,2014,5.07,3.75,2.548,148,1.48,3.76,2.5220000000000002,False
863,2014-07-16,2014,5.05,3.75,2.548,148,1.48,3.75,2.502,False
864,2014-07-17,2014,5.11,3.75,2.527,153,1.53,3.75,2.583,False
865,2014-07-18,2014,5.12,3.75,2.447,147,1.47,3.76,2.673,False
866,2014-07-21,2014,5.09,3.75,2.482,150,1.5,3.76,2.6079999999999997,False
867,2014-07-22,2014,5.11,3.75,2.468,147,1.47,3.76,2.6420000000000003,False
868,2014-07-23,2014,5.11,3.75,2.461,145,1.45,3.77,2.6490000000000005,False
869,2014-07-24,2014,5.12,3.75,2.466,144,1.44,3.8,2.654,False
870,2014-07-25,2014,5.1,3.75,2.503,149,1.49,3.79,2.5969999999999995,False
871,2014-07-30,2014,5.193,3.75,2.461,149,1.49,3.76,2.7319999999999998,False
872,2014-07-31,2014,5.204,3.75,2.558,151,1.51,3.71,2.646,False
873,2014-08-01,2014,5.21,3.75,2.559,159,1.59,3.77,2.651,False
874,2014-08-04,2014,5.218,3.75,2.493,159,1.59,3.77,2.725,False
875,2014-08-05,2014,5.218,3.75,2.483,164,1.64,3.76,2.735,False
876,2014-08-06,2014,5.17,3.75,2.485,162,1.62,3.77,2.685,False
877,2014-08-07,2014,5.18,3.75,2.472,168,1.68,3.78,2.7079999999999997,False
878,2014-08-08,2014,5.25,3.75,2.412,168,1.68,3.78,2.838,False
879,2014-08-11,2014,5.24,3.75,2.421,167,1.67,3.77,2.8190000000000004,False
880,2014-08-12,2014,5.23,3.75,2.428,164,1.64,3.75,2.8020000000000005,False
881,2014-08-13,2014,5.21,3.75,2.45,160,1.6,3.71,2.76,False
882,2014-08-14,2014,5.17,3.75,2.418,157,1.57,3.74,2.752,False
883,2014-08-15,2014,5.15,3.75,2.402,161,1.61,3.77,2.748,False
884,2014-08-18,2014,5.18,3.75,2.341,159,1.59,3.75,2.8389999999999995,False
885,2014-08-19,2014,5.14,3.75,2.394,154,1.54,3.71,2.7459999999999996,False
886,2014-08-20,2014,5.2,3.75,2.401,153,1.53,3.75,2.7990000000000004,False
887,2014-08-21,2014,5.2,3.75,2.427,151,1.51,3.76,2.773,False
888,2014-08-22,2014,5.2,3.75,2.408,152,1.52,3.75,2.7920000000000003,False
889,2014-08-25,2014,5.19,3.75,2.403,151,1.51,3.74,2.7870000000000004,False
890,2014-08-26,2014,5.17,3.75,2.383,149,1.49,3.74,2.787,False
891,2014-08-27,2014,5.2,3.75,2.397,148,1.48,3.75,2.8030000000000004,False
892,2014-08-28,2014,5.21,3.75,2.358,149,1.49,3.75,2.852,False
893,2014-08-29,2014,5.22,3.75,2.337,148,1.48,3.76,2.8829999999999996,False
894,2014-09-01,2014,5.18,3.75,2.344,148,1.48,3.8,2.836,False
895,2014-09-02,2014,5.19,3.75,2.344,146,1.46,3.81,2.8460000000000005,False
896,2014-09-03,2014,5.18,3.75,2.422,145,1.45,3.77,2.7579999999999996,False
897,2014-09-04,2014,5.17,3.75,2.397,145,1.45,3.76,2.773,False
898,2014-09-05,2014,5.16,3.75,2.451,143,1.43,3.77,2.709,False
899,2014-09-08,2014,5.13,3.75,2.46,142,1.42,3.8,2.67,False
900,2014-09-09,2014,5.17,3.75,2.472,144,1.44,3.8,2.698,False
901,2014-09-10,2014,5.19,3.75,2.504,147,1.47,3.81,2.6860000000000004,False
902,2014-09-11,2014,5.2,3.75,2.542,149,1.49,3.82,2.6580000000000004,False
903,2014-09-12,2014,5.28,3.5,2.551,150,1.5,3.66,2.729,False
904,2014-09-15,2014,5.35,3.5,2.611,156,1.56,3.52,2.7389999999999994,False
905,2014-09-16,2014,5.32,3.5,2.59,156,1.56,3.5,2.7300000000000004,False
906,2014-09-17,2014,5.32,3.5,2.593,153,1.53,3.53,2.7270000000000003,False
907,2014-09-18,2014,5.4,3.5,2.621,146,1.46,3.5,2.7790000000000004,False
908,2014-09-19,2014,5.38,3.5,2.615,145,1.45,3.5,2.7649999999999997,False
909,2014-09-22,2014,5.39,3.5,2.575,148,1.48,3.6,2.8149999999999995,False
910,2014-09-23,2014,5.46,3.5,2.565,149,1.49,3.61,2.895,False
911,2014-09-24,2014,5.49,3.5,2.528,147,1.47,3.73,2.962,False
912,2014-09-25,2014,5.57,3.5,2.565,154,1.54,3.7,3.0050000000000003,False
913,2014-09-26,2014,5.6,3.5,2.503,155,1.55,3.8,3.0969999999999995,False
914,2014-09-29,2014,5.64,3.5,2.529,163,1.63,4.02,3.1109999999999998,False
915,2014-09-30,2014,5.61,3.5,2.478,162,1.62,4.0,3.132,False
916,2014-10-01,2014,5.57,3.5,2.49,166,1.66,4.14,3.08,False
917,2014-10-02,2014,5.56,3.5,2.386,166,1.66,3.95,3.1739999999999995,False
918,2014-10-03,2014,5.54,3.5,2.426,164,1.64,3.62,3.114,False
919,2014-10-06,2014,5.46,3.5,2.435,165,1.65,3.6,3.025,False
920,2014-10-07,2014,5.39,3.5,2.421,170,1.7,3.6,2.969,False
921,2014-10-09,2014,5.28,3.5,2.322,167,1.67,3.59,2.958,False
922,2014-10-10,2014,5.34,3.5,2.314,172,1.72,3.6,3.026,False
923,2014-10-13,2014,5.34,3.5,2.281,172,1.72,3.59,3.0589999999999997,False
924,2014-10-14,2014,5.32,3.5,2.281,180,1.8,3.5,3.039,False
925,2014-10-15,2014,5.27,3.5,2.198,182,1.82,3.5,3.0719999999999996,False
926,2014-10-16,2014,5.3,3.5,2.137,179,1.79,3.52,3.163,False
927,2014-10-17,2014,5.25,3.5,2.157,170,1.7,3.52,3.093,False
928,2014-10-20,2014,5.279,3.5,2.194,172,1.72,3.51,3.085,False
929,2014-10-21,2014,5.25,3.5,2.192,171,1.71,3.5,3.058,False
930,2014-10-22,2014,5.24,3.5,2.223,169,1.69,3.5,3.0170000000000003,False
931,2014-10-23,2014,5.35,3.5,2.217,167,1.67,3.5,3.1329999999999996,False
932,2014-10-24,2014,5.34,3.5,2.272,170,1.7,3.5,3.068,False
933,2014-10-27,2014,5.34,3.5,2.269,171,1.71,3.5,3.0709999999999997,False
934,2014-10-28,2014,5.36,3.5,2.261,169,1.69,3.5,3.099,False
935,2014-10-29,2014,5.35,3.5,2.297,167,1.67,3.5,3.0529999999999995,False
936,2014-10-30,2014,5.46,3.5,2.318,168,1.68,3.5,3.142,False
937,2014-11-03,2014,5.43,3.5,2.336,167,1.67,3.76,3.094,False
938,2014-11-04,2014,5.47,3.5,2.343,170,1.7,3.81,3.127,False
939,2014-11-05,2014,5.55,3.5,2.334,167,1.67,3.8,3.2159999999999997,False
940,2014-11-06,2014,5.55,3.5,2.343,165,1.65,3.69,3.207,False
941,2014-11-07,2014,5.48,3.5,2.387,169,1.69,3.51,3.0930000000000004,False
942,2014-11-10,2014,5.46,3.5,2.298,165,1.65,3.5,3.162,False
943,2014-11-11,2014,5.47,3.5,2.361,165,1.65,3.5,3.1089999999999995,False
944,2014-11-12,2014,5.48,3.5,2.361,160,1.6,3.55,3.119,False
945,2014-11-13,2014,5.51,3.5,2.372,162,1.62,3.57,3.138,False
946,2014-11-14,2014,5.47,3.5,2.341,164,1.64,3.79,3.1289999999999996,False
947,2014-11-17,2014,5.43,3.5,2.321,164,1.64,4.22,3.1089999999999995,False
948,2014-11-18,2014,5.42,3.5,2.341,166,1.66,4.45,3.0789999999999997,False
949,2014-11-19,2014,5.46,3.5,2.316,163,1.63,3.76,3.144,False
950,2014-11-20,2014,5.45,3.5,2.36,164,1.64,3.57,3.0900000000000003,False
951,2014-11-21,2014,5.43,3.5,2.338,164,1.64,3.62,3.0919999999999996,False
952,2014-11-24,2014,5.43,3.5,2.311,166,1.66,3.5,3.1189999999999998,False
953,2014-11-25,2014,5.36,3.5,2.307,165,1.65,3.5,3.0530000000000004,False
954,2014-11-26,2014,5.3,3.5,2.258,167,1.67,3.51,3.042,False
955,2014-11-27,2014,5.326,3.5,2.246,167,1.67,3.59,3.0799999999999996,False
956,2014-11-28,2014,5.311,3.5,2.246,167,1.67,3.65,3.065,False
957,2014-12-01,2014,5.21,3.5,2.165,169,1.69,3.69,3.045,False
958,2014-12-02,2014,5.24,3.5,2.236,162,1.62,3.67,3.004,False
959,2014-12-03,2014,5.24,3.5,2.293,161,1.61,3.88,2.947,False
960,2014-12-04,2014,5.26,3.5,2.281,165,1.65,4.2,2.9789999999999996,False
961,2014-12-05,2014,5.28,3.5,2.235,166,1.66,4.7,3.0450000000000004,False
962,2014-12-09,2014,5.27,3.5,2.258,183,1.83,3.96,3.0119999999999996,False
963,2014-12-10,2014,5.29,3.5,2.214,192,1.92,3.7,3.076,False
964,2014-12-11,2014,5.4,3.5,2.165,192,1.92,3.73,3.2350000000000003,False
965,2014-12-12,2014,5.39,3.5,2.163,207,2.07,3.71,3.227,False
966,2014-12-15,2014,5.428,3.5,2.083,215,2.15,3.74,3.3449999999999998,False
967,2014-12-16,2014,5.49,3.5,2.119,222,2.22,3.73,3.371,False
968,2014-12-18,2014,5.37,3.5,2.137,186,1.86,3.61,3.233,False
969,2014-12-19,2014,5.39,3.5,2.208,184,1.84,3.77,3.1819999999999995,False
970,2014-12-22,2014,5.38,3.5,2.163,180,1.8,3.75,3.217,False
971,2014-12-23,2014,5.39,3.5,2.159,170,1.7,3.85,3.231,False
972,2014-12-24,2014,5.4,3.5,2.262,169,1.69,3.85,3.1380000000000003,False
973,2014-12-26,2014,5.443,3.5,2.264,177,1.77,3.53,3.179,False
974,2014-12-29,2014,5.4,3.5,2.251,177,1.77,3.5,3.1490000000000005,False
975,2014-12-30,2014,5.433,3.5,2.203,179,1.79,3.5,3.23,False
976,2014-12-31,2014,5.44,3.5,2.188,182,1.82,3.55,3.2520000000000002,False
977,2015-01-05,2015,5.45,3.5,2.172,196,1.96,3.5,3.278,False
978,2015-01-06,2015,5.4,3.5,2.033,201,2.01,3.5,3.3670000000000004,False
979,2015-01-07,2015,5.41,3.5,2.033,197,1.97,3.5,3.3770000000000002,False
980,2015-01-08,2015,5.43,3.5,1.969,192,1.92,3.5,3.4609999999999994,False
981,2015-01-09,2015,5.45,3.5,1.969,194,1.94,3.5,3.481,False
982,2015-01-12,2015,5.47,3.5,1.946,202,2.02,3.5,3.524,False
983,2015-01-13,2015,5.465,3.5,1.946,204,2.04,3.5,3.519,False
984,2015-01-14,2015,5.41,3.5,1.901,206,2.06,3.5,3.5090000000000003,False
985,2015-01-15,2015,5.437,3.5,1.901,212,2.12,3.5,3.5360000000000005,False
986,2015-01-16,2015,5.22,3.25,1.716,209,2.09,3.25,3.5039999999999996,False
987,2015-01-19,2015,5.22,3.25,1.716,209,2.09,3.23,3.5039999999999996,False
988,2015-01-20,2015,5.19,3.25,1.838,208,2.08,3.24,3.3520000000000003,False
989,2015-01-21,2015,5.25,3.25,1.838,206,2.06,3.25,3.412,False
990,2015-01-22,2015,5.25,3.25,1.873,200,2.0,3.24,3.377,False
991,2015-01-23,2015,5.17,3.25,1.873,199,1.99,3.2,3.2969999999999997,False
992,2015-01-26,2015,5.19,3.25,1.798,198,1.98,3.2,3.3920000000000003,False
993,2015-01-27,2015,5.08,3.25,1.798,204,2.04,3.25,3.282,False
994,2015-01-28,2015,5.12,3.25,1.824,210,2.1,3.25,3.2960000000000003,False
995,2015-01-29,2015,5.17,3.25,1.824,202,2.02,3.25,3.346,False
996,2015-01-30,2015,5.15,3.25,1.752,208,2.08,3.25,3.3980000000000006,False
997,2015-02-02,2015,5.2,3.25,1.752,204,2.04,3.25,3.4480000000000004,False
998,2015-02-03,2015,5.18,3.25,1.665,195,1.95,3.25,3.5149999999999997,False
999,2015-02-04,2015,5.19,3.25,1.665,196,1.96,3.25,3.5250000000000004,False
1000,2015-02-05,2015,5.23,3.25,1.752,195,1.95,3.25,3.4780000000000006,False
1001,2015-02-06,2015,5.27,3.25,1.752,188,1.88,3.25,3.518,False
1002,2015-02-09,2015,5.31,3.25,1.958,187,1.87,3.25,3.3519999999999994,False
1003,2015-02-10,2015,5.27,3.25,1.958,193,1.93,3.25,3.3119999999999994,False
1004,2015-02-11,2015,5.25,3.25,1.998,192,1.92,3.26,3.252,False
1005,2015-02-12,2015,5.24,3.25,1.998,188,1.88,3.25,3.242,False
1006,2015-02-13,2015,5.26,3.25,2.018,183,1.83,3.25,3.242,False
1007,2015-02-16,2015,5.17,3.25,1.985,183,1.83,3.33,3.1849999999999996,False
1008,2015-02-17,2015,5.28,3.25,2.051,173,1.73,3.57,3.229,False
1009,2015-02-18,2015,5.36,3.25,2.051,178,1.78,3.79,3.309,False
1010,2015-02-19,2015,5.4,3.25,2.139,171,1.71,3.83,3.2610000000000006,False
1011,2015-02-20,2015,5.38,3.25,2.081,168,1.68,3.81,3.299,False
1012,2015-02-23,2015,5.38,3.25,2.115,174,1.74,3.67,3.2649999999999997,False
1013,2015-02-24,2015,5.36,3.25,2.113,177,1.77,3.28,3.2470000000000003,False
1014,2015-02-25,2015,5.35,3.25,2.058,173,1.73,3.27,3.292,False
1015,2015-02-26,2015,5.34,3.25,1.981,169,1.69,3.26,3.359,False
1016,2015-02-27,2015,5.29,3.25,1.97,170,1.7,3.31,3.3200000000000003,False
1017,2015-03-03,2015,5.35,3.25,1.994,159,1.59,3.35,3.356,False
1018,2015-03-04,2015,5.403,3.25,2.083,164,1.64,3.32,3.3199999999999994,False
1019,2015-03-05,2015,5.39,3.25,2.12,168,1.68,3.26,3.2699999999999996,False
1020,2015-03-06,2015,5.39,3.25,2.118,169,1.69,3.4,3.272,False
1021,2015-03-09,2015,5.39,3.25,2.116,174,1.74,3.3,3.2739999999999996,False
1022,2015-03-10,2015,5.39,3.25,2.242,185,1.85,3.3,3.1479999999999997,False
1023,2015-03-11,2015,5.39,3.25,2.192,186,1.86,3.35,3.1979999999999995,False
1024,2015-03-12,2015,5.5,3.25,2.131,185,1.85,3.36,3.369,False
1025,2015-03-13,2015,5.61,3.25,2.109,192,1.92,3.35,3.5010000000000003,False
1026,2015-03-16,2015,5.7,3.25,2.117,198,1.98,3.35,3.583,False
1027,2015-03-17,2015,5.65,3.25,2.115,205,2.05,3.4,3.535,False
1028,2015-03-18,2015,5.63,3.25,2.073,211,2.11,3.32,3.557,False
1029,2015-03-19,2015,5.67,3.25,2.051,202,2.02,3.33,3.6189999999999998,False
1030,2015-03-20,2015,5.62,3.25,1.921,200,2.0,3.25,3.699,False
1031,2015-03-23,2015,5.614,3.25,1.969,193,1.93,3.25,3.6449999999999996,False
1032,2015-03-24,2015,5.61,3.25,1.931,192,1.92,3.25,3.6790000000000003,False
1033,2015-03-25,2015,5.57,3.25,1.912,187,1.87,3.25,3.6580000000000004,False
1034,2015-03-26,2015,5.63,3.25,1.874,182,1.82,3.4,3.756,False
1035,2015-03-27,2015,5.63,3.25,1.926,185,1.85,3.41,3.7039999999999997,False
1036,2015-03-30,2015,5.57,3.25,1.99,179,1.79,3.58,3.58,False
1037,2015-03-31,2015,5.57,3.25,1.962,181,1.81,3.7,3.6080000000000005,False
1038,2015-04-06,2015,5.39,3.25,1.912,171,1.71,3.35,3.4779999999999998,False
1039,2015-04-07,2015,5.452,3.25,1.84,177,1.77,3.38,3.612,False
1040,2015-04-08,2015,5.43,3.25,1.896,176,1.76,3.3,3.534,False
1041,2015-04-09,2015,5.45,3.25,1.886,174,1.74,3.25,3.564,False
1042,2015-04-10,2015,5.46,3.25,1.906,176,1.76,3.29,3.5540000000000003,False
1043,2015-04-13,2015,5.485,3.25,1.96,177,1.77,3.27,3.5250000000000004,False
1044,2015-04-14,2015,5.47,3.25,1.948,179,1.79,3.35,3.522,False
1045,2015-04-15,2015,5.5,3.25,1.928,181,1.81,3.33,3.572,False
1046,2015-04-16,2015,5.55,3.25,1.899,186,1.86,3.33,3.651,False
1047,2015-04-17,2015,5.53,3.25,1.889,190,1.9,3.4,3.641,False
1048,2015-04-20,2015,5.56,3.25,1.891,184,1.84,3.36,3.6689999999999996,False
1049,2015-04-21,2015,5.59,3.25,1.866,179,1.79,3.36,3.7239999999999998,False
1050,2015-04-22,2015,5.6,3.25,1.89,172,1.72,3.63,3.71,False
1051,2015-04-23,2015,5.63,3.25,1.91,174,1.74,3.93,3.7199999999999998,False
1052,2015-04-24,2015,5.64,3.25,1.98,173,1.73,4.0,3.6599999999999997,False
1053,2015-04-27,2015,5.65,3.25,1.959,174,1.74,4.0,3.6910000000000003,False
1054,2015-04-28,2015,5.63,3.25,1.909,170,1.7,3.97,3.721,False
1055,2015-04-29,2015,5.67,3.25,1.922,168,1.68,3.29,3.748,False
1056,2015-04-30,2015,5.68,3.25,2.004,171,1.71,3.44,3.6759999999999997,False
1057,2015-05-04,2015,5.8,3.25,2.033,167,1.67,4.0,3.767,False
1058,2015-05-05,2015,5.85,3.25,2.114,167,1.67,4.03,3.7359999999999998,False
1059,2015-05-06,2015,5.9,3.25,2.145,162,1.62,4.0,3.7550000000000003,False
1060,2015-05-07,2015,5.9,3.25,2.186,170,1.7,3.64,3.7140000000000004,False
1061,2015-05-08,2015,5.84,3.25,2.244,165,1.65,3.65,3.5959999999999996,False
1062,2015-05-11,2015,5.9,3.25,2.181,159,1.59,3.55,3.7190000000000003,False
1063,2015-05-12,2015,5.89,3.25,2.149,164,1.64,3.5,3.7409999999999997,False
1064,2015-05-13,2015,5.917,3.25,2.281,164,1.64,3.5,3.6359999999999997,False
1065,2015-05-14,2015,5.921,3.25,2.25,164,1.64,3.5,3.6710000000000003,False
1066,2015-05-15,2015,5.87,3.25,2.294,171,1.71,3.5,3.576,False
1067,2015-05-18,2015,5.9,3.25,2.235,162,1.62,3.28,3.6650000000000005,False
1068,2015-05-19,2015,5.91,3.25,2.289,163,1.63,3.25,3.621,False
1069,2015-05-20,2015,5.94,3.25,2.249,160,1.6,3.23,3.6910000000000003,False
1070,2015-05-21,2015,5.93,3.25,2.191,164,1.64,3.25,3.739,False
1071,2015-05-22,2015,5.93,3.25,2.21,164,1.64,3.25,3.7199999999999998,False
1072,2015-05-25,2015,5.92,3.25,2.21,164,1.64,3.25,3.71,False
1073,2015-05-26,2015,5.94,3.25,2.14,170,1.7,3.25,3.8000000000000003,False
1074,2015-05-27,2015,5.93,3.25,2.129,170,1.7,3.25,3.8009999999999997,False
1075,2015-06-01,2015,5.96,3.25,2.18,169,1.69,3.51,3.78,False
1076,2015-06-02,2015,6.02,3.25,2.263,164,1.64,3.5,3.7569999999999997,False
1077,2015-06-03,2015,6.1,3.25,2.365,162,1.62,3.5,3.7349999999999994,False
1078,2015-06-04,2015,6.05,3.25,2.308,169,1.69,3.44,3.742,False
1079,2015-06-05,2015,6.05,3.25,2.408,166,1.66,3.33,3.642,False
1080,2015-06-08,2015,6.09,3.25,2.383,172,1.72,3.25,3.707,False
1081,2015-06-09,2015,6.2,3.25,2.439,173,1.73,3.25,3.761,False
1082,2015-06-10,2015,6.17,3.25,2.485,177,1.77,3.25,3.685,False
1083,2015-06-11,2015,6.17,3.25,2.378,179,1.79,3.25,3.792,False
1084,2015-06-12,2015,6.14,3.25,2.393,179,1.79,3.25,3.747,False
1085,2015-06-15,2015,6.15,3.25,2.357,185,1.85,3.25,3.793,False
1086,2015-06-16,2015,6.17,3.25,2.31,191,1.91,3.25,3.86,False
1087,2015-06-17,2015,6.19,3.25,2.317,191,1.91,3.25,3.873,False
1088,2015-06-18,2015,6.2,3.25,2.335,179,1.79,3.25,3.865,False
1089,2015-06-19,2015,6.16,3.25,2.259,185,1.85,3.25,3.9010000000000002,False
1090,2015-06-22,2015,6.22,3.25,2.373,176,1.76,3.26,3.8469999999999995,False
1091,2015-06-23,2015,6.19,3.25,2.41,172,1.72,3.6,3.7800000000000002,False
1092,2015-06-24,2015,6.28,3.25,2.368,176,1.76,3.68,3.9120000000000004,False
1093,2015-06-25,2015,6.32,3.25,2.41,178,1.78,3.75,3.91,False
1094,2015-06-26,2015,6.35,3.25,2.474,172,1.72,3.86,3.8759999999999994,False
1095,2015-06-30,2015,6.425,3.25,2.354,182,1.82,3.8,4.071,False
1096,2015-07-01,2015,6.46,3.25,2.423,173,1.73,3.84,4.037,False
1097,2015-07-02,2015,6.51,3.25,2.383,173,1.73,3.5,4.127,False
1098,2015-07-03,2015,6.51,3.25,2.383,173,1.73,3.25,4.127,False
1099,2015-07-06,2015,6.5,3.25,2.286,187,1.87,3.25,4.214,False
1100,2015-07-07,2015,6.54,3.25,2.259,189,1.89,3.25,4.281000000000001,False
1101,2015-07-08,2015,6.53,3.25,2.193,190,1.9,3.25,4.337,False
1102,2015-07-09,2015,6.54,3.25,2.322,183,1.83,3.25,4.218,False
1103,2015-07-10,2015,6.56,3.25,2.398,174,1.74,3.25,4.161999999999999,False
1104,2015-07-13,2015,6.56,3.25,2.435,175,1.75,3.25,4.125,False
1105,2015-07-14,2015,6.51,3.25,2.402,176,1.76,3.19,4.108,False
1106,2015-07-15,2015,6.54,3.25,2.353,185,1.85,3.2,4.186999999999999,False
1107,2015-07-16,2015,6.53,3.25,2.351,185,1.85,3.25,4.179,False
1108,2015-07-17,2015,6.42,3.25,2.348,185,1.85,3.25,4.072,False
1109,2015-07-20,2015,6.4,3.25,2.377,183,1.83,3.25,4.023000000000001,False
1110,2015-07-21,2015,6.41,3.25,2.326,186,1.86,3.25,4.084,False
1111,2015-07-22,2015,6.33,3.25,2.324,190,1.9,3.25,4.006,False
1112,2015-07-23,2015,6.32,3.25,2.269,197,1.97,3.36,4.051,False
1113,2015-07-24,2015,6.37,3.25,2.263,200,2.0,3.82,4.107,False
1114,2015-07-30,2015,6.453,3.25,2.26,192,1.92,3.97,4.1930000000000005,False
1115,2015-07-31,2015,6.44,3.25,2.181,196,1.96,3.65,4.259,False
1116,2015-08-03,2015,6.45,3.25,2.149,200,2.0,3.77,4.301,False
1117,2015-08-04,2015,6.43,3.25,2.222,199,1.99,3.26,4.208,False
1118,2015-08-05,2015,6.43,3.25,2.271,197,1.97,3.36,4.159,False
1119,2015-08-06,2015,6.45,3.25,2.222,203,2.03,3.73,4.228,False
1120,2015-08-07,2015,6.44,3.25,2.163,207,2.07,3.99,4.277000000000001,False
1121,2015-08-10,2015,6.473,3.25,2.228,205,2.05,4.0,4.244999999999999,False
1122,2015-08-11,2015,6.474,3.25,2.142,211,2.11,4.0,4.332000000000001,False
1123,2015-08-12,2015,6.482,3.25,2.149,210,2.1,3.8,4.333,False
1124,2015-08-13,2015,6.53,3.25,2.186,206,2.06,3.25,4.344,False
1125,2015-08-14,2015,6.57,3.25,2.199,209,2.09,3.25,4.371,False
1126,2015-08-17,2015,6.63,3.25,2.163,212,2.12,3.26,4.4670000000000005,False
1127,2015-08-18,2015,6.74,3.25,2.193,215,2.15,3.31,4.547000000000001,False
1128,2015-08-19,2015,6.63,3.25,2.126,223,2.23,3.36,4.504,False
1129,2015-08-20,2015,6.67,3.25,2.069,229,2.29,3.99,4.601,False
1130,2015-08-21,2015,6.74,3.25,2.037,236,2.36,5.07,4.703,False
1131,2015-08-24,2015,6.88,3.25,2.004,247,2.47,3.92,4.8759999999999994,False
1132,2015-08-25,2015,6.81,3.25,2.072,237,2.37,3.26,4.7379999999999995,False
1133,2015-08-26,2015,6.98,3.25,2.176,238,2.38,3.26,4.804,False
1134,2015-08-27,2015,6.99,3.25,2.185,231,2.31,3.27,4.805,False
1135,2015-08-28,2015,7.068,3.25,2.182,227,2.27,3.29,4.885999999999999,False
1136,2015-08-31,2015,7.06,3.25,2.219,225,2.25,3.3,4.840999999999999,False
1137,2015-09-01,2015,7.17,3.25,2.153,232,2.32,3.83,5.0169999999999995,False
1138,2015-09-02,2015,7.16,3.25,2.185,232,2.32,4.43,4.975,False
1139,2015-09-03,2015,7.28,3.25,2.16,234,2.34,4.75,5.12,False
1140,2015-09-04,2015,7.22,3.25,2.125,239,2.39,4.5,5.095,False
1141,2015-09-07,2015,7.16,3.25,2.125,239,2.39,3.25,5.035,False
1142,2015-09-08,2015,7.29,3.25,2.184,231,2.31,3.16,5.106,False
1143,2015-09-09,2015,7.303,3.25,2.202,227,2.27,3.15,5.101,False
1144,2015-09-10,2015,7.303,3.25,2.223,226,2.26,3.1,5.08,False
1145,2015-09-11,2015,7.38,3.5,2.189,232,2.32,3.5,5.191,False
1146,2015-09-14,2015,7.34,3.5,2.184,231,2.31,3.5,5.156,False
1147,2015-09-15,2015,7.35,3.5,2.288,218,2.18,3.43,5.061999999999999,False
1148,2015-09-16,2015,7.29,3.5,2.295,216,2.16,3.15,4.995,False
1149,2015-09-17,2015,7.27,3.5,2.284,220,2.2,3.3,4.986,False
1150,2015-09-18,2015,7.08,3.5,2.134,221,2.21,3.3,4.946,False
1151,2015-09-21,2015,7.11,3.5,2.202,218,2.18,3.5,4.908,False
1152,2015-09-22,2015,7.151,3.5,2.135,232,2.32,3.5,5.016,False
1153,2015-09-23,2015,7.21,3.5,2.151,231,2.31,3.5,5.059,False
1154,2015-09-24,2015,7.21,3.5,2.128,245,2.45,3.5,5.082,False
1155,2015-09-25,2015,7.23,3.5,2.163,245,2.45,3.5,5.067,False
1156,2015-09-28,2015,7.24,3.5,2.096,261,2.61,3.5,5.144,False
1157,2015-09-29,2015,7.27,3.5,2.052,266,2.66,3.5,5.218,False
1158,2015-09-30,2015,7.17,3.5,2.038,258,2.58,3.5,5.132,False
1159,2015-10-01,2015,7.17,3.5,2.038,256,2.56,3.5,5.132,False
1160,2015-10-02,2015,7.16,3.5,1.994,249,2.49,3.6,5.166,False
1161,2015-10-05,2015,7.207,3.5,2.057,231,2.31,3.65,5.15,False
1162,2015-10-06,2015,7.15,3.5,2.032,231,2.31,3.5,5.118,False
1163,2015-10-07,2015,7.17,3.5,2.068,229,2.29,3.4,5.102,False
1164,2015-10-12,2015,7.17,3.5,2.089,222,2.22,3.44,5.0809999999999995,False
1165,2015-10-13,2015,7.17,3.5,2.045,229,2.29,3.5,5.125,False
1166,2015-10-14,2015,7.13,3.5,1.973,233,2.33,3.53,5.157,False
1167,2015-10-15,2015,7.06,3.5,2.022,226,2.26,3.5,5.038,False
1168,2015-10-16,2015,7.0,3.5,2.034,219,2.19,3.5,4.966,False
1169,2015-10-19,2015,7.221,3.5,2.024,222,2.22,3.5,5.197,False
1170,2015-10-20,2015,6.94,3.5,2.068,225,2.25,3.5,4.872,False
1171,2015-10-21,2015,6.9,3.5,2.024,225,2.25,3.52,4.876,False
1172,2015-10-22,2015,6.86,3.5,2.027,224,2.24,3.5,4.833,False
1173,2015-10-23,2015,6.76,3.5,2.088,216,2.16,3.58,4.672,False
1174,2015-10-26,2015,6.78,3.5,2.057,216,2.16,3.56,4.723000000000001,False
1175,2015-10-27,2015,6.69,3.5,2.038,221,2.21,3.6,4.652000000000001,False
1176,2015-10-28,2015,6.806,3.5,2.102,217,2.17,3.5,4.704000000000001,False
1177,2015-10-29,2015,6.75,3.5,2.173,213,2.13,3.5,4.577,False
1178,2015-10-30,2015,6.7,3.5,2.143,220,2.2,3.5,4.557,False
1179,2015-11-02,2015,6.806,3.5,2.172,214,2.14,3.5,4.634,False
1180,2015-11-03,2015,6.71,3.5,2.211,206,2.06,3.5,4.4990000000000006,False
1181,2015-11-04,2015,6.79,3.5,2.226,208,2.08,3.5,4.564,False
1182,2015-11-05,2015,6.85,3.5,2.233,210,2.1,3.5,4.616999999999999,False
1183,2015-11-06,2015,6.85,3.5,2.326,209,2.09,3.5,4.523999999999999,False
1184,2015-11-09,2015,6.89,3.5,2.344,213,2.13,3.5,4.545999999999999,False
1185,2015-11-10,2015,6.83,3.5,2.343,218,2.18,3.5,4.487,False
1186,2015-11-11,2015,6.81,3.5,2.333,218,2.18,3.5,4.476999999999999,False
1187,2015-11-12,2015,6.75,3.5,2.312,222,2.22,3.5,4.438000000000001,False
1188,2015-11-13,2015,6.85,3.5,2.267,226,2.26,3.5,4.583,False
1189,2015-11-16,2015,6.85,3.5,2.268,224,2.24,3.5,4.582,False
1190,2015-11-17,2015,6.61,3.5,2.267,226,2.26,3.5,4.343,False
1191,2015-11-18,2015,6.62,3.5,2.274,224,2.24,3.5,4.346,False
1192,2015-11-19,2015,6.638,3.5,2.249,223,2.23,3.5,4.388999999999999,False
1193,2015-11-20,2015,6.638,3.5,2.263,221,2.21,3.5,4.375,False
1194,2015-11-23,2015,6.49,3.5,2.239,220,2.2,3.5,4.251,False
1195,2015-11-24,2015,6.48,3.5,2.239,221,2.21,3.5,4.2410000000000005,False
1196,2015-11-25,2015,6.518,3.5,2.235,223,2.23,3.5,4.2829999999999995,False
1197,2015-11-26,2015,6.536,3.5,2.235,223,2.23,3.5,4.301,False
1198,2015-11-27,2015,6.529,3.5,2.221,224,2.24,3.5,4.308,False
1199,2015-11-30,2015,6.5,3.5,2.207,224,2.24,3.5,4.293,False
1200,2015-12-01,2015,6.565,3.5,2.144,230,2.3,3.68,4.421,False
1201,2015-12-02,2015,6.55,3.5,2.181,228,2.28,3.85,4.369,False
1202,2015-12-03,2015,6.55,3.5,2.314,220,2.2,3.9,4.236,False
1203,2015-12-04,2015,6.55,3.5,2.27,221,2.21,3.84,4.279999999999999,False
1204,2015-12-07,2015,6.573,3.5,2.23,230,2.3,3.7,4.343,False
1205,2015-12-09,2015,6.568,3.5,2.217,233,2.33,3.6,4.350999999999999,False
1206,2015-12-10,2015,6.6,3.5,2.231,233,2.33,3.5,4.369,False
1207,2015-12-11,2015,6.52,3.75,2.128,250,2.5,3.71,4.3919999999999995,False
1208,2015-12-14,2015,6.675,3.75,2.223,242,2.42,3.75,4.452,False
1209,2015-12-15,2015,6.675,3.75,2.267,236,2.36,3.75,4.4079999999999995,False
1210,2015-12-16,2015,6.795,3.75,2.297,237,2.37,3.75,4.497999999999999,False
1211,2015-12-17,2015,6.79,3.75,2.224,238,2.38,3.75,4.566,False
1212,2015-12-18,2015,6.76,3.75,2.205,246,2.46,3.75,4.555,False
1213,2015-12-21,2015,6.793,3.75,2.193,246,2.46,3.75,4.6,False
1214,2015-12-22,2015,6.779,3.75,2.237,243,2.43,3.75,4.542,False
1215,2015-12-23,2015,6.79,3.75,2.254,240,2.4,3.75,4.536,False
1216,2015-12-24,2015,6.8,3.75,2.242,242,2.42,3.75,4.558,False
1217,2015-12-28,2015,6.796,3.75,2.231,244,2.44,3.85,4.565,False
1218,2015-12-29,2015,6.847,3.75,2.306,233,2.33,4.0,4.541,False
1219,2015-12-30,2015,6.95,3.75,2.295,237,2.37,4.0,4.655,False
1220,2015-12-31,2015,6.847,3.75,2.27,240,2.4,4.21,4.577,False
1221,2016-01-04,2016,7.01,3.75,2.244,244,2.44,4.1,4.766,False
1222,2016-01-05,2016,6.88,3.75,2.237,236,2.36,4.06,4.643,False
1223,2016-01-06,2016,6.9,3.75,2.171,243,2.43,3.76,4.729000000000001,False
1224,2016-01-07,2016,6.93,3.75,2.146,247,2.47,3.75,4.784,False
1225,2016-01-08,2016,7.0,3.75,2.116,254,2.54,3.75,4.884,False
1226,2016-01-11,2016,7.0,3.75,2.176,257,2.57,3.75,4.824,False
1227,2016-01-12,2016,7.054,3.75,2.104,265,2.65,3.75,4.95,False
1228,2016-01-13,2016,7.051,3.75,2.094,274,2.74,3.75,4.957000000000001,False
1229,2016-01-14,2016,7.01,3.75,2.088,268,2.68,3.75,4.922,False
1230,2016-01-15,2016,7.01,4.0,2.036,281,2.81,4.0,4.974,False
1231,2016-01-18,2016,7.05,4.0,2.036,281,2.81,4.0,5.013999999999999,False
1232,2016-01-19,2016,7.056,4.0,2.057,284,2.84,4.0,4.9990000000000006,False
1233,2016-01-20,2016,7.063,4.0,1.983,288,2.88,4.0,5.08,False
1234,2016-01-21,2016,7.062,4.0,2.032,283,2.83,4.0,5.03,False
1235,2016-01-22,2016,7.087,4.0,2.053,273,2.73,4.0,5.034,False
1236,2016-01-25,2016,7.1,4.0,2.002,276,2.76,4.0,5.098,False
1237,2016-01-26,2016,7.14,4.0,1.995,275,2.75,4.0,5.145,False
1238,2016-01-27,2016,7.17,4.0,2.0,270,2.7,4.0,5.17,False
1239,2016-01-28,2016,7.25,4.0,1.979,269,2.69,4.0,5.271,False
1240,2016-01-29,2016,6.58,4.0,1.922,273,2.73,4.0,4.658,False
1241,2016-02-01,2016,7.287,4.0,1.949,271,2.71,4.0,5.338,False
1242,2016-02-02,2016,7.2,4.0,1.846,285,2.85,4.0,5.354,False
1243,2016-02-03,2016,7.15,4.0,1.887,281,2.81,4.01,5.263,False
1244,2016-02-04,2016,7.07,4.0,1.84,281,2.81,4.0,5.23,False
1245,2016-02-05,2016,7.0,4.0,1.837,281,2.81,4.0,5.163,False
1246,2016-02-08,2016,7.05,4.0,1.749,298,2.98,4.0,5.301,False
1247,2016-02-09,2016,7.08,4.0,1.727,296,2.96,4.0,5.353,False
1248,2016-02-10,2016,7.11,4.0,1.669,299,2.99,4.0,5.441000000000001,False
1249,2016-02-11,2016,7.156,4.0,1.66,313,3.13,4.0,5.4959999999999996,False
1250,2016-02-12,2016,7.65,4.25,1.749,296,2.96,4.25,5.901,False
1251,2016-02-15,2016,7.48,4.25,1.749,296,2.96,4.25,5.731,False
1252,2016-02-16,2016,7.49,4.25,1.773,289,2.89,4.25,5.7170000000000005,False
1253,2016-02-17,2016,7.51,4.25,1.82,276,2.76,4.31,5.6899999999999995,False
1254,2016-02-18,2016,7.51,4.25,1.74,281,2.81,4.67,5.77,False
1255,2016-02-19,2016,7.49,4.25,1.746,277,2.77,5.2,5.744,False
1256,2016-02-22,2016,7.51,4.25,1.753,275,2.75,5.03,5.757,False
1257,2016-02-23,2016,7.48,4.25,1.723,276,2.76,5.23,5.757000000000001,False
1258,2016-02-24,2016,7.52,4.25,1.749,270,2.7,5.33,5.770999999999999,False
1259,2016-02-25,2016,7.55,4.25,1.717,268,2.68,5.11,5.833,False
1260,2016-02-26,2016,7.51,4.25,1.763,261,2.61,5.16,5.747,False
1261,2016-02-29,2016,7.46,4.25,1.736,260,2.6,5.09,5.724,False
1262,2016-03-01,2016,7.47,4.25,1.826,244,2.44,5.5,5.644,False
1263,2016-03-02,2016,7.41,4.25,1.841,240,2.4,5.5,5.569,False
1264,2016-03-03,2016,7.39,4.25,1.835,238,2.38,5.15,5.555,False
1265,2016-03-04,2016,7.31,4.25,1.875,234,2.34,4.26,5.435,False
1266,2016-03-07,2016,7.3,4.25,1.907,234,2.34,4.25,5.393,False
1267,2016-03-08,2016,7.27,4.25,1.83,238,2.38,4.26,5.4399999999999995,False
1268,2016-03-09,2016,7.2,4.25,1.877,227,2.27,4.26,5.323,False
1269,2016-03-10,2016,7.18,4.25,1.933,226,2.26,4.29,5.247,False
1270,2016-03-11,2016,7.1,4.25,1.985,218,2.18,4.25,5.114999999999999,False
1271,2016-03-14,2016,7.14,4.25,1.96,223,2.23,4.25,5.18,False
1272,2016-03-15,2016,7.14,4.25,1.971,226,2.26,4.29,5.169,False
1273,2016-03-16,2016,7.11,4.25,1.909,225,2.25,4.32,5.2010000000000005,False
1274,2016-03-17,2016,6.95,4.25,1.897,218,2.18,5.0,5.053,False
1275,2016-03-18,2016,6.94,4.25,1.874,215,2.15,5.27,5.066000000000001,False
1276,2016-03-21,2016,7.02,4.25,1.916,213,2.13,5.17,5.103999999999999,False
1277,2016-03-22,2016,7.062,4.25,1.941,213,2.13,5.41,5.121,False
1278,2016-03-23,2016,7.03,4.25,1.88,224,2.24,5.49,5.15,False
1279,2016-03-28,2016,7.087,4.25,1.887,228,2.28,5.5,5.199999999999999,False
1280,2016-03-29,2016,7.01,4.25,1.804,232,2.32,5.25,5.2059999999999995,False
1281,2016-03-30,2016,6.95,4.25,1.824,225,2.25,4.95,5.126,False
1282,2016-03-31,2016,6.85,4.25,1.77,226,2.26,4.25,5.08,False
1283,2016-04-01,2016,6.9,4.25,1.771,224,2.24,5.12,5.1290000000000004,False
1284,2016-04-04,2016,6.95,4.25,1.763,227,2.27,5.1,5.187,False
1285,2016-04-05,2016,7.05,4.25,1.721,237,2.37,4.9,5.329,False
1286,2016-04-06,2016,7.002,4.25,1.756,232,2.32,4.5,5.2459999999999996,False
1287,2016-04-07,2016,7.02,4.25,1.69,240,2.4,4.5,5.33,False
1288,2016-04-08,2016,6.94,4.25,1.718,237,2.37,4.25,5.222,False
1289,2016-04-11,2016,6.57,4.25,1.726,224,2.24,4.25,4.844,False
1290,2016-04-12,2016,6.6,4.25,1.777,214,2.14,4.25,4.8229999999999995,False
1291,2016-04-13,2016,6.6,4.25,1.765,210,2.1,4.25,4.835,False
1292,2016-04-14,2016,6.52,4.25,1.793,204,2.04,4.25,4.726999999999999,False
1293,2016-04-15,2016,6.53,4.25,1.753,207,2.07,4.25,4.777,False
1294,2016-04-18,2016,6.43,4.25,1.772,204,2.04,4.25,4.6579999999999995,False
1295,2016-04-19,2016,6.19,4.25,1.786,200,2.0,4.25,4.404,False
1296,2016-04-20,2016,6.21,4.25,1.846,191,1.91,4.25,4.364,False
1297,2016-04-21,2016,6.23,4.25,1.862,190,1.9,4.25,4.368,False
1298,2016-04-22,2016,6.36,4.25,1.889,194,1.94,4.52,4.471,False
1299,2016-04-25,2016,6.35,4.25,1.914,194,1.94,4.62,4.436,False
1300,2016-04-26,2016,6.32,4.25,1.928,193,1.93,4.91,4.392,False
1301,2016-04-27,2016,6.23,4.25,1.852,195,1.95,4.96,4.378,False
1302,2016-04-28,2016,6.22,4.25,1.825,196,1.96,4.62,4.395,False
1303,2016-04-29,2016,6.22,4.25,1.834,198,1.98,4.5,4.385999999999999,False
1304,2016-05-02,2016,6.22,4.25,1.873,196,1.96,4.8,4.3469999999999995,False
1305,2016-05-03,2016,6.29,4.25,1.797,202,2.02,4.8,4.493,False
1306,2016-05-04,2016,6.396,4.25,1.776,205,2.05,4.8,4.62,False
1307,2016-05-05,2016,6.396,4.25,1.746,206,2.06,4.8,4.65,False
1308,2016-05-06,2016,6.396,4.25,1.78,202,2.02,4.8,4.616,False
1309,2016-05-09,2016,6.27,4.25,1.752,204,2.04,4.4,4.518,False
1310,2016-05-10,2016,6.22,4.25,1.762,205,2.05,4.26,4.458,False
1311,2016-05-11,2016,6.19,4.25,1.738,205,2.05,4.26,4.452,False
1312,2016-05-12,2016,6.22,4.25,1.752,204,2.04,4.53,4.468,False
1313,2016-05-13,2016,6.19,4.25,1.701,210,2.1,4.65,4.489000000000001,False
1314,2016-05-16,2016,6.13,4.25,1.754,204,2.04,4.76,4.3759999999999994,False
1315,2016-05-17,2016,6.1,4.25,1.773,205,2.05,4.5,4.327,False
1316,2016-05-18,2016,6.1,4.25,1.855,201,2.01,4.25,4.244999999999999,False
1317,2016-05-19,2016,6.124,4.25,1.85,218,2.18,4.25,4.273999999999999,False
1318,2016-05-20,2016,6.31,4.25,1.839,215,2.15,4.25,4.471,False
1319,2016-05-23,2016,6.3,4.25,1.836,219,2.19,4.25,4.4639999999999995,False
1320,2016-05-24,2016,6.29,4.25,1.864,216,2.16,4.25,4.426,False
1321,2016-05-25,2016,6.32,4.25,1.867,213,2.13,4.26,4.453,False
1322,2016-05-26,2016,6.36,4.25,1.829,214,2.14,4.25,4.531000000000001,False
1323,2016-05-27,2016,6.368,4.25,1.852,209,2.09,4.25,4.516,False
1324,2016-05-30,2016,6.368,4.25,1.852,209,2.09,4.25,4.516,False
1325,2016-05-31,2016,6.29,4.25,1.847,213,2.13,4.46,4.443,False
1326,2016-06-01,2016,6.33,4.25,1.836,211,2.11,4.8,4.494,False
1327,2016-06-02,2016,6.19,4.25,1.8,211,2.11,4.88,4.390000000000001,False
1328,2016-06-03,2016,6.08,4.25,1.701,212,2.12,4.83,4.379,False
1329,2016-06-06,2016,6.09,4.25,1.738,205,2.05,4.8,4.352,False
1330,2016-06-07,2016,6.04,4.25,1.719,203,2.03,4.3,4.321,False
1331,2016-06-08,2016,6.01,4.25,1.703,204,2.04,4.25,4.3069999999999995,False
1332,2016-06-09,2016,6.07,4.25,1.688,207,2.07,4.25,4.382000000000001,False
1333,2016-06-10,2016,6.1,4.25,1.641,213,2.13,4.25,4.459,False
1334,2016-06-13,2016,6.08,4.25,1.61,216,2.16,4.25,4.47,False
1335,2016-06-14,2016,6.12,4.25,1.614,220,2.2,4.25,4.506,False
1336,2016-06-15,2016,6.11,4.25,1.573,216,2.16,4.25,4.537000000000001,False
1337,2016-06-16,2016,6.16,4.25,1.58,218,2.18,4.25,4.58,False
1338,2016-06-17,2016,6.09,4.25,1.609,212,2.12,4.25,4.481,False
1339,2016-06-20,2016,6.08,4.25,1.689,205,2.05,4.25,4.391,False
1340,2016-06-21,2016,6.09,4.25,1.707,202,2.02,4.25,4.383,False
1341,2016-06-22,2016,6.09,4.25,1.686,203,2.03,4.25,4.404,False
1342,2016-06-23,2016,6.04,4.25,1.747,198,1.98,4.25,4.293,False
1343,2016-06-24,2016,6.11,4.25,1.561,214,2.14,4.25,4.549,False
1344,2016-06-27,2016,6.04,4.25,1.439,225,2.25,4.25,4.601,False
1345,2016-06-28,2016,6.0,4.25,1.467,218,2.18,4.25,4.5329999999999995,False
1346,2016-06-30,2016,5.83,4.25,1.471,200,2.0,4.25,4.359,False
1347,2016-07-01,2016,5.7,4.25,1.445,193,1.93,4.64,4.255,False
1348,2016-07-04,2016,6.106,4.25,1.445,193,1.93,4.7,4.661,False
1349,2016-07-05,2016,5.75,4.25,1.376,199,1.99,4.61,4.3740000000000006,False
1350,2016-07-06,2016,5.77,4.25,1.369,196,1.96,4.41,4.401,False
1351,2016-07-07,2016,5.79,4.25,1.386,195,1.95,4.25,4.404,False
1352,2016-07-08,2016,5.74,4.25,1.359,191,1.91,4.25,4.381,False
1353,2016-07-11,2016,5.74,4.25,1.431,184,1.84,4.25,4.309,False
1354,2016-07-12,2016,5.759,4.25,1.511,177,1.77,4.25,4.248,False
1355,2016-07-13,2016,5.772,4.25,1.475,181,1.81,4.25,4.297000000000001,False
1356,2016-07-14,2016,5.73,4.25,1.536,177,1.77,4.25,4.194000000000001,False
1357,2016-07-15,2016,5.7,4.25,1.552,172,1.72,4.25,4.148,False
1358,2016-07-18,2016,5.753,4.25,1.583,171,1.71,4.25,4.17,False
1359,2016-07-19,2016,5.7,4.25,1.553,176,1.76,4.25,4.147,False
1360,2016-07-20,2016,5.743,4.25,1.581,173,1.73,4.25,4.162000000000001,False
1361,2016-07-21,2016,5.69,4.25,1.557,176,1.76,4.25,4.133000000000001,False
1362,2016-07-22,2016,5.71,4.25,1.567,178,1.78,4.25,4.143,False
1363,2016-07-25,2016,5.73,4.25,1.574,180,1.8,4.25,4.156000000000001,False
1364,2016-07-26,2016,5.74,4.25,1.562,185,1.85,4.25,4.178,False
1365,2016-07-27,2016,5.76,4.25,1.498,188,1.88,4.26,4.262,False
1366,2016-08-01,2016,5.68,4.25,1.522,191,1.91,4.26,4.1579999999999995,False
1367,2016-08-02,2016,5.66,4.25,1.557,187,1.87,4.26,4.103,False
1368,2016-08-03,2016,5.752,4.25,1.543,184,1.84,4.25,4.209,False
1369,2016-08-04,2016,5.6,4.25,1.502,185,1.85,4.25,4.098,False
1370,2016-08-05,2016,5.6,4.25,1.589,174,1.74,4.25,4.010999999999999,False
1371,2016-08-08,2016,5.62,4.25,1.593,175,1.75,4.25,4.027,False
1372,2016-08-09,2016,5.65,4.25,1.548,178,1.78,4.25,4.102,False
1373,2016-08-10,2016,5.64,4.25,1.508,178,1.78,4.25,4.132,False
1374,2016-08-11,2016,5.65,4.25,1.56,170,1.7,4.07,4.09,False
1375,2016-08-12,2016,5.64,4.25,1.514,173,1.73,4.02,4.1259999999999994,False
1376,2016-08-15,2016,5.6,4.25,1.558,167,1.67,3.9,4.042,False
1377,2016-08-16,2016,5.57,4.25,1.575,163,1.63,3.98,3.995,False
1378,2016-08-17,2016,5.6,4.25,1.55,163,1.63,4.11,4.05,False
1379,2016-08-18,2016,5.6,4.25,1.536,163,1.63,4.2,4.064,False
1380,2016-08-19,2016,5.58,4.25,1.579,160,1.6,4.1,4.001,False
1381,2016-08-22,2016,5.6,4.25,1.543,164,1.64,4.1,4.0569999999999995,False
1382,2016-08-23,2016,5.61,4.25,1.547,163,1.63,4.1,4.063000000000001,False
1383,2016-08-24,2016,5.58,4.25,1.562,161,1.61,4.26,4.018,False
1384,2016-08-25,2016,5.63,4.25,1.574,161,1.61,4.25,4.056,False
1385,2016-08-26,2016,5.64,4.25,1.63,156,1.56,4.25,4.01,False
1386,2016-08-29,2016,5.67,4.25,1.56,161,1.61,4.25,4.109999999999999,False
1387,2016-08-31,2016,5.79,4.25,1.581,162,1.62,4.25,4.209,False
1388,2016-09-01,2016,5.85,4.25,1.569,165,1.65,4.25,4.281,False
1389,2016-09-02,2016,5.85,4.25,1.603,160,1.6,4.25,4.247,False
1390,2016-09-05,2016,5.85,4.25,1.603,160,1.6,4.25,4.247,False
1391,2016-09-06,2016,5.8,4.25,1.535,164,1.64,4.25,4.265,False
1392,2016-09-07,2016,5.67,4.25,1.54,158,1.58,4.25,4.13,False
1393,2016-09-08,2016,5.64,4.25,1.6,151,1.51,4.24,4.039999999999999,False
1394,2016-09-09,2016,5.75,4.25,1.676,159,1.59,4.25,4.074,False
1395,2016-09-12,2016,5.8,4.25,1.664,160,1.6,4.25,4.136,False
1396,2016-09-13,2016,5.82,4.25,1.728,156,1.56,4.25,4.0920000000000005,False
1397,2016-09-14,2016,5.85,4.25,1.698,164,1.64,4.25,4.151999999999999,False
1398,2016-09-15,2016,5.84,4.25,1.692,169,1.69,4.25,4.148,False
1399,2016-09-16,2016,5.84,4.25,1.693,175,1.75,4.25,4.147,False
1400,2016-09-19,2016,5.87,4.25,1.713,173,1.73,4.25,4.157,False
1401,2016-09-20,2016,5.86,4.25,1.69,169,1.69,4.25,4.17,False
1402,2016-09-21,2016,5.79,4.25,1.652,160,1.6,4.25,4.138,False
1403,2016-09-22,2016,5.77,4.25,1.619,154,1.54,4.25,4.151,False
1404,2016-09-23,2016,5.819,4.25,1.619,157,1.57,4.25,4.2,False
1405,2016-09-26,2016,5.819,4.25,1.585,166,1.66,4.26,4.234,False
1406,2016-09-27,2016,5.79,4.25,1.557,168,1.68,4.25,4.2330000000000005,False
1407,2016-09-28,2016,5.77,4.25,1.573,159,1.59,4.25,4.196999999999999,False
1408,2016-09-29,2016,5.69,4.25,1.561,158,1.58,4.25,4.1290000000000004,False
1409,2016-09-30,2016,5.72,4.25,1.595,154,1.54,4.25,4.125,False
1410,2016-10-03,2016,5.71,4.25,1.623,152,1.52,4.25,4.087,False
1411,2016-10-04,2016,5.7,4.25,1.687,148,1.48,4.25,4.013,False
1412,2016-10-05,2016,5.68,4.25,1.703,146,1.46,4.25,3.9769999999999994,False
1413,2016-10-06,2016,5.73,4.25,1.738,146,1.46,4.25,3.9920000000000004,False
1414,2016-10-07,2016,5.74,4.25,1.719,145,1.45,4.26,4.021,False
1415,2016-10-10,2016,5.73,4.25,1.719,145,1.45,4.25,4.011,False
1416,2016-10-11,2016,5.7,4.25,1.765,146,1.46,4.25,3.9350000000000005,False
1417,2016-10-12,2016,5.71,4.25,1.77,143,1.43,4.25,3.94,False
1418,2016-10-13,2016,5.71,4.25,1.742,145,1.45,4.25,3.968,False
1419,2016-10-14,2016,5.68,4.25,1.799,144,1.44,4.25,3.881,False
1420,2016-10-17,2016,5.726,4.25,1.767,146,1.46,4.25,3.959,False
1421,2016-10-18,2016,5.75,4.25,1.739,147,1.47,4.25,4.011,False
1422,2016-10-19,2016,5.74,4.25,1.744,145,1.45,4.25,3.9960000000000004,False
1423,2016-10-20,2016,5.7,4.25,1.757,144,1.44,4.25,3.9430000000000005,False
1424,2016-10-21,2016,5.7,4.25,1.736,146,1.46,4.3,3.9640000000000004,False
1425,2016-10-24,2016,5.89,4.25,1.766,144,1.44,4.26,4.124,False
1426,2016-10-25,2016,5.89,4.25,1.757,148,1.48,4.25,4.133,False
1427,2016-10-26,2016,5.9,4.25,1.794,147,1.47,4.25,4.106,False
1428,2016-10-27,2016,5.94,4.25,1.855,147,1.47,4.25,4.085000000000001,False
1429,2016-10-28,2016,5.942,4.25,1.848,148,1.48,4.25,4.094,False
1430,2016-10-31,2016,5.92,4.25,1.826,155,1.55,4.25,4.093999999999999,False
1431,2016-11-02,2016,5.9,4.25,1.803,165,1.65,4.25,4.097,False
1432,2016-11-03,2016,5.89,4.25,1.812,161,1.61,4.25,4.077999999999999,False
1433,2016-11-04,2016,5.88,4.25,1.777,165,1.65,4.35,4.103,False
1434,2016-11-07,2016,5.88,4.25,1.827,157,1.57,4.35,4.053,False
1435,2016-11-08,2016,5.87,4.25,1.856,153,1.53,4.35,4.014,False
1436,2016-11-09,2016,5.91,4.25,2.058,151,1.51,4.25,3.8520000000000003,False
1437,2016-11-10,2016,6.29,4.25,2.151,163,1.63,4.26,4.139,False
1438,2016-11-11,2016,6.37,4.25,2.151,163,1.63,4.25,4.219,False
1439,2016-11-14,2016,6.65,4.25,2.262,182,1.82,4.25,4.388,False
1440,2016-11-15,2016,6.67,4.25,2.22,162,1.62,4.25,4.449999999999999,False
1441,2016-11-16,2016,6.64,4.25,2.223,171,1.71,2.25,4.417,False
1442,2016-11-21,2016,6.49,4.25,2.316,171,1.71,4.26,4.174,False
1443,2016-11-22,2016,6.43,4.25,2.313,173,1.73,4.25,4.116999999999999,False
1444,2016-11-23,2016,6.47,4.25,2.351,176,1.76,4.26,4.119,False
1445,2016-11-24,2016,6.54,4.25,2.351,176,1.76,4.35,4.189,False
1446,2016-11-25,2016,6.46,4.25,2.358,176,1.76,4.35,4.102,False
1447,2016-11-28,2016,6.43,4.25,2.313,177,1.77,4.35,4.116999999999999,False
1448,2016-11-29,2016,6.43,4.25,2.292,178,1.78,4.35,4.138,False
1449,2016-11-30,2016,6.44,4.25,2.382,173,1.73,4.35,4.058,False
1450,2016-12-01,2016,6.48,4.25,2.449,172,1.72,4.54,4.031000000000001,False
1451,2016-12-02,2016,6.46,4.25,2.384,174,1.74,4.58,4.0760000000000005,False
1452,2016-12-05,2016,6.43,4.25,2.395,173,1.73,4.59,4.035,False
1453,2016-12-06,2016,6.41,4.25,2.39,169,1.69,4.25,4.02,False
1454,2016-12-07,2016,6.39,4.25,2.341,166,1.66,4.25,4.0489999999999995,False
1455,2016-12-09,2016,6.39,4.25,2.468,159,1.59,4.25,3.9219999999999997,False
1456,2016-12-12,2016,6.38,4.25,2.472,164,1.64,4.25,3.908,False
1457,2016-12-13,2016,6.39,4.25,2.472,164,1.64,4.25,3.9179999999999997,False
1458,2016-12-14,2016,6.38,4.25,2.572,161,1.61,4.25,3.808,False
1459,2016-12-15,2016,6.5,4.25,2.598,161,1.61,4.25,3.902,False
1460,2016-12-16,2016,6.5,4.25,2.593,159,1.59,4.25,3.907,False
1461,2016-12-19,2016,6.45,4.25,2.539,164,1.64,4.26,3.911,False
1462,2016-12-20,2016,6.474,4.25,2.56,161,1.61,4.25,3.914,False
1463,2016-12-21,2016,6.45,4.25,2.536,162,1.62,4.25,3.914,False
1464,2016-12-22,2016,6.46,4.25,2.552,163,1.63,4.37,3.908,False
1465,2016-12-23,2016,6.46,4.25,2.538,163,1.63,4.62,3.922,False
1466,2016-12-26,2016,6.43,4.25,2.538,163,1.63,4.8,3.892,False
1467,2016-12-27,2016,6.45,4.25,2.561,160,1.6,4.84,3.8890000000000002,False
1468,2016-12-28,2016,6.48,4.25,2.509,165,1.65,4.25,3.9710000000000005,False
1469,2016-12-29,2016,6.49,4.25,2.476,168,1.68,4.25,4.014,False
1470,2016-12-30,2016,6.53,4.25,2.445,170,1.7,4.25,4.085000000000001,False
1471,2017-01-02,2017,6.6,4.25,2.445,170,1.7,4.25,4.154999999999999,False
1472,2017-01-03,2017,6.53,4.25,2.445,171,1.71,4.25,4.085000000000001,False
1473,2017-01-04,2017,6.57,4.25,2.44,167,1.67,4.25,4.130000000000001,False
1474,2017-01-05,2017,6.5,4.25,2.345,164,1.64,4.25,4.154999999999999,False
1475,2017-01-06,2017,6.47,4.25,2.42,160,1.6,4.26,4.05,False
1476,2017-01-09,2017,6.44,4.25,2.366,163,1.63,4.25,4.074,False
1477,2017-01-10,2017,6.43,4.25,2.377,162,1.62,4.25,4.053,False
1478,2017-01-11,2017,6.41,4.25,2.373,161,1.61,4.25,4.037,False
1479,2017-01-12,2017,6.3,4.25,2.364,156,1.56,4.25,3.936,False
1480,2017-01-13,2017,6.3,4.25,2.397,151,1.51,4.25,3.903,False
1481,2017-01-16,2017,6.34,4.25,2.397,151,1.51,4.25,3.943,False
1482,2017-01-17,2017,6.27,4.25,2.326,152,1.52,4.25,3.9439999999999995,False
1483,2017-01-18,2017,6.34,4.25,2.43,148,1.48,4.25,3.9099999999999997,False
1484,2017-01-19,2017,6.33,4.25,2.475,151,1.51,4.25,3.855,False
1485,2017-01-20,2017,6.3,4.25,2.468,152,1.52,4.25,3.832,False
1486,2017-01-23,2017,6.23,4.25,2.398,157,1.57,4.25,3.8320000000000003,False
1487,2017-01-24,2017,6.24,4.25,2.466,154,1.54,4.25,3.774,False
1488,2017-01-25,2017,6.261,4.25,2.513,151,1.51,4.25,3.748,False
1489,2017-01-26,2017,6.24,4.25,2.505,156,1.56,4.25,3.7350000000000003,False
1490,2017-01-27,2017,6.24,4.25,2.485,155,1.55,4.25,3.7550000000000003,False
1491,2017-01-30,2017,6.2,4.25,2.489,156,1.56,4.25,3.7110000000000003,False
1492,2017-01-31,2017,6.18,4.25,2.454,159,1.59,4.25,3.7259999999999995,False
1493,2017-02-01,2017,6.18,4.25,2.471,154,1.54,4.25,3.7089999999999996,False
1494,2017-02-02,2017,6.22,4.25,2.475,152,1.52,4.25,3.7449999999999997,False
1495,2017-02-03,2017,6.25,4.25,2.466,148,1.48,4.25,3.784,False
1496,2017-02-06,2017,6.26,4.25,2.409,152,1.52,4.25,3.851,False
1497,2017-02-07,2017,6.29,4.25,2.394,155,1.55,4.25,3.896,False
1498,2017-02-08,2017,6.28,4.25,2.337,157,1.57,4.25,3.943,False
1499,2017-02-09,2017,6.27,4.25,2.396,149,1.49,4.25,3.8739999999999997,False
1500,2017-02-10,2017,6.25,4.25,2.408,148,1.48,4.25,3.842,False
1501,2017-02-13,2017,6.29,4.25,2.437,146,1.46,4.25,3.853,False
1502,2017-02-14,2017,6.27,4.25,2.471,147,1.47,4.18,3.7989999999999995,False
1503,2017-02-15,2017,6.26,4.25,2.494,148,1.48,4.22,3.7659999999999996,False
1504,2017-02-16,2017,6.27,4.25,2.448,154,1.54,4.25,3.8219999999999996,False
1505,2017-02-17,2017,6.28,4.25,2.416,155,1.55,4.25,3.8640000000000003,False
1506,2017-02-20,2017,6.3,4.25,2.416,155,1.55,4.25,3.884,False
1507,2017-02-21,2017,6.29,4.25,2.43,154,1.54,4.25,3.86,False
1508,2017-02-22,2017,6.26,4.25,2.414,154,1.54,4.25,3.8459999999999996,False
1509,2017-02-23,2017,6.25,4.25,2.373,155,1.55,4.25,3.877,False
1510,2017-02-24,2017,6.23,4.25,2.313,158,1.58,4.25,3.9170000000000003,False
1511,2017-02-27,2017,6.247,4.25,2.366,152,1.52,4.25,3.881,False
1512,2017-02-28,2017,6.26,4.25,2.391,152,1.52,4.25,3.8689999999999998,False
1513,2017-03-01,2017,6.27,4.25,2.454,144,1.44,4.25,3.8159999999999994,False
1514,2017-03-02,2017,6.26,4.25,2.479,143,1.43,4.25,3.7809999999999997,False
1515,2017-03-03,2017,6.25,4.25,2.479,143,1.43,4.25,3.771,False
1516,2017-03-06,2017,6.23,4.25,2.501,141,1.41,4.25,3.7290000000000005,False
1517,2017-03-07,2017,6.24,4.25,2.519,139,1.39,4.25,3.721,False
1518,2017-03-08,2017,6.25,4.25,2.561,141,1.41,4.25,3.689,False
1519,2017-03-09,2017,6.27,4.25,2.606,143,1.43,4.25,3.6639999999999997,False
1520,2017-03-10,2017,6.26,4.25,2.575,141,1.41,4.25,3.6849999999999996,False
1521,2017-03-13,2017,6.24,4.25,2.627,141,1.41,4.19,3.6130000000000004,False
1522,2017-03-14,2017,6.23,4.25,2.601,143,1.43,4.22,3.6290000000000004,False
1523,2017-03-15,2017,6.19,4.25,2.494,140,1.4,4.25,3.696,False
1524,2017-03-16,2017,6.09,4.25,2.541,135,1.35,4.25,3.549,False
1525,2017-03-17,2017,6.08,4.25,2.501,136,1.36,4.25,3.579,False
1526,2017-03-20,2017,6.07,4.25,2.462,138,1.38,4.25,3.608,False
1527,2017-03-21,2017,6.0,4.25,2.418,141,1.41,4.25,3.582,False
1528,2017-03-22,2017,6.0,4.25,2.406,144,1.44,4.25,3.594,False
1529,2017-03-23,2017,6.0,4.25,2.42,142,1.42,4.25,3.58,False
1530,2017-03-24,2017,5.96,4.25,2.413,141,1.41,4.25,3.547,False
1531,2017-03-27,2017,5.9,4.25,2.379,142,1.42,4.25,3.5210000000000004,False
1532,2017-03-28,2017,5.85,4.25,2.419,139,1.39,4.23,3.4309999999999996,False
1533,2017-03-29,2017,5.86,4.25,2.377,142,1.42,4.25,3.4830000000000005,False
1534,2017-03-30,2017,5.87,4.25,2.421,140,1.4,4.25,3.4490000000000003,False
1535,2017-03-31,2017,5.87,4.25,2.388,146,1.46,4.25,3.482,False
1536,2017-04-03,2017,5.87,4.25,2.32,149,1.49,4.25,3.5500000000000003,False
1537,2017-04-04,2017,5.92,4.25,2.361,146,1.46,4.25,3.5589999999999997,False
1538,2017-04-05,2017,5.91,4.25,2.336,147,1.47,4.25,3.5740000000000003,False
1539,2017-04-06,2017,5.9,4.25,2.342,148,1.48,4.25,3.5580000000000003,False
1540,2017-04-07,2017,5.78,4.25,2.383,146,1.46,4.25,3.3970000000000002,False
1541,2017-04-10,2017,5.89,4.25,2.367,146,1.46,4.32,3.5229999999999997,False
1542,2017-04-11,2017,5.91,4.25,2.297,152,1.52,4.3,3.613,False
1543,2017-04-12,2017,5.92,4.25,2.24,150,1.5,4.35,3.6799999999999997,False
1544,2017-04-17,2017,5.88,4.25,2.251,153,1.53,4.25,3.629,False
1545,2017-04-18,2017,5.86,4.25,2.169,159,1.59,4.25,3.6910000000000003,False
1546,2017-04-19,2017,5.87,4.25,2.215,155,1.55,4.25,3.6550000000000002,False
1547,2017-04-20,2017,5.88,4.25,2.233,154,1.54,4.25,3.647,False
1548,2017-04-21,2017,5.87,4.25,2.249,153,1.53,4.25,3.621,False
1549,2017-04-24,2017,5.87,4.25,2.274,146,1.46,4.25,3.596,False
1550,2017-04-25,2017,5.86,4.25,2.333,143,1.43,4.25,3.527,False
1551,2017-04-26,2017,5.88,4.25,2.304,144,1.44,4.25,3.576,False
1552,2017-04-27,2017,5.84,4.25,2.295,145,1.45,4.25,3.545,False
1553,2017-04-28,2017,5.76,4.25,2.281,144,1.44,4.25,3.4789999999999996,False
1554,2017-05-02,2017,5.68,4.25,2.281,143,1.43,4.25,3.3989999999999996,False
1555,2017-05-03,2017,5.68,4.25,2.319,140,1.4,4.26,3.3609999999999998,False
1556,2017-05-04,2017,5.7,4.25,2.355,140,1.4,4.25,3.345,False
1557,2017-05-05,2017,5.71,4.25,2.35,141,1.41,4.25,3.36,False
1558,2017-05-08,2017,5.79,4.25,2.388,138,1.38,4.25,3.402,False
1559,2017-05-09,2017,5.78,4.25,2.399,138,1.38,4.25,3.3810000000000002,False
1560,2017-05-10,2017,5.74,4.25,2.415,136,1.36,4.25,3.325,False
1561,2017-05-11,2017,5.73,4.25,2.388,135,1.35,4.25,3.3420000000000005,False
1562,2017-05-12,2017,5.72,4.0,2.327,139,1.39,4.0,3.393,False
1563,2017-05-15,2017,5.72,4.0,2.344,139,1.39,4.0,3.376,False
1564,2017-05-16,2017,5.69,4.0,2.327,139,1.39,4.0,3.3630000000000004,False
1565,2017-05-17,2017,5.7,4.0,2.225,147,1.47,4.0,3.475,False
1566,2017-05-18,2017,5.71,4.0,2.23,148,1.48,4.0,3.48,False
1567,2017-05-19,2017,5.7,4.0,2.235,147,1.47,4.0,3.4650000000000003,False
1568,2017-05-22,2017,5.72,4.0,2.255,147,1.47,4.0,3.465,False
1569,2017-05-23,2017,5.74,4.0,2.281,141,1.41,4.0,3.459,False
1570,2017-05-24,2017,5.74,4.0,2.251,137,1.37,4.0,3.4890000000000003,False
1571,2017-05-25,2017,5.72,4.0,2.256,141,1.41,4.0,3.464,False
1572,2017-05-26,2017,5.71,4.0,2.247,140,1.4,4.0,3.463,False
1573,2017-05-29,2017,5.74,4.0,2.247,140,1.4,4.0,3.4930000000000003,False
1574,2017-05-30,2017,5.71,4.0,2.211,144,1.44,4.0,3.499,False
1575,2017-05-31,2017,5.66,4.0,2.204,145,1.45,4.0,3.456,False
1576,2017-06-01,2017,5.63,4.0,2.212,144,1.44,4.0,3.4179999999999997,False
1577,2017-06-02,2017,5.6,4.0,2.16,144,1.44,4.0,3.4399999999999995,False
1578,2017-06-05,2017,5.62,4.0,2.183,139,1.39,4.0,3.4370000000000003,False
1579,2017-06-06,2017,5.621,4.0,2.146,139,1.39,4.01,3.4750000000000005,False
1580,2017-06-07,2017,5.63,4.0,2.174,136,1.36,4.0,3.456,False
1581,2017-06-08,2017,5.61,4.0,2.189,137,1.37,4.0,3.4210000000000003,False
1582,2017-06-09,2017,5.62,4.0,2.201,137,1.37,4.0,3.419,False
1583,2017-06-12,2017,5.63,4.0,2.215,137,1.37,4.01,3.415,False
1584,2017-06-13,2017,5.64,4.0,2.212,136,1.36,4.0,3.4279999999999995,False
1585,2017-06-14,2017,5.58,4.0,2.126,142,1.42,3.82,3.454,False
1586,2017-06-15,2017,5.56,4.0,2.165,143,1.43,3.81,3.3949999999999996,False
1587,2017-06-16,2017,5.54,4.0,2.152,145,1.45,4.0,3.388,False
1588,2017-06-19,2017,5.53,4.0,2.19,142,1.42,4.01,3.3400000000000003,False
1589,2017-06-20,2017,5.53,4.0,2.157,148,1.48,4.02,3.373,False
1590,2017-06-21,2017,5.55,4.0,2.164,150,1.5,4.0,3.3859999999999997,False
1591,2017-06-22,2017,5.54,4.0,2.149,151,1.51,4.01,3.391,False
1592,2017-06-23,2017,5.54,4.0,2.143,151,1.51,4.02,3.3970000000000002,False
1593,2017-06-26,2017,5.54,4.0,2.138,150,1.5,4.02,3.402,False
1594,2017-06-27,2017,5.54,4.0,2.206,146,1.46,4.02,3.334,False
1595,2017-06-28,2017,5.53,4.0,2.229,146,1.46,4.0,3.301,False
1596,2017-07-03,2017,5.61,4.0,2.351,142,1.42,4.0,3.2590000000000003,False
1597,2017-07-04,2017,5.62,4.0,2.351,142,1.42,4.0,3.269,False
1598,2017-07-05,2017,5.69,4.0,2.324,143,1.43,4.0,3.3660000000000005,False
1599,2017-07-06,2017,5.73,4.0,2.367,145,1.45,4.0,3.3630000000000004,False
1600,2017-07-07,2017,5.84,4.0,2.386,144,1.44,4.0,3.4539999999999997,False
1601,2017-07-10,2017,5.86,4.0,2.374,143,1.43,4.0,3.486,False
1602,2017-07-11,2017,5.8,4.0,2.361,143,1.43,4.0,3.4389999999999996,False
1603,2017-07-12,2017,5.69,4.0,2.319,144,1.44,4.0,3.3710000000000004,False
1604,2017-07-13,2017,5.67,4.0,2.345,141,1.41,4.0,3.3249999999999997,False
1605,2017-07-14,2017,5.66,3.75,2.333,142,1.42,3.75,3.327,False
1606,2017-07-17,2017,5.64,3.75,2.315,142,1.42,3.75,3.3249999999999997,False
1607,2017-07-18,2017,5.65,3.75,2.26,142,1.42,3.75,3.3900000000000006,False
1608,2017-07-19,2017,5.65,3.75,2.27,141,1.41,3.75,3.3800000000000003,False
1609,2017-07-20,2017,5.6,3.75,2.26,141,1.41,3.75,3.34,False
1610,2017-07-21,2017,5.58,3.75,2.238,142,1.42,3.75,3.342,False
1611,2017-07-24,2017,5.58,3.75,2.256,141,1.41,3.75,3.3240000000000003,False
1612,2017-07-25,2017,5.58,3.75,2.336,139,1.39,3.8,3.244,False
1613,2017-07-26,2017,5.56,3.75,2.288,138,1.38,3.79,3.272,False
1614,2017-07-31,2017,5.52,3.75,2.295,152,1.52,3.75,3.2249999999999996,False
1615,2017-08-01,2017,5.52,3.75,2.254,152,1.52,3.75,3.2659999999999996,False
1616,2017-08-02,2017,5.48,3.75,2.272,152,1.52,3.75,3.2080000000000006,False
1617,2017-08-03,2017,5.46,3.75,2.222,153,1.53,3.75,3.238,False
1618,2017-08-04,2017,5.46,3.75,2.263,150,1.5,3.75,3.197,False
1619,2017-08-07,2017,5.46,3.75,2.254,151,1.51,3.75,3.206,False
1620,2017-08-08,2017,5.45,3.75,2.263,149,1.49,3.75,3.1870000000000003,False
1621,2017-08-09,2017,5.529,3.75,2.249,154,1.54,3.75,3.28,False
1622,2017-08-10,2017,5.47,3.75,2.198,160,1.6,3.7,3.272,False
1623,2017-08-11,2017,5.47,3.75,2.19,161,1.61,3.72,3.28,False
1624,2017-08-14,2017,5.45,3.75,2.219,156,1.56,3.75,3.2310000000000003,False
1625,2017-08-15,2017,5.48,3.75,2.274,153,1.53,3.75,3.2060000000000004,False
1626,2017-08-16,2017,5.49,3.75,2.223,156,1.56,3.75,3.2670000000000003,False
1627,2017-08-17,2017,5.48,3.75,2.186,160,1.6,3.75,3.2940000000000005,False
1628,2017-08-18,2017,5.47,3.75,2.195,160,1.6,3.75,3.275,False
1629,2017-08-21,2017,5.508,3.75,2.183,161,1.61,3.75,3.325,False
1630,2017-08-22,2017,5.46,3.75,2.214,158,1.58,3.75,3.246,False
1631,2017-08-23,2017,5.46,3.75,2.167,161,1.61,3.75,3.293,False
1632,2017-08-24,2017,5.45,3.75,2.195,156,1.56,3.75,3.2550000000000003,False
1633,2017-08-25,2017,5.43,3.75,2.167,155,1.55,3.75,3.263,False
1634,2017-08-28,2017,5.41,3.75,2.159,155,1.55,3.74,3.2510000000000003,False
1635,2017-08-29,2017,5.4,3.75,2.13,155,1.55,3.46,3.2700000000000005,False
1636,2017-08-31,2017,5.42,3.75,2.118,153,1.53,3.69,3.302,False
1637,2017-09-01,2017,5.45,3.75,2.167,149,1.49,3.75,3.2830000000000004,False
1638,2017-09-04,2017,5.49,3.75,2.167,149,1.49,3.76,3.3230000000000004,False
1639,2017-09-05,2017,5.45,3.75,2.06,153,1.53,3.76,3.39,False
1640,2017-09-06,2017,5.45,3.75,2.105,151,1.51,3.75,3.345,False
1641,2017-09-07,2017,5.47,3.75,2.04,150,1.5,3.75,3.4299999999999997,False
1642,2017-09-08,2017,5.45,3.75,2.052,150,1.5,3.46,3.398,False
1643,2017-09-11,2017,5.38,3.75,2.131,144,1.44,3.7,3.249,False
1644,2017-09-12,2017,5.38,3.75,2.168,143,1.43,3.75,3.2119999999999997,False
1645,2017-09-13,2017,5.37,3.75,2.189,139,1.39,3.7,3.181,False
1646,2017-09-15,2017,5.38,3.5,2.203,141,1.41,3.6,3.177,False
1647,2017-09-18,2017,5.29,3.5,2.23,139,1.39,3.5,3.06,False
1648,2017-09-19,2017,5.27,3.5,2.245,139,1.39,3.5,3.0249999999999995,False
1649,2017-09-20,2017,5.26,3.5,2.268,139,1.39,3.5,2.992,False
1650,2017-09-21,2017,5.18,3.5,2.277,144,1.44,3.5,2.9029999999999996,False
1651,2017-09-22,2017,5.19,3.5,2.251,143,1.43,3.51,2.9390000000000005,False
1652,2017-09-25,2017,5.21,3.5,2.221,146,1.46,3.5,2.989,False
1653,2017-09-26,2017,5.24,3.5,2.237,145,1.45,3.5,3.003,False
1654,2017-09-27,2017,5.29,3.5,2.311,143,1.43,3.5,2.979,False
1655,2017-09-28,2017,5.3,3.5,2.309,142,1.42,3.5,2.9909999999999997,False
1656,2017-09-29,2017,5.29,3.5,2.334,140,1.4,3.5,2.956,False
1657,2017-10-02,2017,5.3,3.5,2.342,140,1.4,3.5,2.9579999999999997,False
1658,2017-10-03,2017,5.28,3.5,2.324,140,1.4,3.5,2.9560000000000004,False
1659,2017-10-04,2017,5.27,3.5,2.324,140,1.4,3.51,2.9459999999999997,False
1660,2017-10-05,2017,5.26,3.5,2.349,140,1.4,3.51,2.9109999999999996,False
1661,2017-10-06,2017,5.29,3.5,2.36,140,1.4,3.5,2.93,False
1662,2017-10-09,2017,5.2,3.5,2.36,140,1.4,3.5,2.8400000000000003,False
1663,2017-10-10,2017,5.17,3.5,2.362,142,1.42,3.5,2.808,False
1664,2017-10-11,2017,5.18,3.5,2.349,142,1.42,3.5,2.8309999999999995,False
1665,2017-10-12,2017,5.19,3.5,2.319,143,1.43,3.5,2.8710000000000004,False
1666,2017-10-13,2017,5.19,3.5,2.274,146,1.46,3.5,2.9160000000000004,False
1667,2017-10-16,2017,5.21,3.5,2.304,143,1.43,3.5,2.906,False
1668,2017-10-17,2017,5.26,3.5,2.301,144,1.44,3.5,2.9589999999999996,False
1669,2017-10-18,2017,5.25,3.5,2.347,140,1.4,3.5,2.903,False
1670,2017-10-19,2017,5.22,3.5,2.319,141,1.41,3.5,2.901,False
1671,2017-10-20,2017,5.25,3.5,2.385,138,1.38,3.5,2.865,False
1672,2017-10-23,2017,5.273,3.5,2.367,137,1.37,3.51,2.9059999999999997,False
1673,2017-10-24,2017,5.29,3.5,2.42,135,1.35,3.5,2.87,False
1674,2017-10-25,2017,5.29,3.5,2.433,136,1.36,3.5,2.857,False
1675,2017-10-26,2017,5.3,3.5,2.462,135,1.35,3.51,2.8379999999999996,False
1676,2017-10-27,2017,5.38,3.5,2.407,136,1.36,3.5,2.973,False
1677,2017-10-30,2017,5.37,3.5,2.369,138,1.38,3.5,3.001,False
1678,2017-10-31,2017,5.37,3.5,2.38,136,1.36,3.5,2.99,False
1679,2017-11-02,2017,5.33,3.5,2.346,138,1.38,3.51,2.984,False
1680,2017-11-03,2017,5.33,3.5,2.333,140,1.4,3.51,2.997,False
1681,2017-11-06,2017,5.26,3.5,2.317,141,1.41,3.51,2.9429999999999996,False
1682,2017-11-07,2017,5.24,3.5,2.315,142,1.42,3.51,2.9250000000000003,False
1683,2017-11-08,2017,5.23,3.5,2.335,141,1.41,3.51,2.8950000000000005,False
1684,2017-11-09,2017,5.27,3.5,2.342,141,1.41,3.5,2.9279999999999995,False
1685,2017-11-10,2017,5.22,3.25,2.399,137,1.37,3.25,2.8209999999999997,False
1686,2017-11-13,2017,5.23,3.25,2.406,137,1.37,3.25,2.8240000000000003,False
1687,2017-11-14,2017,5.28,3.25,2.373,139,1.39,3.25,2.907,False
1688,2017-11-15,2017,5.35,3.25,2.323,144,1.44,3.25,3.0269999999999997,False
1689,2017-11-16,2017,5.365,3.25,2.376,140,1.4,3.24,2.9890000000000003,False
1690,2017-11-17,2017,5.34,3.25,2.344,140,1.4,3.21,2.996,False
1691,2017-11-20,2017,5.36,3.25,2.367,140,1.4,3.25,2.9930000000000003,False
1692,2017-11-21,2017,5.36,3.25,2.357,140,1.4,3.22,3.003,False
1693,2017-11-22,2017,5.35,3.25,2.32,140,1.4,3.25,3.03,False
1694,2017-11-23,2017,5.34,3.25,2.32,140,1.4,3.25,3.02,False
1695,2017-11-24,2017,5.31,3.25,2.343,139,1.39,3.25,2.9669999999999996,False
1696,2017-11-27,2017,5.3,3.25,2.329,137,1.37,3.25,2.9709999999999996,False
1697,2017-11-28,2017,5.27,3.25,2.329,135,1.35,3.25,2.9409999999999994,False
1698,2017-11-29,2017,5.28,3.25,2.389,134,1.34,3.25,2.8910000000000005,False
1699,2017-11-30,2017,5.28,3.25,2.411,133,1.33,3.25,2.869,False
1700,2017-12-01,2017,5.25,3.25,2.362,137,1.37,3.25,2.888,False
1701,2017-12-04,2017,5.27,3.25,2.373,135,1.35,3.25,2.8969999999999994,False
1702,2017-12-05,2017,5.29,3.25,2.352,138,1.38,3.25,2.938,False
1703,2017-12-06,2017,5.26,3.25,2.339,139,1.39,3.25,2.921,False
1704,2017-12-07,2017,5.25,3.25,2.364,137,1.37,3.25,2.886,False
1705,2017-12-11,2017,5.22,3.25,2.389,136,1.36,3.25,2.831,False
1706,2017-12-12,2017,5.18,3.25,2.402,135,1.35,3.25,2.7779999999999996,False
1707,2017-12-13,2017,5.16,3.25,2.343,137,1.37,3.25,2.817,False
1708,2017-12-14,2017,5.21,3.25,2.35,138,1.38,3.21,2.86,False
1709,2017-12-15,2017,5.34,3.25,2.354,144,1.44,3.25,2.9859999999999998,False
1710,2017-12-18,2017,5.37,3.25,2.395,140,1.4,3.25,2.975,False
1711,2017-12-19,2017,5.27,3.25,2.465,135,1.35,3.25,2.8049999999999997,False
1712,2017-12-20,2017,5.29,3.25,2.498,132,1.32,3.25,2.792,False
1713,2017-12-21,2017,5.33,3.25,2.484,135,1.35,3.32,2.846,False
1714,2017-12-22,2017,5.27,3.25,2.482,131,1.31,3.32,2.7879999999999994,False
1715,2017-12-26,2017,5.24,3.25,2.477,132,1.32,3.25,2.7630000000000003,False
1716,2017-12-27,2017,5.19,3.25,2.412,136,1.36,3.25,2.7780000000000005,False
1717,2017-12-28,2017,5.17,3.25,2.431,135,1.35,3.25,2.739,False
1718,2017-12-29,2017,5.18,3.25,2.406,136,1.36,3.25,2.7739999999999996,False
1719,2018-01-03,2018,5.13,3.25,2.448,131,1.31,3.25,2.682,False
1720,2018-01-04,2018,4.98,3.25,2.453,129,1.29,3.25,2.5270000000000006,False
1721,2018-01-05,2018,4.92,3.25,2.477,125,1.25,3.25,2.443,False
1722,2018-01-08,2018,4.97,3.25,2.481,123,1.23,3.25,2.489,False
1723,2018-01-09,2018,5.01,3.25,2.554,118,1.18,3.25,2.456,False
1724,2018-01-10,2018,5.04,3.25,2.558,121,1.21,3.15,2.482,False
1725,2018-01-11,2018,4.94,3.25,2.538,121,1.21,3.0,2.4020000000000006,False
1726,2018-01-12,2018,4.81,3.0,2.548,121,1.21,3.0,2.2619999999999996,False
1727,2018-01-15,2018,4.72,3.0,2.548,121,1.21,3.0,2.1719999999999997,False
1728,2018-01-16,2018,4.7,3.0,2.538,121,1.21,3.0,2.1620000000000004,False
1729,2018-01-17,2018,4.75,3.0,2.591,122,1.22,3.0,2.159,False
1730,2018-01-18,2018,4.72,3.0,2.627,119,1.19,3.0,2.093,False
1731,2018-01-19,2018,4.71,3.0,2.66,120,1.2,3.0,2.05,False
1732,2018-01-22,2018,4.74,3.0,2.651,118,1.18,3.0,2.0890000000000004,False
1733,2018-01-23,2018,4.73,3.0,2.614,120,1.2,3.0,2.1160000000000005,False
1734,2018-01-24,2018,4.72,3.0,2.647,120,1.2,3.0,2.073,False
1735,2018-01-25,2018,4.71,3.0,2.618,122,1.22,3.0,2.092,False
1736,2018-01-26,2018,4.72,3.0,2.661,119,1.19,3.0,2.0589999999999997,False
1737,2018-01-29,2018,4.74,3.0,2.695,119,1.19,3.0,2.0450000000000004,False
1738,2018-01-30,2018,4.72,3.0,2.721,120,1.2,3.01,1.9989999999999997,False
1739,2018-01-31,2018,4.7,3.0,2.706,119,1.19,3.01,1.9940000000000002,False
1740,2018-02-01,2018,4.67,3.0,2.791,119,1.19,3.0,1.879,False
1741,2018-02-02,2018,4.68,3.0,2.842,119,1.19,3.0,1.8379999999999996,False
1742,2018-02-05,2018,4.7,3.0,2.707,131,1.31,3.0,1.9930000000000003,False
1743,2018-02-06,2018,4.72,3.0,2.803,126,1.26,3.01,1.9169999999999998,False
1744,2018-02-07,2018,4.71,3.0,2.837,119,1.19,3.01,1.8729999999999998,False
1745,2018-02-08,2018,4.75,3.0,2.825,126,1.26,3.01,1.9249999999999998,False
1746,2018-02-09,2018,4.82,3.0,2.852,138,1.38,3.0,1.9680000000000004,False
1747,2018-02-12,2018,4.8,3.0,2.859,137,1.37,3.01,1.9409999999999998,False
1748,2018-02-13,2018,4.8,3.0,2.83,142,1.42,3.0,1.9699999999999998,False
1749,2018-02-14,2018,4.8,3.0,2.903,142,1.42,3.0,1.8969999999999998,False
1750,2018-02-15,2018,4.81,3.0,2.91,136,1.36,3.01,1.8999999999999995,False
1751,2018-02-16,2018,4.81,3.0,2.876,133,1.33,3.01,1.9339999999999997,False
1752,2018-02-19,2018,4.87,3.0,2.876,133,1.33,3.0,1.9940000000000002,False
1753,2018-02-20,2018,4.85,3.0,2.89,134,1.34,3.0,1.9599999999999995,False
1754,2018-02-21,2018,4.84,3.0,2.951,133,1.33,3.01,1.8889999999999998,False
1755,2018-02-22,2018,4.86,3.0,2.922,136,1.36,3.1,1.9380000000000002,False
1756,2018-02-23,2018,4.86,3.0,2.868,137,1.37,3.02,1.9920000000000004,False
1757,2018-02-26,2018,4.87,3.0,2.863,134,1.34,3.01,2.007,False
1758,2018-02-27,2018,4.84,3.0,2.894,131,1.31,3.0,1.9459999999999997,False
1759,2018-02-28,2018,4.83,3.0,2.862,137,1.37,3.0,1.968,False
1760,2018-03-01,2018,4.81,3.0,2.809,146,1.46,3.0,2.0009999999999994,False
1761,2018-03-02,2018,4.8,3.0,2.865,143,1.43,3.0,1.9349999999999996,False
1762,2018-03-05,2018,4.79,3.0,2.882,139,1.39,3.0,1.908,False
1763,2018-03-06,2018,4.78,3.0,2.887,138,1.38,3.0,1.8930000000000002,False
1764,2018-03-07,2018,4.8,3.0,2.884,139,1.39,3.0,1.916,False
1765,2018-03-08,2018,4.8,3.0,2.858,142,1.42,2.97,1.9419999999999997,False
1766,2018-03-09,2018,4.8,2.75,2.895,139,1.39,2.75,1.9049999999999998,False
1767,2018-03-12,2018,4.84,2.75,2.869,140,1.4,2.75,1.9709999999999996,False
1768,2018-03-13,2018,4.89,2.75,2.843,143,1.43,2.75,2.0469999999999997,False
1769,2018-03-14,2018,4.86,2.75,2.818,146,1.46,2.75,2.0420000000000003,False
1770,2018-03-15,2018,4.92,2.75,2.829,147,1.47,2.56,2.0909999999999997,False
1771,2018-03-16,2018,4.98,2.75,2.845,146,1.46,2.73,2.1350000000000002,False
1772,2018-03-19,2018,4.96,2.75,2.856,150,1.5,2.75,2.104,False
1773,2018-03-20,2018,4.9,2.75,2.897,149,1.49,2.75,2.0030000000000006,False
1774,2018-03-21,2018,4.89,2.75,2.884,147,1.47,2.75,2.006,False
1775,2018-03-22,2018,4.79,2.75,2.825,151,1.51,2.75,1.9649999999999999,False
1776,2018-03-23,2018,4.81,2.75,2.814,156,1.56,2.75,1.9959999999999996,False
1777,2018-03-26,2018,4.84,2.75,2.853,153,1.53,2.75,1.9869999999999997,False
1778,2018-03-27,2018,4.83,2.75,2.776,154,1.54,2.75,2.0540000000000003,False
1779,2018-03-28,2018,4.81,2.75,2.782,155,1.55,2.76,2.0279999999999996,False
1780,2018-04-02,2018,4.83,2.75,2.731,155,1.55,2.76,2.099,False
1781,2018-04-03,2018,4.82,2.75,2.776,149,1.49,2.75,2.0440000000000005,False
1782,2018-04-04,2018,4.83,2.75,2.804,147,1.47,2.75,2.0260000000000002,False
1783,2018-04-05,2018,4.82,2.75,2.833,142,1.42,2.75,1.987,False
1784,2018-04-06,2018,4.884,2.75,2.774,146,1.46,2.75,2.1100000000000003,False
1785,2018-04-09,2018,4.91,2.75,2.78,147,1.47,2.75,2.1300000000000003,False
1786,2018-04-10,2018,4.93,2.75,2.802,147,1.47,2.75,2.1279999999999997,False
1787,2018-04-11,2018,4.98,2.75,2.782,146,1.46,2.75,2.1980000000000004,False
1788,2018-04-12,2018,4.98,2.75,2.837,143,1.43,2.75,2.1430000000000002,False
1789,2018-04-16,2018,5.01,2.75,2.828,143,1.43,2.75,2.182,False
1790,2018-04-17,2018,5.05,2.75,2.829,145,1.45,2.75,2.2209999999999996,False
1791,2018-04-18,2018,5.15,2.75,2.874,141,1.41,2.75,2.2760000000000002,False
1792,2018-04-19,2018,5.07,2.75,2.911,143,1.43,2.75,2.1590000000000003,False
1793,2018-04-20,2018,5.07,2.75,2.961,141,1.41,2.75,2.1090000000000004,False
1794,2018-04-23,2018,5.1,2.75,2.976,141,1.41,2.75,2.1239999999999997,False
1795,2018-04-24,2018,5.17,2.75,3.0,141,1.41,2.75,2.17,False
1796,2018-04-25,2018,5.23,2.75,3.027,142,1.42,2.75,2.2030000000000003,False
1797,2018-04-26,2018,5.23,2.75,2.982,146,1.46,2.75,2.248,False
1798,2018-04-27,2018,5.22,2.75,2.958,150,1.5,2.75,2.2619999999999996,False
1799,2018-04-30,2018,5.2,2.75,2.954,152,1.52,2.75,2.246,False
1800,2018-05-02,2018,5.21,2.75,2.967,158,1.58,2.75,2.243,False
1801,2018-05-03,2018,5.22,2.75,2.947,163,1.63,2.75,2.2729999999999997,False
1802,2018-05-04,2018,5.25,2.75,2.951,158,1.58,2.75,2.299,False
1803,2018-05-07,2018,5.29,2.75,2.951,157,1.57,2.75,2.339,False
1804,2018-05-08,2018,5.35,2.75,2.977,161,1.61,2.75,2.3729999999999998,False
1805,2018-05-09,2018,5.38,2.75,3.005,158,1.58,2.75,2.375,False
1806,2018-05-10,2018,5.31,2.75,2.963,151,1.51,2.75,2.3469999999999995,False
1807,2018-05-11,2018,5.27,2.75,2.971,151,1.51,2.75,2.2989999999999995,False
1808,2018-05-14,2018,5.24,2.75,3.003,150,1.5,2.75,2.237,False
1809,2018-05-15,2018,5.32,2.75,3.073,151,1.51,2.75,2.2470000000000003,False
1810,2018-05-16,2018,5.36,2.75,3.097,149,1.49,2.75,2.2630000000000003,False
1811,2018-05-17,2018,5.51,2.75,3.112,152,1.52,2.75,2.3979999999999997,False
1812,2018-05-18,2018,5.63,2.75,3.057,160,1.6,2.75,2.573,False
1813,2018-05-21,2018,5.79,2.75,3.061,160,1.6,2.75,2.729,False
1814,2018-05-22,2018,5.72,2.75,3.061,155,1.55,2.75,2.659,False
1815,2018-05-23,2018,5.67,2.75,2.994,157,1.57,2.75,2.6759999999999997,False
1816,2018-05-24,2018,5.63,2.75,2.978,157,1.57,2.76,2.6519999999999997,False
1817,2018-05-25,2018,5.64,2.75,2.932,160,1.6,2.75,2.7079999999999997,False
1818,2018-05-28,2018,5.63,2.75,2.932,160,1.6,2.75,2.698,False
1819,2018-05-29,2018,5.67,2.75,2.782,173,1.73,2.76,2.888,False
1820,2018-05-30,2018,5.65,2.75,2.856,166,1.66,2.79,2.7940000000000005,False
1821,2018-05-31,2018,5.65,2.75,2.859,168,1.68,2.87,2.7910000000000004,False
1822,2018-06-01,2018,5.69,2.75,2.903,162,1.62,2.9,2.7870000000000004,False
1823,2018-06-04,2018,5.66,2.75,2.943,157,1.57,2.75,2.717,False
1824,2018-06-05,2018,5.64,2.75,2.929,159,1.59,2.75,2.711,False
1825,2018-06-06,2018,5.6,2.75,2.973,158,1.58,2.75,2.627,False
1826,2018-06-07,2018,5.63,2.75,2.921,163,1.63,2.75,2.709,False
1827,2018-06-08,2018,5.64,2.75,2.947,164,1.64,2.78,2.6929999999999996,False
1828,2018-06-11,2018,5.62,2.75,2.953,163,1.63,2.75,2.6670000000000003,False
1829,2018-06-12,2018,5.65,2.75,2.962,164,1.64,2.75,2.688,False
1830,2018-06-13,2018,5.65,2.75,2.967,161,1.61,2.75,2.6830000000000003,False
1831,2018-06-14,2018,5.65,2.75,2.936,164,1.64,2.75,2.7140000000000004,False
1832,2018-06-15,2018,5.72,2.75,2.921,163,1.63,2.78,2.799,False
1833,2018-06-18,2018,5.76,2.75,2.918,164,1.64,2.75,2.8419999999999996,False
1834,2018-06-19,2018,5.74,2.75,2.898,168,1.68,2.75,2.842,False
1835,2018-06-20,2018,5.75,2.75,2.94,164,1.64,2.77,2.81,False
1836,2018-06-21,2018,5.71,2.75,2.898,164,1.64,2.76,2.812,False
1837,2018-06-22,2018,5.68,2.75,2.896,162,1.62,2.84,2.784,False
1838,2018-06-25,2018,5.68,2.75,2.881,164,1.64,2.8,2.799,False
1839,2018-06-26,2018,5.64,2.75,2.878,163,1.63,2.75,2.7619999999999996,False
1840,2018-06-27,2018,5.58,2.75,2.826,169,1.69,2.75,2.754,False
1841,2018-06-28,2018,5.562,2.75,2.837,168,1.68,2.75,2.725,False
1842,2018-07-02,2018,5.58,2.75,2.872,166,1.66,2.75,2.708,False
1843,2018-07-03,2018,5.54,2.75,2.832,166,1.66,2.75,2.708,False
1844,2018-07-04,2018,5.545,2.75,2.832,166,1.66,2.75,2.713,False
1845,2018-07-05,2018,5.54,2.75,2.83,164,1.64,2.75,2.71,False
1846,2018-07-06,2018,5.525,2.75,2.823,161,1.61,2.75,2.7020000000000004,False
1847,2018-07-09,2018,5.47,2.75,2.857,153,1.53,2.75,2.6129999999999995,False
1848,2018-07-10,2018,5.44,2.75,2.851,149,1.49,2.75,2.5890000000000004,False
1849,2018-07-11,2018,5.47,2.75,2.85,154,1.54,2.75,2.6199999999999997,False
1850,2018-07-12,2018,5.48,2.75,2.847,152,1.52,2.74,2.6330000000000005,False
1851,2018-07-13,2018,5.46,2.75,2.828,151,1.51,2.74,2.632,False
1852,2018-07-16,2018,5.47,2.75,2.859,149,1.49,2.68,2.6109999999999998,False
1853,2018-07-17,2018,5.47,2.75,2.861,148,1.48,2.7,2.6089999999999995,False
1854,2018-07-18,2018,5.46,2.75,2.87,145,1.45,2.75,2.59,False
1855,2018-07-19,2018,5.5,2.75,2.839,150,1.5,2.75,2.661,False
1856,2018-07-20,2018,5.51,2.75,2.894,147,1.47,2.75,2.6159999999999997,False
1857,2018-07-23,2018,5.51,2.75,2.956,146,1.46,2.75,2.554,False
1858,2018-07-24,2018,5.48,2.75,2.949,147,1.47,2.75,2.5310000000000006,False
1859,2018-07-25,2018,5.44,2.75,2.975,145,1.45,2.75,2.4650000000000003,False
1860,2018-07-26,2018,5.43,2.75,2.977,139,1.39,2.75,2.453,False
1861,2018-07-30,2018,5.43,2.75,2.974,140,1.4,2.75,2.4559999999999995,False
1862,2018-07-31,2018,5.43,2.75,2.961,143,1.43,2.75,2.469,False
1863,2018-08-01,2018,5.42,2.75,3.007,141,1.41,2.75,2.413,False
1864,2018-08-02,2018,5.39,2.75,2.987,143,1.43,2.75,2.4029999999999996,False
1865,2018-08-03,2018,5.35,2.75,2.95,143,1.43,2.75,2.3999999999999995,False
1866,2018-08-06,2018,5.34,2.75,2.94,145,1.45,2.75,2.4,False
1867,2018-08-07,2018,5.36,2.75,2.974,143,1.43,2.75,2.386,False
1868,2018-08-08,2018,5.37,2.75,2.961,147,1.47,2.75,2.4090000000000003,False
1869,2018-08-09,2018,5.38,2.75,2.927,150,1.5,2.75,2.453,False
1870,2018-08-10,2018,5.4,2.75,2.874,158,1.58,2.75,2.5260000000000002,False
1871,2018-08-13,2018,5.43,2.75,2.88,157,1.57,2.75,2.55,False
1872,2018-08-14,2018,5.43,2.75,2.899,153,1.53,2.75,2.5309999999999997,False
1873,2018-08-15,2018,5.48,2.75,2.863,157,1.57,2.75,2.6170000000000004,False
1874,2018-08-16,2018,5.49,2.75,2.867,154,1.54,2.75,2.623,False
1875,2018-08-17,2018,5.54,2.75,2.861,152,1.52,2.75,2.679,False
1876,2018-08-20,2018,5.5,2.75,2.82,154,1.54,2.76,2.68,False
1877,2018-08-21,2018,5.47,2.75,2.831,151,1.51,2.75,2.639,False
1878,2018-08-22,2018,5.43,2.75,2.82,152,1.52,2.75,2.61,False
1879,2018-08-23,2018,5.44,2.75,2.827,153,1.53,2.75,2.6130000000000004,False
1880,2018-08-24,2018,5.42,2.75,2.811,152,1.52,2.75,2.609,False
1881,2018-08-27,2018,5.41,2.75,2.847,148,1.48,2.75,2.563,False
1882,2018-08-28,2018,5.43,2.75,2.881,143,1.43,2.75,2.549,False
1883,2018-08-29,2018,5.45,2.75,2.885,144,1.44,2.75,2.5650000000000004,False
1884,2018-09-03,2018,5.43,2.75,2.861,147,1.47,2.75,2.5689999999999995,False
1885,2018-09-04,2018,5.44,2.75,2.899,146,1.46,2.75,2.5410000000000004,False
1886,2018-09-05,2018,5.42,2.75,2.903,145,1.45,2.75,2.517,False
1887,2018-09-06,2018,5.46,2.75,2.874,146,1.46,2.75,2.586,False
1888,2018-09-07,2018,5.48,2.75,2.941,143,1.43,2.74,2.5390000000000006,False
1889,2018-09-10,2018,5.48,2.75,2.932,147,1.47,2.75,2.5480000000000005,False
1890,2018-09-11,2018,5.5,2.75,2.976,145,1.45,2.75,2.524,False
1891,2018-09-12,2018,5.5,2.75,2.964,144,1.44,2.75,2.536,False
1892,2018-09-13,2018,5.5,2.75,2.971,141,1.41,2.75,2.529,False
1893,2018-09-14,2018,5.48,2.75,2.997,139,1.39,2.75,2.4830000000000005,False
1894,2018-09-17,2018,5.5,2.75,2.988,139,1.39,2.75,2.512,False
1895,2018-09-18,2018,5.51,2.75,3.056,137,1.37,2.75,2.4539999999999997,False
1896,2018-09-19,2018,5.51,2.75,3.064,136,1.36,2.75,2.4459999999999997,False
1897,2018-09-20,2018,5.54,2.75,3.064,137,1.37,2.75,2.476,False
1898,2018-09-21,2018,5.55,2.75,3.064,134,1.34,2.75,2.4859999999999998,False
1899,2018-09-24,2018,5.6,2.75,3.09,135,1.35,2.75,2.51,False
1900,2018-09-25,2018,5.62,2.75,3.097,134,1.34,2.75,2.523,False
1901,2018-09-26,2018,5.62,2.75,3.049,136,1.36,2.75,2.571,False
1902,2018-09-27,2018,5.61,2.75,3.053,134,1.34,2.75,2.5570000000000004,False
1903,2018-09-28,2018,5.6,2.75,3.062,133,1.33,2.75,2.538,False
1904,2018-10-01,2018,5.58,2.75,3.085,132,1.32,2.75,2.495,False
1905,2018-10-02,2018,5.57,2.75,3.064,134,1.34,2.75,2.5060000000000002,False
1906,2018-10-03,2018,5.62,2.75,3.183,126,1.26,2.75,2.4370000000000003,False
1907,2018-10-04,2018,5.68,2.75,3.188,130,1.3,2.75,2.4919999999999995,False
1908,2018-10-05,2018,5.68,2.75,3.234,129,1.29,2.75,2.4459999999999997,False
1909,2018-10-09,2018,5.67,2.75,3.207,135,1.35,2.75,2.463,False
1910,2018-10-10,2018,5.7,2.75,3.164,136,1.36,2.75,2.536,False
1911,2018-10-11,2018,5.73,2.75,3.151,147,1.47,2.7,2.5790000000000006,False
1912,2018-10-12,2018,5.75,2.75,3.162,144,1.44,2.81,2.588,False
1913,2018-10-15,2018,5.76,2.75,3.157,142,1.42,2.75,2.6029999999999998,False
1914,2018-10-16,2018,5.7,2.75,3.164,142,1.42,2.71,2.536,False
1915,2018-10-17,2018,5.7,2.75,3.206,139,1.39,2.75,2.494,False
1916,2018-10-18,2018,5.74,2.75,3.18,145,1.45,2.75,2.56,False
1917,2018-10-19,2018,5.72,2.75,3.193,147,1.47,2.76,2.5269999999999997,False
1918,2018-10-22,2018,5.74,2.75,3.199,149,1.49,2.76,2.5410000000000004,False
1919,2018-10-23,2018,5.77,2.75,3.169,150,1.5,2.75,2.6009999999999995,False
1920,2018-10-24,2018,5.8,2.75,3.104,154,1.54,2.78,2.6959999999999997,False
1921,2018-10-25,2018,5.79,2.75,3.118,152,1.52,2.84,2.672,False
1922,2018-10-26,2018,5.78,2.75,3.076,156,1.56,2.84,2.704,False
1923,2018-10-29,2018,5.83,2.75,3.086,157,1.57,2.76,2.744,False
1924,2018-10-30,2018,5.9,2.75,3.124,155,1.55,2.75,2.7760000000000002,False
1925,2018-10-31,2018,5.89,2.75,3.144,152,1.52,2.75,2.7459999999999996,False
1926,2018-11-05,2018,5.83,2.75,3.202,147,1.47,2.76,2.628,False
1927,2018-11-06,2018,5.81,2.75,3.229,147,1.47,2.76,2.5809999999999995,False
1928,2018-11-07,2018,5.78,2.75,3.236,146,1.46,2.77,2.544,False
1929,2018-11-08,2018,5.78,2.75,3.238,146,1.46,2.77,2.5420000000000003,False
1930,2018-11-09,2018,5.78,2.75,3.183,149,1.49,2.76,2.5970000000000004,False
1931,2018-11-12,2018,5.8,2.75,3.183,149,1.49,2.75,2.617,False
1932,2018-11-13,2018,5.82,2.75,3.141,154,1.54,2.76,2.6790000000000003,False
1933,2018-11-14,2018,5.8,2.75,3.126,156,1.56,2.75,2.674,False
1934,2018-11-15,2018,5.79,2.75,3.111,157,1.57,2.76,2.679,False
1935,2018-11-16,2018,5.76,2.75,3.064,160,1.6,2.75,2.6959999999999997,False
1936,2018-11-19,2018,5.72,2.75,3.064,164,1.64,2.76,2.6559999999999997,False
1937,2018-11-20,2018,5.72,2.75,3.064,167,1.67,2.75,2.6559999999999997,False
1938,2018-11-21,2018,5.66,2.75,3.064,164,1.64,2.75,2.596,False
1939,2018-11-22,2018,5.64,2.75,3.064,164,1.64,2.75,2.5759999999999996,False
1940,2018-11-23,2018,5.62,2.75,3.041,165,1.65,2.75,2.579,False
1941,2018-11-26,2018,5.64,2.75,3.054,163,1.63,2.75,2.586,False
1942,2018-11-27,2018,5.63,2.75,3.058,168,1.68,2.75,2.572,False
1943,2018-11-28,2018,5.6,2.75,3.06,163,1.63,2.75,2.5399999999999996,False
1944,2018-11-29,2018,5.69,2.75,3.032,161,1.61,2.75,2.6580000000000004,False
1945,2018-11-30,2018,5.67,2.75,2.989,162,1.62,2.75,2.681,False
1946,2018-12-03,2018,5.67,2.75,2.971,162,1.62,2.75,2.699,False
1947,2018-12-04,2018,5.75,2.75,2.914,170,1.7,2.75,2.836,False
1948,2018-12-05,2018,5.74,2.75,2.914,170,1.7,2.75,2.826,False
1949,2018-12-06,2018,5.75,2.75,2.896,172,1.72,2.75,2.854,False
1950,2018-12-07,2018,5.78,2.75,2.847,169,1.69,2.75,2.9330000000000003,False
1951,2018-12-10,2018,5.84,2.75,2.859,168,1.68,2.77,2.981,False
1952,2018-12-11,2018,5.83,2.75,2.88,163,1.63,2.76,2.95,False
1953,2018-12-12,2018,5.823,2.75,2.91,157,1.57,2.76,2.9130000000000003,False
1954,2018-12-13,2018,5.848,2.75,2.914,155,1.55,2.75,2.9339999999999997,False
1955,2018-12-14,2018,5.838,2.75,2.891,155,1.55,2.75,2.947,False
1956,2018-12-17,2018,5.79,2.75,2.858,156,1.56,2.75,2.932,False
1957,2018-12-18,2018,5.76,2.75,2.818,159,1.59,2.75,2.9419999999999997,False
1958,2018-12-19,2018,5.77,2.75,2.756,165,1.65,2.75,3.014,False
1959,2018-12-20,2018,5.71,2.75,2.807,162,1.62,2.75,2.903,False
1960,2018-12-21,2018,5.69,2.75,2.792,161,1.61,2.79,2.8980000000000006,False
1961,2018-12-26,2018,5.66,2.75,2.809,161,1.61,2.75,2.851,False
1962,2018-12-27,2018,5.62,2.75,2.768,163,1.63,2.75,2.8520000000000003,False
1963,2018-12-28,2018,5.65,2.75,2.72,164,1.64,2.75,2.93,False
1964,2018-12-31,2018,5.61,2.75,2.685,168,1.68,2.75,2.9250000000000003,False
1965,2019-01-02,2019,5.62,2.75,2.621,171,1.71,2.75,2.999,False
1966,2019-01-03,2019,5.62,2.75,2.554,177,1.77,2.75,3.0660000000000003,False
1967,2019-01-04,2019,5.61,2.75,2.669,164,1.64,2.76,2.9410000000000003,False
1968,2019-01-07,2019,5.61,2.75,2.697,157,1.57,2.75,2.9130000000000003,False
1969,2019-01-08,2019,5.6,2.75,2.729,155,1.55,2.75,2.8709999999999996,False
1970,2019-01-09,2019,5.56,2.75,2.711,150,1.5,2.75,2.8489999999999998,False
1971,2019-01-10,2019,5.55,2.75,2.743,149,1.49,2.75,2.807,False
1972,2019-01-11,2019,5.55,2.75,2.702,151,1.51,2.75,2.848,False
1973,2019-01-14,2019,5.57,2.75,2.703,151,1.51,2.76,2.8670000000000004,False
1974,2019-01-15,2019,5.57,2.75,2.713,151,1.51,2.75,2.857,False
1975,2019-01-16,2019,5.59,2.75,2.723,150,1.5,2.75,2.867,False
1976,2019-01-17,2019,5.6,2.75,2.751,151,1.51,2.75,2.8489999999999998,False
1977,2019-01-18,2019,5.57,2.75,2.785,147,1.47,2.76,2.785,False
1978,2019-01-21,2019,5.58,2.75,2.785,147,1.47,2.76,2.795,False
1979,2019-01-22,2019,5.58,2.75,2.74,149,1.49,2.76,2.84,False
1980,2019-01-23,2019,5.61,2.75,2.742,147,1.47,2.76,2.8680000000000003,False
1981,2019-01-24,2019,5.64,2.75,2.717,148,1.48,2.76,2.9229999999999996,False
1982,2019-01-25,2019,5.6,2.75,2.759,143,1.43,2.75,2.8409999999999997,False
1983,2019-01-28,2019,5.6,2.75,2.746,143,1.43,2.75,2.8539999999999996,False
1984,2019-01-29,2019,5.6,2.75,2.711,146,1.46,2.75,2.889,False
1985,2019-01-30,2019,5.62,2.75,2.678,145,1.45,2.75,2.942,False
1986,2019-01-31,2019,5.48,2.75,2.63,145,1.45,2.75,2.8500000000000005,False
1987,2019-02-01,2019,5.5,2.75,2.685,137,1.37,2.75,2.815,False
1988,2019-02-04,2019,5.49,2.75,2.724,134,1.34,2.75,2.766,False
1989,2019-02-05,2019,5.47,2.75,2.699,133,1.33,2.75,2.771,False
1990,2019-02-06,2019,5.47,2.75,2.696,136,1.36,2.75,2.7739999999999996,False
1991,2019-02-07,2019,5.47,2.75,2.658,142,1.42,2.75,2.812,False
1992,2019-02-08,2019,5.47,2.75,2.636,145,1.45,2.75,2.8339999999999996,False
1993,2019-02-11,2019,5.48,2.75,2.655,144,1.44,2.75,2.8250000000000006,False
1994,2019-02-12,2019,5.51,2.75,2.689,142,1.42,2.74,2.8209999999999997,False
1995,2019-02-13,2019,5.54,2.75,2.703,139,1.39,2.75,2.837,False
1996,2019-02-14,2019,5.54,2.75,2.655,142,1.42,2.75,2.8850000000000002,False
1997,2019-02-15,2019,5.51,2.75,2.664,143,1.43,2.75,2.8459999999999996,False
1998,2019-02-18,2019,5.5,2.75,2.664,143,1.43,2.75,2.836,False
1999,2019-02-19,2019,5.5,2.75,2.635,142,1.42,2.75,2.865,False
2000,2019-02-20,2019,5.5,2.75,2.646,142,1.42,2.75,2.854,False
2001,2019-02-21,2019,5.52,2.75,2.693,140,1.4,2.75,2.8269999999999995,False
2002,2019-02-22,2019,5.48,2.75,2.654,141,1.41,2.75,2.8260000000000005,False
2003,2019-02-25,2019,5.48,2.75,2.664,140,1.4,2.75,2.8160000000000003,False
2004,2019-02-26,2019,5.5,2.75,2.637,140,1.4,2.75,2.863,False
2005,2019-02-27,2019,5.48,2.75,2.683,134,1.34,2.75,2.7970000000000006,False
2006,2019-02-28,2019,5.48,2.75,2.716,131,1.31,2.75,2.7640000000000002,False
2007,2019-03-01,2019,5.49,2.75,2.755,130,1.3,2.75,2.7350000000000003,False
2008,2019-03-04,2019,5.47,2.75,2.723,133,1.33,2.75,2.747,False
2009,2019-03-05,2019,5.46,2.75,2.719,134,1.34,2.76,2.741,False
2010,2019-03-06,2019,5.46,2.75,2.694,134,1.34,2.75,2.766,False
2011,2019-03-07,2019,5.43,2.75,2.64,137,1.37,2.75,2.7899999999999996,False
2012,2019-03-08,2019,5.41,2.75,2.63,140,1.4,2.75,2.7800000000000002,False
2013,2019-03-11,2019,5.39,2.75,2.64,137,1.37,2.75,2.7499999999999996,False
2014,2019-03-12,2019,5.3,2.75,2.602,139,1.39,2.75,2.698,False
2015,2019-03-13,2019,5.29,2.75,2.622,138,1.38,2.75,2.668,False
2016,2019-03-14,2019,5.26,2.75,2.631,135,1.35,2.75,2.629,False
2017,2019-03-15,2019,5.2,2.75,2.589,138,1.38,2.75,2.611,False
2018,2019-03-18,2019,5.24,2.75,2.605,135,1.35,2.75,2.6350000000000002,False
2019,2019-03-19,2019,5.25,2.75,2.613,131,1.31,2.75,2.637,False
2020,2019-03-20,2019,5.26,2.75,2.527,137,1.37,2.75,2.7329999999999997,False
2021,2019-03-21,2019,5.16,2.75,2.539,134,1.34,2.75,2.621,False
2022,2019-03-22,2019,5.19,2.75,2.441,139,1.39,2.75,2.7490000000000006,False
2023,2019-03-25,2019,5.18,2.75,2.4,142,1.42,2.75,2.78,False
2024,2019-03-26,2019,5.19,2.75,2.424,138,1.38,2.75,2.7660000000000005,False
2025,2019-03-27,2019,5.174,2.75,2.368,136,1.36,2.75,2.8060000000000005,False
2026,2019-03-28,2019,5.24,2.75,2.396,132,1.32,2.75,2.8440000000000003,False
2027,2019-03-29,2019,5.24,2.75,2.406,130,1.3,2.75,2.834,False
2028,2019-04-01,2019,5.21,2.75,2.502,126,1.26,2.75,2.708,False
2029,2019-04-02,2019,5.21,2.75,2.475,126,1.26,2.75,2.735,False
2030,2019-04-03,2019,5.2,2.75,2.525,123,1.23,2.75,2.6750000000000003,False
2031,2019-04-04,2019,5.18,2.75,2.516,122,1.22,2.75,2.6639999999999997,False
2032,2019-04-05,2019,5.18,2.75,2.496,122,1.22,2.75,2.6839999999999997,False
2033,2019-04-08,2019,5.17,2.75,2.523,121,1.21,2.75,2.647,False
2034,2019-04-09,2019,5.176,2.75,2.502,122,1.22,2.75,2.6740000000000004,False
2035,2019-04-10,2019,5.177,2.75,2.467,125,1.25,2.76,2.7099999999999995,False
2036,2019-04-11,2019,5.203,2.75,2.498,123,1.23,2.75,2.705,False
2037,2019-04-12,2019,5.27,2.75,2.566,120,1.2,2.75,2.7039999999999997,False
2038,2019-04-15,2019,5.26,2.75,2.555,121,1.21,2.75,2.7049999999999996,False
2039,2019-04-16,2019,5.29,2.75,2.591,118,1.18,2.75,2.699,False
2040,2019-04-17,2019,5.27,2.75,2.595,119,1.19,2.75,2.6749999999999994,False
2041,2019-04-22,2019,5.26,2.75,2.589,119,1.19,2.75,2.671,False
2042,2019-04-23,2019,5.22,2.75,2.566,120,1.2,2.75,2.654,False
2043,2019-04-24,2019,5.26,2.75,2.519,125,1.25,2.75,2.7409999999999997,False
2044,2019-04-25,2019,5.26,2.75,2.533,125,1.25,2.75,2.727,False
2045,2019-04-26,2019,5.21,2.75,2.499,125,1.25,2.75,2.711,False
2046,2019-04-29,2019,5.17,2.75,2.527,122,1.22,2.75,2.643,False
2047,2019-04-30,2019,5.14,2.75,2.503,126,1.26,2.75,2.6369999999999996,False
2048,2019-05-02,2019,5.18,2.75,2.542,125,1.25,2.75,2.638,False
2049,2019-05-03,2019,5.16,2.75,2.526,125,1.25,2.75,2.6340000000000003,False
2050,2019-05-06,2019,5.18,2.75,2.471,127,1.27,2.75,2.7089999999999996,False
2051,2019-05-07,2019,5.21,2.75,2.458,131,1.31,2.75,2.752,False
2052,2019-05-08,2019,5.21,2.75,2.484,128,1.28,2.75,2.726,False
2053,2019-05-09,2019,5.24,2.75,2.444,133,1.33,2.75,2.7960000000000003,False
2054,2019-05-10,2019,5.2,2.75,2.468,132,1.32,2.75,2.732,False
2055,2019-05-13,2019,5.23,2.75,2.402,138,1.38,2.76,2.8280000000000003,False
2056,2019-05-14,2019,5.19,2.75,2.411,136,1.36,2.75,2.7790000000000004,False
2057,2019-05-15,2019,5.16,2.75,2.374,140,1.4,2.75,2.786,False
2058,2019-05-16,2019,5.16,2.75,2.395,137,1.37,2.75,2.765,False
2059,2019-05-17,2019,5.15,2.75,2.392,139,1.39,2.75,2.7580000000000005,False
2060,2019-05-20,2019,5.13,2.75,2.417,136,1.36,2.75,2.713,False
2061,2019-05-21,2019,5.1147,2.75,2.427,133,1.33,2.75,2.6877,False
2062,2019-05-22,2019,5.126,2.75,2.383,135,1.35,2.75,2.7430000000000003,False
2063,2019-05-23,2019,5.1109,2.75,2.319,143,1.43,2.75,2.7919,False
2064,2019-05-24,2019,5.0727,2.75,2.321,141,1.41,2.75,2.7517,False
2065,2019-05-27,2019,5.0738,2.75,2.321,141,1.41,2.75,2.7528,False
2066,2019-05-28,2019,5.0177,2.75,2.267,143,1.43,2.75,2.7506999999999997,False
2067,2019-05-29,2019,5.0094,2.75,2.263,141,1.41,2.75,2.7464000000000004,False
2068,2019-05-30,2019,5.0436,2.75,2.214,143,1.43,2.75,2.8295999999999997,False
2069,2019-05-31,2019,5.053,2.75,2.125,148,1.48,2.75,2.928,False
2070,2019-06-03,2019,5.0715,2.75,2.072,151,1.51,2.75,2.9995000000000003,False
2071,2019-06-04,2019,5.0259,2.75,2.131,141,1.41,2.75,2.8949000000000003,False
2072,2019-06-05,2019,5.0599,2.75,2.136,137,1.37,2.75,2.9238999999999997,False
2073,2019-06-06,2019,5.0064,2.75,2.118,134,1.34,2.75,2.8884000000000003,False
2074,2019-06-07,2019,4.9539,2.75,2.083,135,1.35,2.75,2.8709,False
2075,2019-06-10,2019,5.0136,2.75,2.15,128,1.28,2.75,2.8636000000000004,False
2076,2019-06-11,2019,4.944,2.75,2.144,128,1.28,2.75,2.8,False
2077,2019-06-12,2019,4.8562,2.75,2.121,127,1.27,2.75,2.7352000000000003,False
2078,2019-06-13,2019,4.8243,2.75,2.096,131,1.31,2.75,2.7283,False
2079,2019-06-14,2019,4.7111,2.75,2.081,128,1.28,2.75,2.6301,False
2080,2019-06-17,2019,4.7591,2.75,2.095,129,1.29,2.75,2.6641,False
2081,2019-06-18,2019,4.717,2.75,2.06,126,1.26,2.75,2.6569999999999996,False
2082,2019-06-19,2019,4.7315,2.75,2.024,127,1.27,2.75,2.7074999999999996,False
2083,2019-06-20,2019,4.5651,2.75,2.029,124,1.24,2.75,2.5361000000000002,False
2084,2019-06-21,2019,4.6098,2.75,2.056,118,1.18,2.75,2.5538,False
2085,2019-06-24,2019,4.6191,2.75,2.015,122,1.22,2.75,2.6041000000000003,False
2086,2019-06-25,2019,4.6305,2.75,1.986,125,1.25,2.75,2.6445,False
2087,2019-06-26,2019,4.7199,2.75,2.048,123,1.23,2.75,2.6719,False
2088,2019-06-27,2019,4.768,2.75,2.015,125,1.25,2.75,2.7529999999999997,False
2089,2019-06-28,2019,4.757,2.75,2.006,124,1.24,3.26,2.751,False
2090,2019-07-01,2019,4.6586,2.75,2.026,120,1.2,2.75,2.6326,False
2091,2019-07-02,2019,4.6212,2.75,1.975,122,1.22,2.79,2.6462,False
2092,2019-07-03,2019,4.548,2.75,1.951,123,1.23,2.77,2.597,False
2093,2019-07-04,2019,4.5375,2.75,1.951,123,1.23,2.75,2.5864999999999996,False
2094,2019-07-05,2019,4.5464,2.75,2.035,118,1.18,2.75,2.5114,False
2095,2019-07-08,2019,4.5267,2.75,2.048,117,1.17,2.75,2.4787,False
2096,2019-07-09,2019,4.5409,2.75,2.066,114,1.14,2.75,2.4749,False
2097,2019-07-10,2019,4.5391,2.75,2.062,112,1.12,2.75,2.4771000000000005,False
2098,2019-07-11,2019,4.5631,2.75,2.139,109,1.09,2.76,2.4241000000000006,False
2099,2019-07-12,2019,4.5381,2.75,2.123,110,1.1,2.75,2.4151,False
2100,2019-07-15,2019,4.459,2.75,2.09,113,1.13,2.75,2.3689999999999998,False
2101,2019-07-16,2019,4.4361,2.75,2.103,112,1.12,2.75,2.3330999999999995,False
2102,2019-07-17,2019,4.3717,2.75,2.046,118,1.18,2.76,2.3257,False
2103,2019-07-18,2019,4.2933,2.75,2.025,120,1.2,2.76,2.2683000000000004,False
2104,2019-07-19,2019,4.2351,2.75,2.056,119,1.19,2.75,2.1791,False
2105,2019-07-22,2019,4.2479,2.75,2.047,118,1.18,2.75,2.2008999999999994,False
2106,2019-07-23,2019,4.2804,2.75,2.082,115,1.15,2.75,2.1984000000000004,False
2107,2019-07-24,2019,4.3298,2.75,2.045,116,1.16,2.75,2.2847999999999997,False
2108,2019-07-25,2019,4.28,2.75,2.082,113,1.13,2.75,2.1980000000000004,False
2109,2019-07-26,2019,4.2772,2.75,2.071,113,1.13,2.75,2.2061999999999995,False
2110,2019-07-31,2019,4.412,2.75,2.015,117,1.17,2.75,2.397,False
2111,2019-08-01,2019,4.4122,2.75,1.894,128,1.28,2.75,2.5182,False
2112,2019-08-02,2019,4.4359,2.75,1.847,125,1.25,2.75,2.5889,False
2113,2019-08-05,2019,4.4829,2.75,1.709,131,1.31,2.76,2.7739,False
2114,2019-08-06,2019,4.3771,2.75,1.704,131,1.31,2.75,2.6731000000000007,False
2115,2019-08-07,2019,4.3376,2.75,1.735,127,1.27,2.75,2.6026,False
2116,2019-08-08,2019,4.319,2.75,1.718,125,1.25,2.75,2.601,False
2117,2019-08-09,2019,4.2042,2.5,1.746,122,1.22,2.5,2.4582,False
2118,2019-08-12,2019,4.1177,2.5,1.646,132,1.32,2.5,2.4717000000000002,False
2119,2019-08-13,2019,4.1136,2.5,1.705,127,1.27,2.5,2.4086,False
2120,2019-08-14,2019,4.1078,2.5,1.58,130,1.3,2.5,2.5278,False
2121,2019-08-15,2019,4.1433,2.5,1.529,135,1.35,2.5,2.6143,False
2122,2019-08-16,2019,4.0993,2.5,1.555,131,1.31,2.5,2.5443000000000007,False
2123,2019-08-19,2019,4.175,2.5,1.607,125,1.25,2.5,2.5679999999999996,False
2124,2019-08-20,2019,4.172,2.5,1.556,129,1.29,2.5,2.6159999999999997,False
2125,2019-08-21,2019,4.173,2.5,1.59,125,1.25,2.5,2.583,False
2126,2019-08-22,2019,4.173,2.5,1.615,121,1.21,2.5,2.558,False
2127,2019-08-23,2019,4.163,2.5,1.536,127,1.27,2.5,2.6270000000000002,False
2128,2019-08-26,2019,4.199,2.5,1.536,125,1.25,2.5,2.663,False
2129,2019-08-27,2019,4.196,2.5,1.473,129,1.29,2.5,2.723,False
2130,2019-08-28,2019,4.1781,2.5,1.481,127,1.27,2.5,2.6971,False
2131,2019-09-02,2019,4.1983,2.5,1.498,122,1.22,2.5,2.7002999999999995,False
2132,2019-09-03,2019,4.1641,2.5,1.458,121,1.21,2.5,2.7061,False
2133,2019-09-04,2019,4.0927,2.5,1.467,120,1.2,2.51,2.6256999999999997,False
2134,2019-09-05,2019,4.0808,2.5,1.559,113,1.13,2.5,2.5218,False
2135,2019-09-06,2019,4.0455,2.5,1.561,116,1.16,2.51,2.4844999999999997,False
2136,2019-09-09,2019,4.064,2.5,1.645,112,1.12,2.5,2.419,False
2137,2019-09-10,2019,4.0758,2.5,1.732,109,1.09,2.51,2.3438,False
2138,2019-09-11,2019,4.0462,2.5,1.74,110,1.1,2.51,2.3061999999999996,False
2139,2019-09-12,2019,4.0534,2.5,1.772,104,1.04,2.51,2.2813999999999997,False
2140,2019-09-13,2019,4.0914,2.5,1.898,107,1.07,2.5,2.1934000000000005,False
2141,2019-09-16,2019,4.1539,2.5,1.848,112,1.12,2.51,2.3059000000000003,False
2142,2019-09-17,2019,4.1607,2.5,1.803,115,1.15,2.5,2.3577000000000004,False
2143,2019-09-18,2019,4.1786,2.5,1.798,112,1.12,2.5,2.3806000000000003,False
2144,2019-09-19,2019,4.215,2.5,1.786,113,1.13,2.51,2.429,False
2145,2019-09-20,2019,4.2102,2.5,1.723,115,1.15,2.5,2.4872000000000005,False
2146,2019-09-23,2019,4.1889,2.5,1.728,117,1.17,2.5,2.4609000000000005,False
2147,2019-09-24,2019,4.1725,2.5,1.646,124,1.24,2.5,2.5265000000000004,False
2148,2019-09-25,2019,4.2104,2.5,1.738,121,1.21,2.5,2.4724,False
2149,2019-09-26,2019,4.25,2.5,1.694,124,1.24,2.5,2.556,False
2150,2019-09-27,2019,4.2955,2.5,1.683,130,1.3,2.5,2.6125,False
2151,2019-09-30,2019,4.2467,2.5,1.666,131,1.31,2.5,2.5806999999999998,False
2152,2019-10-01,2019,4.1848,2.5,1.637,139,1.39,2.5,2.5478,False
2153,2019-10-02,2019,4.2168,2.5,1.6,143,1.43,2.5,2.6168,False
2154,2019-10-03,2019,4.1607,2.5,1.535,140,1.4,2.5,2.6257,False
2155,2019-10-04,2019,4.1236,2.5,1.53,134,1.34,2.5,2.5935999999999995,False
2156,2019-10-07,2019,4.0653,2.5,1.56,128,1.28,2.5,2.5052999999999996,False
2157,2019-10-09,2019,4.022,2.5,1.585,129,1.29,2.5,2.4370000000000003,False
2158,2019-10-10,2019,3.9285,2.5,1.67,125,1.25,2.5,2.2585,False
2159,2019-10-11,2019,4.0036,2.5,1.731,122,1.22,2.5,2.2725999999999997,False
2160,2019-10-14,2019,3.98,2.5,1.731,122,1.22,2.5,2.2489999999999997,False
2161,2019-10-15,2019,4.0367,2.5,1.773,123,1.23,2.51,2.2637,False
2162,2019-10-16,2019,3.9359,2.5,1.74,125,1.25,2.5,2.1959,False
2163,2019-10-17,2019,3.9246,2.5,1.753,126,1.26,2.5,2.1715999999999998,False
2164,2019-10-18,2019,3.9505,2.5,1.755,125,1.25,2.51,2.1955,False
2165,2019-10-21,2019,4.0133,2.5,1.801,121,1.21,2.5,2.2123,False
2166,2019-10-22,2019,4.0579,2.5,1.762,123,1.23,2.5,2.2959,False
2167,2019-10-23,2019,4.0929,2.5,1.765,123,1.23,2.5,2.3279000000000005,False
2168,2019-10-24,2019,4.0996,2.5,1.767,123,1.23,2.58,2.3326,False
2169,2019-10-25,2019,4.1385,2.5,1.796,120,1.2,2.51,2.3424999999999994,False
2170,2019-10-28,2019,4.1865,2.5,1.843,118,1.18,2.5,2.3434999999999997,False
2171,2019-10-29,2019,4.1932,2.5,1.839,121,1.21,2.5,2.3542,False
2172,2019-10-30,2019,4.2505,2.5,1.772,128,1.28,2.5,2.4784999999999995,False
2173,2019-11-04,2019,4.1575,2.5,1.778,125,1.25,2.5,2.3794999999999997,False
2174,2019-11-05,2019,4.1942,2.5,1.859,124,1.24,2.5,2.3352000000000004,False
2175,2019-11-06,2019,4.2193,2.5,1.829,127,1.27,2.5,2.3903,False
2176,2019-11-07,2019,4.2653,2.5,1.918,123,1.23,2.5,2.3472999999999997,False
2177,2019-11-08,2019,4.1937,2.25,1.943,121,1.21,2.26,2.2506999999999997,False
2178,2019-11-11,2019,4.2135,2.25,1.943,121,1.21,2.25,2.2704999999999997,False
2179,2019-11-12,2019,4.2601,2.25,1.936,124,1.24,2.25,2.3241000000000005,False
2180,2019-11-13,2019,4.3977,2.25,1.887,126,1.26,2.25,2.5107000000000004,False
2181,2019-11-14,2019,4.3578,2.25,1.82,128,1.28,2.25,2.5378,False
2182,2019-11-15,2019,4.2562,2.25,1.832,125,1.25,2.25,2.4242,False
2183,2019-11-18,2019,4.2696,2.25,1.816,127,1.27,2.25,2.4536,False
2184,2019-11-19,2019,4.2219,2.25,1.784,131,1.31,2.25,2.4379,False
2185,2019-11-20,2019,4.2307,2.25,1.747,134,1.34,2.25,2.4837,False
2186,2019-11-21,2019,4.2183,2.25,1.774,131,1.31,2.25,2.4443,False
2187,2019-11-22,2019,4.233,2.25,1.771,129,1.29,2.25,2.4619999999999997,False
2188,2019-11-25,2019,4.2008,2.25,1.756,129,1.29,2.25,2.4448,False
2189,2019-11-26,2019,4.1846,2.25,1.742,131,1.31,2.25,2.4425999999999997,False
2190,2019-11-27,2019,4.239,2.25,1.767,126,1.26,2.26,2.472,False
2191,2019-11-28,2019,4.2142,2.25,1.767,126,1.26,2.26,2.4472,False
2192,2019-11-29,2019,4.2664,2.25,1.777,126,1.26,2.25,2.4894,False
2193,2019-12-02,2019,4.2678,2.25,1.82,125,1.25,2.25,2.4478,False
2194,2019-12-03,2019,4.2349,2.25,1.717,136,1.36,2.26,2.5178999999999996,False
2195,2019-12-04,2019,4.2119,2.25,1.775,128,1.28,2.25,2.4369,False
2196,2019-12-05,2019,4.2549,2.25,1.811,127,1.27,2.25,2.4439,False
2197,2019-12-06,2019,4.2664,2.25,1.838,124,1.24,2.25,2.4284,False
2198,2019-12-09,2019,4.2305,2.25,1.82,123,1.23,2.25,2.4105,False
2199,2019-12-10,2019,4.1934,2.25,1.842,122,1.22,2.25,2.3513999999999995,False
2200,2019-12-11,2019,4.1911,2.25,1.793,125,1.25,2.25,2.3980999999999995,False
2201,2019-12-12,2019,4.2121,2.25,1.893,114,1.14,2.25,2.3191000000000006,False
2202,2019-12-13,2019,4.1787,2.25,1.823,118,1.18,2.25,2.3557,False
2203,2019-12-16,2019,4.149,2.25,1.872,110,1.1,2.25,2.277,False
2204,2019-12-17,2019,4.177,2.25,1.881,109,1.09,2.24,2.2959999999999994,False
2205,2019-12-18,2019,4.1959,2.25,1.918,105,1.05,2.25,2.2779,False
2206,2019-12-19,2019,4.6092,2.25,1.921,108,1.08,2.25,2.6882,False
2207,2019-12-20,2019,4.5875,2.25,1.918,109,1.09,2.25,2.6695,False
2208,2019-12-23,2019,4.5838,2.25,1.93,108,1.08,2.25,2.6538000000000004,False
2209,2019-12-24,2019,4.557,2.25,1.901,110,1.1,2.25,2.6560000000000006,False
2210,2019-12-26,2019,4.553,2.25,1.895,110,1.1,2.25,2.658,False
2211,2019-12-27,2019,4.5644,2.25,1.877,112,1.12,2.25,2.6874000000000002,False
2212,2019-12-30,2019,4.6208,2.25,1.88,110,1.1,2.25,2.7408,False
2213,2019-12-31,2019,4.6354,2.25,1.919,107,1.07,2.25,2.7163999999999997,False
2214,2020-01-02,2020,4.5598,2.25,1.878,110,1.1,2.25,2.6818,False
2215,2020-01-03,2020,4.5722,2.25,1.789,116,1.16,2.25,2.7832,False
2216,2020-01-06,2020,4.5512,2.25,1.81,113,1.13,2.25,2.7411999999999996,False
2217,2020-01-07,2020,4.5319,2.25,1.819,112,1.12,2.25,2.7129000000000003,False
2218,2020-01-08,2020,4.5657,2.25,1.875,107,1.07,2.25,2.6906999999999996,False
2219,2020-01-09,2020,4.5686,2.25,1.856,111,1.11,2.25,2.7126,False
2220,2020-01-10,2020,4.5471,2.25,1.821,112,1.12,2.25,2.7261000000000006,False
2221,2020-01-13,2020,4.5552,2.25,1.847,110,1.1,2.25,2.7082,False
2222,2020-01-14,2020,4.5688,2.25,1.812,112,1.12,2.25,2.7568,False
2223,2020-01-15,2020,4.5623,2.25,1.784,113,1.13,2.25,2.7782999999999998,False
2224,2020-01-16,2020,4.5617,2.25,1.808,110,1.1,2.25,2.7537000000000003,False
2225,2020-01-17,2020,4.5307,2.25,1.822,107,1.07,2.24,2.7087000000000003,False
2226,2020-01-20,2020,4.5141,2.25,1.822,107,1.07,2.24,2.6921,False
2227,2020-01-21,2020,4.4729,2.25,1.775,112,1.12,2.25,2.6979,False
2228,2020-01-22,2020,4.4761,2.25,1.77,112,1.12,2.25,2.7060999999999997,False
2229,2020-01-23,2020,4.4761,2.25,1.733,116,1.16,2.25,2.7430999999999996,False
2230,2020-01-24,2020,4.4677,2.25,1.685,119,1.19,2.25,2.7826999999999997,False
2231,2020-01-27,2020,4.4756,2.25,1.609,125,1.25,2.25,2.8666,False
2232,2020-01-28,2020,4.3942,2.25,1.657,121,1.21,2.25,2.7371999999999996,False
2233,2020-01-29,2020,4.3668,2.25,1.585,124,1.24,2.26,2.7817999999999996,False
2234,2020-01-30,2020,4.372,2.25,1.586,121,1.21,2.25,2.7859999999999996,False
2235,2020-01-31,2020,4.3601,2.25,1.508,122,1.22,2.25,2.8521,False
2236,2020-02-03,2020,4.3029,2.25,1.528,124,1.24,2.25,2.7749,False
2237,2020-02-04,2020,4.3029,2.25,1.6,122,1.22,2.25,2.7029,False
2238,2020-02-05,2020,4.2764,2.25,1.652,117,1.17,2.25,2.6243999999999996,False
2239,2020-02-06,2020,4.3124,2.25,1.644,116,1.16,2.25,2.6684,False
2240,2020-02-07,2020,4.3027,2.25,1.584,120,1.2,2.25,2.7186999999999997,False
2241,2020-02-10,2020,4.2845,2.25,1.571,122,1.22,2.25,2.7135000000000007,False
2242,2020-02-11,2020,4.2873,2.25,1.601,118,1.18,2.25,2.6863,False
2243,2020-02-12,2020,4.2873,2.25,1.634,114,1.14,2.25,2.6533,False
2244,2020-02-13,2020,4.2893,2.25,1.618,114,1.14,2.25,2.6712999999999996,False
2245,2020-02-14,2020,4.2721,2.25,1.587,115,1.15,2.25,2.6851000000000003,False
2246,2020-02-17,2020,4.2242,2.25,1.587,115,1.15,2.19,2.6372,False
2247,2020-02-18,2020,4.1816,2.25,1.562,118,1.18,2.24,2.6196,False
2248,2020-02-19,2020,4.1899,2.25,1.568,115,1.15,2.2,2.6218999999999997,False
2249,2020-02-20,2020,4.2072,2.25,1.516,116,1.16,2.24,2.6912000000000003,False
2250,2020-02-21,2020,4.2072,2.25,1.472,118,1.18,2.25,2.7352000000000003,False
2251,2020-02-24,2020,4.1439,2.25,1.371,123,1.23,2.25,2.7729000000000004,False
2252,2020-02-25,2020,4.1468,2.25,1.354,130,1.3,2.25,2.7927999999999997,False
2253,2020-02-26,2020,4.1927,2.25,1.339,132,1.32,2.25,2.8537000000000003,False
2254,2020-02-27,2020,4.2349,2.25,1.262,139,1.39,2.25,2.9728999999999997,False
2255,2020-02-28,2020,4.5157,2.25,1.15,156,1.56,2.25,3.3657,False
2256,2020-03-02,2020,4.2837,2.25,1.165,154,1.54,2.25,3.1186999999999996,False
2257,2020-03-03,2020,4.1779,2.25,1.001,153,1.53,2.25,3.1769000000000003,False
2258,2020-03-04,2020,4.0525,2.25,1.054,142,1.42,2.25,2.9985,False
2259,2020-03-05,2020,4.0494,2.25,0.914,149,1.49,2.25,3.1354,False
2260,2020-03-06,2020,4.0952,2.25,0.764,168,1.68,2.25,3.3312,False
2261,2020-03-09,2020,4.2179,2.25,0.543,213,2.13,2.25,3.6749,False
2262,2020-03-10,2020,4.3264,2.25,0.805,185,1.85,2.25,3.5213999999999994,False
2263,2020-03-11,2020,4.5106,2.25,0.872,205,2.05,2.25,3.6386000000000003,False
2264,2020-03-12,2020,5.214,2.25,0.811,231,2.31,2.25,4.4030000000000005,False
2265,2020-03-13,2020,5.2181,2.25,0.964,212,2.12,2.25,4.254099999999999,False
2266,2020-03-16,2020,6.0,2.25,0.721,268,2.68,2.25,5.279,False
2267,2020-03-17,2020,5.872,2.25,1.082,264,2.64,2.25,4.79,False
2268,2020-03-18,2020,6.5,2.25,1.195,332,3.32,2.25,5.305,False
2269,2020-03-19,2020,6.1,2.25,1.144,357,3.57,2.25,4.9559999999999995,False
2270,2020-03-20,2020,5.9,1.25,0.848,352,3.52,1.25,5.0520000000000005,False
2271,2020-03-23,2020,6.1,1.25,0.789,372,3.72,1.25,5.311,False
2272,2020-03-24,2020,6.0,1.25,0.85,346,3.46,1.25,5.15,False
2273,2020-03-25,2020,5.1,1.25,0.87,294,2.94,1.25,4.2299999999999995,False
2274,2020-03-26,2020,4.8,1.25,0.849,257,2.57,1.25,3.9509999999999996,False
2275,2020-03-27,2020,4.95,1.25,0.679,279,2.79,1.25,4.271,False
2276,2020-03-30,2020,5.202,1.25,0.729,278,2.78,1.25,4.473,False
2277,2020-03-31,2020,5.25,1.25,0.67,265,2.65,1.25,4.58,False
2278,2020-04-01,2020,5.7,1.25,0.584,285,2.85,1.25,5.1160000000000005,False
2279,2020-04-02,2020,5.81,1.25,0.599,292,2.92,1.25,5.210999999999999,False
2280,2020-04-03,2020,5.9,1.25,0.597,297,2.97,1.25,5.303000000000001,False
2281,2020-04-06,2020,5.95,1.25,0.672,294,2.94,1.25,5.2780000000000005,False
2282,2020-04-07,2020,5.55,1.25,0.714,282,2.82,1.17,4.836,False
2283,2020-04-08,2020,5.43,1.25,0.773,282,2.82,1.04,4.657,False
2284,2020-04-13,2020,4.9,0.25,0.774,262,2.62,0.2,4.126,False
2285,2020-04-14,2020,4.52,0.25,0.754,257,2.57,0.25,3.7659999999999996,False
2286,2020-04-15,2020,4.75,0.25,0.632,276,2.76,0.25,4.118,False
2287,2020-04-16,2020,4.7,0.25,0.628,282,2.82,0.24,4.072,False
2288,2020-04-17,2020,4.65,0.25,0.643,271,2.71,0.21,4.007000000000001,False
2289,2020-04-20,2020,4.64,0.25,0.607,274,2.74,0.21,4.0329999999999995,False
2290,2020-04-21,2020,4.75,0.25,0.571,282,2.82,0.23,4.179,False
2291,2020-04-22,2020,4.72,0.25,0.621,280,2.8,0.23,4.099,False
2292,2020-04-23,2020,4.7,0.25,0.603,283,2.83,0.25,4.097,False
2293,2020-04-24,2020,4.72,0.25,0.602,284,2.84,0.25,4.117999999999999,False
2294,2020-04-27,2020,4.76,0.25,0.661,278,2.78,0.25,4.099,False
2295,2020-04-28,2020,4.82,0.25,0.614,278,2.78,0.25,4.206,False
2296,2020-04-29,2020,4.74,0.25,0.628,271,2.71,0.25,4.112,False
2297,2020-04-30,2020,4.8,0.25,0.64,257,2.57,0.25,4.16,False
2298,2020-05-04,2020,4.9,0.25,0.636,251,2.51,0.36,4.264,False
2299,2020-05-05,2020,4.73,0.25,0.663,243,2.43,0.25,4.067,False
2300,2020-05-06,2020,4.77,0.25,0.704,236,2.36,0.24,4.066,False
2301,2020-05-07,2020,4.7,0.25,0.642,241,2.41,0.2,4.058,False
2302,2020-05-08,2020,4.44,0.25,0.685,234,2.34,0.26,3.7550000000000003,False
2303,2020-05-11,2020,4.39,0.25,0.711,229,2.29,0.26,3.679,False
2304,2020-05-12,2020,4.38,0.25,0.666,232,2.32,0.25,3.714,False
2305,2020-05-13,2020,4.4,0.25,0.653,241,2.41,0.2,3.7470000000000003,False
2306,2020-05-14,2020,4.41,0.25,0.623,245,2.45,0.21,3.787,False
2307,2020-05-15,2020,4.4,0.25,0.644,237,2.37,0.24,3.7560000000000002,False
2308,2020-05-18,2020,4.38,0.25,0.727,219,2.19,0.2,3.653,False
2309,2020-05-19,2020,4.4,0.25,0.69,215,2.15,0.2,3.7100000000000004,False
2310,2020-05-20,2020,4.36,0.25,0.681,208,2.08,0.21,3.6790000000000003,False
2311,2020-05-21,2020,4.27,0.25,0.673,197,1.97,0.21,3.5969999999999995,False
2312,2020-05-22,2020,4.3,0.25,0.66,195,1.95,0.25,3.6399999999999997,False
2313,2020-05-25,2020,4.24,0.25,0.66,195,1.95,0.25,3.58,False
2314,2020-05-26,2020,4.24,0.25,0.698,192,1.92,0.25,3.5420000000000003,False
2315,2020-05-27,2020,4.3,0.25,0.683,194,1.94,0.25,3.617,False
2316,2020-05-28,2020,4.27,0.25,0.692,191,1.91,0.25,3.5779999999999994,False
2317,2020-05-29,2020,4.31,0.25,0.653,191,1.91,0.25,3.6569999999999996,False
2318,2020-06-01,2020,4.36,0.25,0.66,189,1.89,0.25,3.7,False
2319,2020-06-02,2020,4.35,0.25,0.686,183,1.83,0.25,3.6639999999999997,False
2320,2020-06-03,2020,4.33,0.25,0.747,171,1.71,0.25,3.583,False
2321,2020-06-04,2020,4.41,0.25,0.825,171,1.71,0.25,3.585,False
2322,2020-06-05,2020,4.4,0.25,0.896,166,1.66,0.24,3.5040000000000004,False
2323,2020-06-08,2020,4.4,0.25,0.876,164,1.64,0.25,3.5240000000000005,False
2324,2020-06-09,2020,4.43,0.25,0.826,169,1.69,0.25,3.6039999999999996,False
2325,2020-06-10,2020,4.37,0.25,0.728,177,1.77,0.22,3.6420000000000003,False
2326,2020-06-11,2020,4.4,0.25,0.671,191,1.91,0.19,3.729,False
2327,2020-06-12,2020,4.42,0.25,0.705,191,1.91,0.15,3.715,False
2328,2020-06-15,2020,4.41,0.25,0.722,194,1.94,0.19,3.688,False
2329,2020-06-16,2020,4.39,0.25,0.754,182,1.82,0.19,3.6359999999999997,False
2330,2020-06-17,2020,4.42,0.25,0.739,184,1.84,0.19,3.681,False
2331,2020-06-18,2020,4.38,0.25,0.709,186,1.86,0.17,3.671,False
2332,2020-06-19,2020,4.36,0.25,0.695,182,1.82,0.14,3.6650000000000005,False
2333,2020-06-22,2020,4.37,0.25,0.709,181,1.81,0.25,3.661,False
2334,2020-06-23,2020,4.38,0.25,0.713,177,1.77,0.19,3.667,False
2335,2020-06-24,2020,4.38,0.25,0.68,178,1.78,0.19,3.6999999999999997,False
2336,2020-06-25,2020,4.38,0.25,0.686,178,1.78,0.16,3.694,False
2337,2020-06-26,2020,4.41,0.25,0.642,183,1.83,0.19,3.7680000000000002,False
2338,2020-06-30,2020,4.44,0.25,0.657,182,1.82,0.2,3.7830000000000004,False
2339,2020-07-01,2020,4.44,0.25,0.677,178,1.78,0.25,3.7630000000000003,False
2340,2020-07-02,2020,4.47,0.25,0.67,176,1.76,0.25,3.8,False
2341,2020-07-03,2020,4.49,0.25,0.67,176,1.76,0.24,3.8200000000000003,False
2342,2020-07-06,2020,4.5,0.25,0.678,173,1.73,0.24,3.822,False
2343,2020-07-07,2020,4.45,0.25,0.641,176,1.76,0.24,3.809,False
2344,2020-07-08,2020,4.38,0.25,0.665,174,1.74,0.24,3.715,False
2345,2020-07-09,2020,4.34,0.25,0.614,179,1.79,0.24,3.726,False
2346,2020-07-10,2020,4.36,0.25,0.646,177,1.77,0.2,3.7140000000000004,False
2347,2020-07-13,2020,4.34,0.25,0.619,176,1.76,0.23,3.721,False
2348,2020-07-14,2020,4.37,0.25,0.624,179,1.79,0.22,3.746,False
2349,2020-07-15,2020,4.3,0.25,0.631,175,1.75,0.23,3.6689999999999996,False
2350,2020-07-16,2020,4.24,0.25,0.618,176,1.76,0.22,3.6220000000000003,False
2351,2020-07-17,2020,4.14,0.25,0.627,171,1.71,0.23,3.513,False
2352,2020-07-20,2020,4.14,0.25,0.612,169,1.69,0.24,3.5279999999999996,False
2353,2020-07-21,2020,4.16,0.25,0.602,164,1.64,0.24,3.5580000000000003,False
2354,2020-07-22,2020,4.16,0.25,0.599,161,1.61,0.24,3.561,False
2355,2020-07-23,2020,4.11,0.25,0.579,162,1.62,0.25,3.5310000000000006,False
2356,2020-07-24,2020,4.04,0.25,0.59,164,1.64,0.25,3.45,False
2357,2020-07-27,2020,4.01,0.25,0.616,160,1.6,0.25,3.3939999999999997,False
2358,2020-07-29,2020,3.97,0.25,0.576,156,1.56,0.25,3.394,False
2359,2020-07-30,2020,3.95,0.25,0.548,155,1.55,0.25,3.402,False
2360,2020-07-31,2020,3.93,0.25,0.529,150,1.5,0.25,3.4010000000000002,False
2361,2020-08-03,2020,3.92,0.25,0.556,147,1.47,0.25,3.364,False
2362,2020-08-04,2020,3.92,0.25,0.508,147,1.47,0.25,3.412,False
2363,2020-08-05,2020,3.92,0.25,0.549,139,1.39,0.25,3.371,False
2364,2020-08-06,2020,4.05,0.25,0.537,137,1.37,0.25,3.513,False
2365,2020-08-07,2020,4.16,0.25,0.565,140,1.4,0.24,3.595,False
2366,2020-08-10,2020,4.18,0.25,0.577,140,1.4,0.25,3.6029999999999998,False
2367,2020-08-11,2020,4.1,0.25,0.642,140,1.4,0.25,3.4579999999999997,False
2368,2020-08-12,2020,4.08,0.25,0.671,142,1.42,0.16,3.409,False
2369,2020-08-13,2020,4.08,0.25,0.716,139,1.39,0.23,3.364,False
2370,2020-08-14,2020,4.08,0.25,0.709,143,1.43,0.23,3.371,False
2371,2020-08-17,2020,4.08,0.25,0.683,146,1.46,0.25,3.3970000000000002,False
2372,2020-08-18,2020,4.08,0.25,0.669,148,1.48,0.25,3.411,False
2373,2020-08-19,2020,4.08,0.25,0.676,147,1.47,0.25,3.404,False
2374,2020-08-20,2020,4.09,0.25,0.644,151,1.51,0.25,3.4459999999999997,False
2375,2020-08-21,2020,4.12,0.25,0.64,152,1.52,0.25,3.48,False
2376,2020-08-24,2020,4.11,0.25,0.682,149,1.49,0.25,3.4280000000000004,False
2377,2020-08-25,2020,4.14,0.25,0.687,149,1.49,0.25,3.4529999999999994,False
2378,2020-08-26,2020,4.11,0.25,0.687,149,1.49,0.25,3.423,False
2379,2020-08-27,2020,4.09,0.25,0.746,150,1.5,0.25,3.344,False
2380,2020-08-28,2020,4.03,0.25,0.729,148,1.48,0.25,3.301,False
2381,2020-08-31,2020,3.99,0.25,0.671,151,1.51,0.25,3.319,False
2382,2020-09-01,2020,4.02,0.25,0.671,150,1.5,0.25,3.3489999999999993,False
2383,2020-09-02,2020,4.07,0.25,0.651,150,1.5,0.25,3.4190000000000005,False
2384,2020-09-03,2020,4.12,0.25,0.622,153,1.53,0.25,3.498,False
2385,2020-09-04,2020,4.17,0.25,0.721,146,1.46,0.25,3.449,False
2386,2020-09-07,2020,4.2,0.25,0.723,146,1.46,0.25,3.4770000000000003,False
2387,2020-09-08,2020,4.13,0.25,0.684,150,1.5,0.09,3.4459999999999997,False
2388,2020-09-09,2020,4.05,0.25,0.703,148,1.48,0.22,3.347,False
2389,2020-09-10,2020,4.12,0.25,0.684,151,1.51,0.21,3.436,False
2390,2020-09-11,2020,4.2,0.25,0.667,158,1.58,0.25,3.5330000000000004,False
2391,2020-09-14,2020,4.17,0.25,0.669,158,1.58,0.25,3.501,False
2392,2020-09-15,2020,4.16,0.25,0.68,156,1.56,0.25,3.48,False
2393,2020-09-16,2020,4.19,0.25,0.687,155,1.55,0.25,3.503,False
2394,2020-09-17,2020,4.16,0.25,0.682,158,1.58,0.25,3.478,False
2395,2020-09-18,2020,4.16,0.25,0.694,158,1.58,0.25,3.466,False
2396,2020-09-21,2020,4.2,0.25,0.671,166,1.66,0.25,3.529,False
2397,2020-09-22,2020,4.28,0.25,0.676,173,1.73,0.25,3.604,False
2398,2020-09-23,2020,4.34,0.25,0.676,183,1.83,0.25,3.6639999999999997,False
2399,2020-09-24,2020,4.3,0.25,0.668,181,1.81,0.25,3.6319999999999997,False
2400,2020-09-25,2020,4.23,0.25,0.659,175,1.75,0.25,3.5710000000000006,False
2401,2020-09-28,2020,4.27,0.25,0.663,171,1.71,0.25,3.6069999999999993,False
2402,2020-09-29,2020,4.24,0.25,0.651,173,1.73,0.25,3.5890000000000004,False
2403,2020-09-30,2020,4.33,0.25,0.686,173,1.73,0.25,3.644,False
2404,2020-10-01,2020,4.3,0.25,0.679,171,1.71,0.25,3.6209999999999996,False
2405,2020-10-02,2020,4.32,0.25,0.704,167,1.67,0.25,3.6160000000000005,False
2406,2020-10-05,2020,4.27,0.25,0.778,160,1.6,0.25,3.4919999999999995,False
2407,2020-10-06,2020,4.25,0.25,0.74,162,1.62,0.25,3.51,False
2408,2020-10-07,2020,4.22,0.25,0.784,155,1.55,0.25,3.436,False
2409,2020-10-08,2020,4.1,0.25,0.779,149,1.49,0.25,3.3209999999999997,False
2410,2020-10-09,2020,4.04,0.25,0.779,145,1.45,0.25,3.261,False
2411,2020-10-12,2020,4.08,0.25,0.764,145,1.45,0.25,3.316,False
2412,2020-10-13,2020,4.15,0.25,0.729,147,1.47,0.25,3.4210000000000003,False
2413,2020-10-14,2020,4.12,0.25,0.727,145,1.45,0.25,3.3930000000000002,False
2414,2020-10-15,2020,4.15,0.25,0.739,142,1.42,0.25,3.4110000000000005,False
2415,2020-10-16,2020,4.17,0.25,0.749,141,1.41,0.25,3.421,False
2416,2020-10-19,2020,4.19,0.25,0.772,142,1.42,0.25,3.418,False
2417,2020-10-20,2020,4.27,0.25,0.792,142,1.42,0.25,3.4779999999999998,False
2418,2020-10-21,2020,4.34,0.25,0.821,145,1.45,0.25,3.519,False
2419,2020-10-22,2020,4.3,0.25,0.861,146,1.46,0.25,3.439,False
2420,2020-10-23,2020,4.21,0.25,0.841,149,1.49,0.25,3.3689999999999998,False
2421,2020-10-26,2020,4.21,0.25,0.803,151,1.51,0.25,3.407,False
2422,2020-10-27,2020,4.17,0.25,0.771,149,1.49,0.25,3.399,False
2423,2020-10-28,2020,4.24,0.25,0.774,152,1.52,0.25,3.466,False
2424,2020-10-29,2020,4.2,0.25,0.831,150,1.5,0.25,3.369,False
2425,2020-10-30,2020,4.22,0.25,0.874,149,1.49,0.25,3.3459999999999996,False
2426,2020-11-02,2020,4.17,0.25,0.852,150,1.5,0.25,3.318,False
2427,2020-11-03,2020,4.05,0.25,0.896,146,1.46,0.25,3.154,False
2428,2020-11-04,2020,4.0,0.25,0.771,145,1.45,0.25,3.229,False
2429,2020-11-05,2020,3.85,0.25,0.766,143,1.43,0.25,3.084,False
2430,2020-11-06,2020,3.94,0.25,0.82,146,1.46,0.25,3.12,False
2431,2020-11-09,2020,3.94,0.25,0.924,137,1.37,0.25,3.016,False
2432,2020-11-10,2020,4.0,0.25,0.96,144,1.44,0.25,3.04,False
2433,2020-11-11,2020,4.08,0.25,0.977,144,1.44,0.25,3.103,False
2434,2020-11-12,2020,4.09,0.25,0.883,142,1.42,0.25,3.207,False
2435,2020-11-13,2020,4.16,0.25,0.898,142,1.42,0.25,3.262,False
2436,2020-11-16,2020,4.24,0.25,0.911,147,1.47,0.25,3.329,False
2437,2020-11-17,2020,4.07,0.25,0.862,144,1.44,0.25,3.208,False
2438,2020-11-18,2020,4.0537,0.25,0.87,143,1.43,0.25,3.1837,False
2439,2020-11-19,2020,4.0657,0.25,0.842,144,1.44,0.25,3.2236999999999996,False
2440,2020-11-20,2020,4.02,0.25,0.824,142,1.42,0.25,3.1959999999999997,False
2441,2020-11-23,2020,4.0,0.25,0.859,149,1.49,0.25,3.141,False
2442,2020-11-24,2020,3.9501,0.25,0.885,151,1.51,0.25,3.0651,False
2443,2020-11-25,2020,3.9356,0.25,0.882,154,1.54,0.25,3.0536,False
2444,2020-11-26,2020,3.8817,0.25,0.859,154,1.54,0.25,3.0227,False
2445,2020-11-27,2020,3.9,0.25,0.842,159,1.59,0.25,3.058,False
2446,2020-11-30,2020,3.9078,0.25,0.842,161,1.61,0.25,3.0658,False
2447,2020-12-01,2020,3.9227,0.25,0.929,152,1.52,0.25,2.9936999999999996,False
2448,2020-12-02,2020,3.9028,0.25,0.938,149,1.49,0.25,2.9648000000000003,False
2449,2020-12-03,2020,3.87,0.25,0.911,151,1.51,0.25,2.959,False
2450,2020-12-04,2020,3.81,0.25,0.973,148,1.48,0.25,2.837,False
2451,2020-12-07,2020,3.763,0.25,0.928,152,1.52,0.25,2.835,False
2452,2020-12-09,2020,3.72,0.25,0.938,151,1.51,0.25,2.782,False
2453,2020-12-10,2020,3.69,0.25,0.906,154,1.54,0.25,2.784,False
2454,2020-12-11,2020,3.67,0.25,0.896,155,1.55,0.25,2.774,False
2455,2020-12-14,2020,3.66,0.25,0.898,152,1.52,0.25,2.762,False
2456,2020-12-15,2020,3.57,0.25,0.911,144,1.44,0.25,2.659,False
2457,2020-12-16,2020,3.56,0.25,0.92,141,1.41,0.25,2.64,False
2458,2020-12-17,2020,3.52,0.25,0.935,137,1.37,0.25,2.585,False
2459,2020-12-18,2020,3.5,0.25,0.945,135,1.35,0.25,2.555,False
2460,2020-12-21,2020,3.51,0.25,0.938,137,1.37,0.25,2.572,False
2461,2020-12-22,2020,3.55,0.25,0.921,137,1.37,0.25,2.6289999999999996,False
2462,2020-12-23,2020,3.51,0.25,0.945,134,1.34,0.25,2.565,False
2463,2020-12-24,2020,3.512,0.25,0.926,137,1.37,0.25,2.586,False
2464,2020-12-28,2020,3.514,0.25,0.923,136,1.36,0.25,2.5909999999999997,False
2465,2020-12-29,2020,3.511,0.25,0.94,135,1.35,0.25,2.571,False
2466,2020-12-30,2020,3.52,0.25,0.926,136,1.36,0.25,2.594,False
2467,2020-12-31,2020,3.5,0.25,0.916,132,1.32,0.25,2.584,False
2468,2021-01-04,2021,3.49,0.25,0.918,131,1.31,0.25,2.572,False
2469,2021-01-05,2021,3.51,0.25,0.955,130,1.3,0.25,2.5549999999999997,False
2470,2021-01-06,2021,3.61,0.25,1.039,128,1.28,0.25,2.5709999999999997,False
2471,2021-01-07,2021,3.64,0.25,1.081,128,1.28,0.25,2.559,False
2472,2021-01-08,2021,3.65,0.25,1.119,125,1.25,0.25,2.5309999999999997,False
2473,2021-01-11,2021,3.7,0.25,1.144,129,1.29,0.25,2.556,False
2474,2021-01-12,2021,3.62,0.25,1.129,138,1.38,0.25,2.491,False
2475,2021-01-13,2021,3.58,0.25,1.092,135,1.35,0.25,2.488,False
2476,2021-01-14,2021,3.59,0.25,1.129,131,1.31,0.25,2.461,False
2477,2021-01-15,2021,3.62,0.25,1.087,134,1.34,0.25,2.5330000000000004,False
2478,2021-01-18,2021,3.64,0.25,1.1,134,1.34,0.25,2.54,False
2479,2021-01-19,2021,3.66,0.25,1.092,134,1.34,0.25,2.568,False
2480,2021-01-20,2021,3.67,0.25,1.077,134,1.34,0.25,2.593,False
2481,2021-01-21,2021,3.68,0.25,1.109,133,1.33,0.25,2.571,False
2482,2021-01-22,2021,3.72,0.25,1.086,131,1.31,0.25,2.6340000000000003,False
2483,2021-01-25,2021,3.73,0.25,1.033,133,1.33,0.25,2.697,False
2484,2021-01-26,2021,3.78,0.25,1.033,132,1.32,0.25,2.747,False
2485,2021-01-27,2021,3.88,0.25,1.013,133,1.33,0.25,2.867,False
2486,2021-01-28,2021,3.73,0.25,1.052,131,1.31,0.25,2.678,False
2487,2021-01-29,2021,3.66,0.25,1.071,128,1.28,0.25,2.5890000000000004,False
2488,2021-02-01,2021,3.71,0.25,1.079,131,1.31,0.25,2.6310000000000002,False
2489,2021-02-02,2021,3.74,0.25,1.095,130,1.3,0.25,2.6450000000000005,False
2490,2021-02-03,2021,3.77,0.25,1.139,132,1.32,0.25,2.6310000000000002,False
2491,2021-02-04,2021,3.78,0.25,1.136,137,1.37,0.25,2.644,False
2492,2021-02-05,2021,3.77,0.25,1.169,135,1.35,0.25,2.601,False
2493,2021-02-08,2021,3.77,0.25,1.176,136,1.36,0.25,2.5940000000000003,False
2494,2021-02-09,2021,3.76,0.25,1.16,135,1.35,0.25,2.5999999999999996,False
2495,2021-02-10,2021,3.73,0.25,1.124,137,1.37,0.25,2.606,False
2496,2021-02-11,2021,3.75,0.25,1.165,134,1.34,0.25,2.585,False
2497,2021-02-12,2021,3.77,0.25,1.21,133,1.33,0.25,2.56,False
2498,2021-02-15,2021,3.79,0.25,1.25,133,1.33,0.25,2.54,False
2499,2021-02-16,2021,3.87,0.25,1.311,136,1.36,0.25,2.559,False
2500,2021-02-17,2021,3.89,0.25,1.282,136,1.36,0.25,2.608,False
2501,2021-02-18,2021,3.99,0.25,1.297,138,1.38,0.25,2.6930000000000005,False
2502,2021-02-19,2021,4.11,0.25,1.34,137,1.37,0.25,2.7700000000000005,False
2503,2021-02-22,2021,4.21,0.25,1.369,141,1.41,0.25,2.841,False
2504,2021-02-23,2021,4.15,0.25,1.343,145,1.45,0.25,2.8070000000000004,False
2505,2021-02-24,2021,4.15,0.25,1.372,145,1.45,0.25,2.7780000000000005,False
2506,2021-02-25,2021,4.29,0.25,1.53,147,1.47,0.25,2.76,False
2507,2021-02-26,2021,4.23,0.25,1.407,164,1.64,0.25,2.8230000000000004,False
2508,2021-03-01,2021,4.27,0.25,1.426,159,1.59,0.25,2.8439999999999994,False
2509,2021-03-02,2021,4.42,0.25,1.398,165,1.65,0.25,3.0220000000000002,False
2510,2021-03-03,2021,4.57,0.25,1.484,166,1.66,0.25,3.0860000000000003,False
2511,2021-03-04,2021,4.75,0.25,1.557,170,1.7,0.25,3.193,False
2512,2021-03-05,2021,4.76,0.25,1.577,178,1.78,0.25,3.183,False
2513,2021-03-08,2021,4.9,0.25,1.603,185,1.85,0.25,3.2970000000000006,False
2514,2021-03-09,2021,4.79,0.25,1.528,184,1.84,0.25,3.262,False
2515,2021-03-10,2021,4.7,0.25,1.521,180,1.8,0.25,3.1790000000000003,False
2516,2021-03-11,2021,4.56,0.25,1.535,173,1.73,0.25,3.0249999999999995,False
2517,2021-03-12,2021,4.7,0.25,1.625,166,1.66,0.25,3.075,False
2518,2021-03-15,2021,4.68,0.25,1.607,166,1.66,0.25,3.0729999999999995,False
2519,2021-03-16,2021,4.7,0.25,1.621,160,1.6,0.25,3.079,False
2520,2021-03-17,2021,4.68,0.25,1.646,159,1.59,0.25,3.034,False
2521,2021-03-18,2021,4.66,0.25,1.706,157,1.57,0.25,2.954,False
2522,2021-03-19,2021,4.6,0.25,1.73,156,1.56,0.25,2.8699999999999997,False
2523,2021-03-22,2021,4.54,0.25,1.695,160,1.6,0.25,2.8449999999999998,False
2524,2021-03-23,2021,4.62,0.25,1.622,161,1.61,0.25,2.998,False
2525,2021-03-24,2021,4.68,0.25,1.614,161,1.61,0.25,3.066,False
2526,2021-03-25,2021,4.71,0.25,1.633,162,1.62,0.25,3.077,False
2527,2021-03-26,2021,4.73,0.25,1.674,160,1.6,0.25,3.0560000000000005,False
2528,2021-03-29,2021,4.8,0.25,1.717,156,1.56,0.25,3.0829999999999997,False
2529,2021-03-30,2021,4.99,0.25,1.71,161,1.61,0.25,3.2800000000000002,False
2530,2021-03-31,2021,4.97,0.25,1.744,152,1.52,0.25,3.226,False
2531,2021-04-05,2021,4.91,0.25,1.707,148,1.48,0.25,3.2030000000000003,False
2532,2021-04-06,2021,4.79,0.25,1.658,148,1.48,0.25,3.132,False
2533,2021-04-07,2021,4.78,0.25,1.679,149,1.49,0.25,3.101,False
2534,2021-04-08,2021,4.74,0.25,1.626,151,1.51,0.25,3.1140000000000003,False
2535,2021-04-09,2021,4.81,0.25,1.662,152,1.52,0.25,3.1479999999999997,False
2536,2021-04-12,2021,4.8,0.25,1.669,159,1.59,0.25,3.131,False
2537,2021-04-13,2021,4.78,0.25,1.62,164,1.64,0.25,3.16,False
2538,2021-04-14,2021,4.88,0.25,1.634,160,1.6,0.25,3.246,False
2539,2021-04-15,2021,4.87,0.25,1.574,161,1.61,0.25,3.2960000000000003,False
2540,2021-04-16,2021,4.89,0.25,1.5904,157,1.57,0.25,3.2996,False
2541,2021-04-19,2021,5.02,0.25,1.61,164,1.64,0.25,3.4099999999999993,False
2542,2021-04-20,2021,5.06,0.25,1.566,175,1.75,0.25,3.4939999999999998,False
2543,2021-04-21,2021,5.16,0.25,1.559,181,1.81,0.25,3.601,False
2544,2021-04-22,2021,5.36,0.25,1.5416,188,1.88,0.25,3.8184000000000005,False
2545,2021-04-23,2021,5.42,0.25,1.5595,180,1.8,0.25,3.8605,False
2546,2021-04-26,2021,5.65,0.25,1.572,185,1.85,0.25,4.078,False
2547,2021-04-27,2021,5.61,0.25,1.622,181,1.81,0.25,3.9880000000000004,False
2548,2021-04-28,2021,5.47,0.25,1.613,177,1.77,0.25,3.8569999999999998,False
2549,2021-04-29,2021,5.4,0.25,1.643,170,1.7,0.25,3.7570000000000006,False
2550,2021-04-30,2021,5.4,0.25,1.626,165,1.65,0.25,3.7740000000000005,False
2551,2021-05-03,2021,5.43,0.25,1.599,164,1.64,0.25,3.8309999999999995,False
2552,2021-05-04,2021,5.39,0.25,1.594,167,1.67,0.25,3.7959999999999994,False
2553,2021-05-05,2021,5.31,0.25,1.578,175,1.75,0.25,3.7319999999999993,False
2554,2021-05-06,2021,5.12,0.25,1.57,174,1.74,0.25,3.55,False
2555,2021-05-07,2021,5.05,0.25,1.579,164,1.64,0.25,3.471,False
2556,2021-05-10,2021,4.88,0.25,1.604,159,1.59,0.25,3.276,False
2557,2021-05-11,2021,4.89,0.25,1.622,158,1.58,0.25,3.268,False
2558,2021-05-12,2021,4.92,0.25,1.693,157,1.57,0.25,3.227,False
2559,2021-05-13,2021,4.79,0.25,1.659,155,1.55,0.25,3.1310000000000002,False
2560,2021-05-14,2021,4.8,0.25,1.635,154,1.54,0.25,3.165,False
2561,2021-05-17,2021,4.89,0.25,1.652,153,1.53,0.25,3.2379999999999995,False
2562,2021-05-18,2021,4.95,0.25,1.64,152,1.52,0.25,3.3100000000000005,False
2563,2021-05-19,2021,4.99,0.25,1.676,155,1.55,0.25,3.314,False
2564,2021-05-20,2021,4.97,0.25,1.628,159,1.59,0.25,3.3419999999999996,False
2565,2021-05-21,2021,4.85,0.25,1.623,164,1.64,0.25,3.2269999999999994,False
2566,2021-05-24,2021,4.98,0.25,1.603,172,1.72,0.25,3.3770000000000007,False
2567,2021-05-25,2021,4.98,0.25,1.56,174,1.74,0.25,3.4200000000000004,False
2568,2021-05-26,2021,5.08,0.25,1.581,171,1.71,0.25,3.499,False
2569,2021-05-27,2021,4.93,0.25,1.606,170,1.7,0.25,3.324,False
2570,2021-05-28,2021,4.82,0.25,1.581,169,1.69,0.25,3.2390000000000003,False
2571,2021-05-31,2021,4.77,0.25,1.61,169,1.69,0.25,3.1599999999999993,False
2572,2021-06-01,2021,4.85,0.25,1.606,167,1.67,0.25,3.2439999999999998,False
2573,2021-06-02,2021,4.89,0.25,1.589,167,1.67,0.25,3.3009999999999997,False
2574,2021-06-03,2021,4.84,0.25,1.625,165,1.65,0.25,3.215,False
2575,2021-06-04,2021,4.68,0.25,1.557,167,1.67,0.25,3.1229999999999998,False
2576,2021-06-07,2021,5.0,0.25,1.569,180,1.8,0.25,3.431,False
2577,2021-06-08,2021,4.92,0.25,1.538,176,1.76,0.25,3.3819999999999997,False
2578,2021-06-09,2021,5.15,0.25,1.492,172,1.72,0.25,3.6580000000000004,False
2579,2021-06-10,2021,5.08,0.25,1.437,174,1.74,0.25,3.643,False
2580,2021-06-11,2021,5.15,0.25,1.454,170,1.7,0.25,3.6960000000000006,False
2581,2021-06-14,2021,5.3,0.25,1.497,169,1.69,0.25,3.803,False
2582,2021-06-15,2021,5.4,0.25,1.489,169,1.69,0.25,3.9110000000000005,False
2583,2021-06-16,2021,5.41,0.25,1.581,169,1.69,0.25,3.829,False
2584,2021-06-17,2021,5.423,0.25,1.511,170,1.7,0.25,3.912,False
2585,2021-06-18,2021,5.55,0.25,1.443,174,1.74,0.25,4.106999999999999,False
2586,2021-06-21,2021,5.765,0.25,1.495,174,1.74,0.25,4.27,False
2587,2021-06-22,2021,5.68,0.25,1.467,170,1.7,0.25,4.212999999999999,False
2588,2021-06-23,2021,5.72,0.25,1.485,168,1.68,0.25,4.234999999999999,False
2589,2021-06-24,2021,5.64,0.25,1.499,167,1.67,0.25,4.141,False
2590,2021-06-25,2021,5.57,0.25,1.524,163,1.63,0.25,4.046,False
2591,2021-06-30,2021,5.37,0.25,1.468,163,1.63,0.25,3.902,False
2592,2021-07-01,2021,5.41,0.25,1.459,163,1.63,0.25,3.951,False
2593,2021-07-02,2021,5.5,0.25,1.431,166,1.66,0.25,4.069,False
2594,2021-07-05,2021,5.614,0.25,1.436,166,1.66,0.25,4.178,False
2595,2021-07-06,2021,5.62,0.25,1.352,166,1.66,0.25,4.268,False
2596,2021-07-07,2021,5.8,0.25,1.323,167,1.67,0.25,4.477,False
2597,2021-07-08,2021,5.75,0.25,1.294,167,1.67,0.25,4.4559999999999995,False
2598,2021-07-09,2021,5.85,0.25,1.361,163,1.63,0.25,4.489,False
2599,2021-07-13,2021,5.85,0.25,1.418,160,1.6,0.25,4.4319999999999995,False
2600,2021-07-14,2021,5.75,0.25,1.349,161,1.61,0.25,4.401,False
2601,2021-07-15,2021,5.67,0.25,1.301,165,1.65,0.25,4.369,False
2602,2021-07-16,2021,5.56,0.25,1.3,163,1.63,0.25,4.26,False
2603,2021-07-19,2021,5.65,0.25,1.199,171,1.71,0.25,4.4510000000000005,False
2604,2021-07-20,2021,5.62,0.25,1.222,169,1.69,0.25,4.398,False
2605,2021-07-21,2021,5.55,0.25,1.292,169,1.69,0.25,4.258,False
2606,2021-07-22,2021,5.41,0.25,1.277,173,1.73,0.25,4.133,False
2607,2021-07-23,2021,5.46,0.25,1.281,172,1.72,0.25,4.179,False
2608,2021-07-26,2021,5.38,0.25,1.295,173,1.73,0.25,4.085,False
2609,2021-07-27,2021,5.47,0.25,1.239,179,1.79,0.25,4.231,False
2610,2021-07-30,2021,6.45,0.25,1.226,197,1.97,0.25,5.224,False
2611,2021-08-02,2021,6.05,0.25,1.179,193,1.93,0.25,4.8709999999999996,False
2612,2021-08-03,2021,5.87,0.25,1.174,187,1.87,0.25,4.696,False
2613,2021-08-04,2021,6.04,0.25,1.18,186,1.86,0.25,4.86,False
2614,2021-08-05,2021,6.09,0.25,1.225,182,1.82,0.25,4.865,False
2615,2021-08-06,2021,6.34,0.25,1.305,179,1.79,0.25,5.035,False
2616,2021-08-09,2021,6.45,0.25,1.325,179,1.79,0.25,5.125,False
2617,2021-08-10,2021,6.36,0.25,1.354,183,1.83,0.25,5.006,False
2618,2021-08-11,2021,6.4,0.25,1.335,184,1.84,0.25,5.065,False
2619,2021-08-12,2021,6.5,0.25,1.361,183,1.83,0.25,5.139,False
2620,2021-08-13,2021,6.38,0.5,1.283,188,1.88,0.5,5.0969999999999995,False
2621,2021-08-16,2021,6.45,0.5,1.268,189,1.89,0.5,5.182,False
2622,2021-08-17,2021,6.49,0.5,1.267,188,1.88,0.5,5.223000000000001,False
2623,2021-08-18,2021,6.48,0.5,1.26,187,1.87,0.5,5.220000000000001,False
2624,2021-08-19,2021,6.66,0.5,1.243,187,1.87,0.5,5.417,False
2625,2021-08-20,2021,6.8,0.5,1.255,185,1.85,0.5,5.545,False
2626,2021-08-23,2021,6.69,0.5,1.253,185,1.85,0.5,5.437,False
2627,2021-08-24,2021,6.44,0.5,1.297,179,1.79,0.5,5.143000000000001,False
2628,2021-08-25,2021,6.49,0.5,1.349,174,1.74,0.5,5.141,False
2629,2021-08-26,2021,6.3,0.5,1.354,178,1.78,0.5,4.946,False
2630,2021-08-27,2021,6.09,0.5,1.31,178,1.78,0.5,4.779999999999999,False
2631,2021-08-31,2021,6.09,0.5,1.307,175,1.75,0.5,4.7829999999999995,False
2632,2021-09-01,2021,6.15,0.5,1.299,175,1.75,0.5,4.851000000000001,False
2633,2021-09-02,2021,6.26,0.5,1.285,178,1.78,0.5,4.975,False
2634,2021-09-03,2021,6.25,0.5,1.326,175,1.75,0.5,4.9239999999999995,False
2635,2021-09-06,2021,6.25,0.5,1.336,175,1.75,0.5,4.914,False
2636,2021-09-07,2021,6.3,0.5,1.377,171,1.71,0.5,4.923,False
2637,2021-09-08,2021,6.4,0.5,1.336,174,1.74,0.5,5.064,False
2638,2021-09-09,2021,6.4,0.5,1.297,175,1.75,0.5,5.103000000000001,False
2639,2021-09-10,2021,6.46,1.0,1.343,172,1.72,1.0,5.117,False
2640,2021-09-13,2021,6.43,1.0,1.326,174,1.74,1.0,5.103999999999999,False
2641,2021-09-14,2021,6.37,1.0,1.284,178,1.78,1.0,5.086,False
2642,2021-09-15,2021,6.43,1.0,1.304,174,1.74,1.0,5.1259999999999994,False
2643,2021-09-16,2021,6.4,1.0,1.336,172,1.72,1.0,5.064,False
2644,2021-09-17,2021,6.36,1.0,1.363,169,1.69,1.0,4.997,False
2645,2021-09-20,2021,6.3,1.0,1.312,177,1.77,1.0,4.9879999999999995,False
2646,2021-09-21,2021,6.27,1.0,1.328,175,1.75,1.0,4.941999999999999,False
2647,2021-09-22,2021,6.27,1.0,1.304,175,1.75,1.0,4.965999999999999,False
2648,2021-09-23,2021,6.27,1.0,1.435,169,1.69,1.0,4.834999999999999,False
2649,2021-09-24,2021,6.3,1.0,1.453,170,1.7,1.0,4.8469999999999995,False
2650,2021-09-27,2021,6.38,1.0,1.491,172,1.72,1.0,4.888999999999999,False
2651,2021-09-28,2021,6.41,1.0,1.546,173,1.73,1.0,4.864,False
2652,2021-09-29,2021,6.43,1.0,1.524,175,1.75,1.0,4.906,False
2653,2021-09-30,2021,6.44,1.0,1.492,180,1.8,1.0,4.948,False
2654,2021-10-01,2021,6.37,1.0,1.465,186,1.86,1.0,4.905,False
2655,2021-10-04,2021,6.33,1.0,1.481,186,1.86,1.0,4.849,False
2656,2021-10-05,2021,6.18,1.0,1.536,183,1.83,1.0,4.644,False
2657,2021-10-06,2021,6.14,1.0,1.528,185,1.85,1.0,4.612,False
2658,2021-10-07,2021,5.92,1.0,1.576,173,1.73,1.0,4.343999999999999,False
2659,2021-10-11,2021,5.95,1.5,1.628,171,1.71,1.5,4.322,False
2660,2021-10-12,2021,5.76,1.5,1.572,174,1.74,1.5,4.188,False
2661,2021-10-13,2021,5.78,1.5,1.542,173,1.73,1.5,4.238,False
2662,2021-10-14,2021,5.71,1.5,1.516,170,1.7,1.5,4.194,False
2663,2021-10-15,2021,5.83,1.5,1.574,170,1.7,1.5,4.256,False
2664,2021-10-18,2021,5.95,1.5,1.591,172,1.72,1.5,4.359,False
2665,2021-10-19,2021,5.9,1.5,1.641,165,1.65,1.5,4.259,False
2666,2021-10-20,2021,5.92,1.5,1.66,162,1.62,1.5,4.26,False
2667,2021-10-21,2021,5.94,1.5,1.696,161,1.61,1.5,4.244000000000001,False
2668,2021-10-22,2021,5.88,1.5,1.638,161,1.61,1.5,4.242,False
2669,2021-10-25,2021,5.88,1.5,1.633,159,1.59,1.5,4.247,False
2670,2021-10-26,2021,5.95,1.5,1.61,164,1.64,1.5,4.34,False
2671,2021-10-27,2021,5.95,1.5,1.55,166,1.66,1.5,4.4,False
2672,2021-10-28,2021,5.83,1.5,1.578,171,1.71,1.5,4.252,False
2673,2021-10-29,2021,5.82,1.5,1.561,181,1.81,1.5,4.259,False
2674,2021-11-02,2021,5.82,1.5,1.547,183,1.83,1.5,4.273000000000001,False
2675,2021-11-03,2021,5.9,1.5,1.603,175,1.75,1.5,4.297000000000001,False
2676,2021-11-04,2021,5.84,1.5,1.53,179,1.79,1.5,4.31,False
2677,2021-11-05,2021,5.73,1.5,1.455,182,1.82,1.5,4.275,False
2678,2021-11-08,2021,5.74,1.5,1.493,173,1.73,1.5,4.247,False
2679,2021-11-09,2021,5.8,1.5,1.439,176,1.76,1.5,4.361,False
2680,2021-11-10,2021,5.87,1.5,1.57,172,1.72,1.5,4.3,False
2681,2021-11-11,2021,5.85,1.5,1.578,172,1.72,1.5,4.271999999999999,False
2682,2021-11-12,2021,5.85,2.0,1.57,173,1.73,2.0,4.279999999999999,False
2683,2021-11-15,2021,5.8,2.0,1.618,171,1.71,2.0,4.1819999999999995,False
2684,2021-11-16,2021,5.87,2.0,1.64,171,1.71,2.0,4.23,False
2685,2021-11-17,2021,5.83,2.0,1.585,174,1.74,2.0,4.245,False
2686,2021-11-18,2021,5.87,2.0,1.587,174,1.74,2.0,4.283,False
2687,2021-11-19,2021,5.86,2.0,1.548,177,1.77,2.0,4.312,False
2688,2021-11-22,2021,5.9,2.0,1.632,174,1.74,2.0,4.268000000000001,False
2689,2021-11-23,2021,5.97,2.0,1.676,178,1.78,2.0,4.294,False
2690,2021-11-24,2021,5.97,2.0,1.643,184,1.84,2.0,4.327,False
2691,2021-11-25,2021,5.96,2.0,1.596,184,1.84,2.0,4.364,False
2692,2021-11-26,2021,5.88,2.0,1.482,203,2.03,2.0,4.398,False
2693,2021-11-29,2021,5.92,2.0,1.502,196,1.96,2.0,4.418,False
2694,2021-11-30,2021,5.95,2.0,1.456,194,1.94,2.0,4.494,False
2695,2021-12-01,2021,5.98,2.0,1.404,188,1.88,2.0,4.5760000000000005,False
2696,2021-12-02,2021,5.98,2.0,1.444,185,1.85,2.0,4.5360000000000005,False
2697,2021-12-03,2021,5.98,2.0,1.356,191,1.91,2.0,4.6240000000000006,False
2698,2021-12-06,2021,5.96,2.0,1.433,184,1.84,2.0,4.527,False
2699,2021-12-07,2021,5.91,2.0,1.482,175,1.75,2.0,4.428,False
2700,2021-12-09,2021,5.93,2.0,1.497,169,1.69,2.0,4.433,False
2701,2021-12-10,2021,5.89,2.5,1.482,169,1.69,2.5,4.4079999999999995,False
2702,2021-12-13,2021,5.88,2.5,1.414,173,1.73,2.5,4.466,False
2703,2021-12-14,2021,5.89,2.5,1.441,171,1.71,2.5,4.449,False
2704,2021-12-15,2021,5.91,2.5,1.458,170,1.7,2.5,4.452,False
2705,2021-12-16,2021,5.9,2.5,1.424,173,1.73,2.5,4.476000000000001,False
2706,2021-12-17,2021,5.92,2.5,1.407,174,1.74,2.5,4.513,False
2707,2021-12-20,2021,5.95,2.5,1.428,175,1.75,2.5,4.522,False
2708,2021-12-21,2021,6.0,2.5,1.467,173,1.73,2.5,4.5329999999999995,False
2709,2021-12-22,2021,5.97,2.5,1.453,176,1.76,2.5,4.5169999999999995,False
2710,2021-12-23,2021,5.94,2.5,1.493,172,1.72,2.5,4.447,False
2711,2021-12-24,2021,5.92,2.5,1.493,172,1.72,2.5,4.427,False
2712,2021-12-27,2021,5.89,2.5,1.477,173,1.73,2.5,4.412999999999999,False
2713,2021-12-28,2021,5.86,2.5,1.484,171,1.71,2.5,4.376,False
2714,2021-12-29,2021,5.9,2.5,1.556,166,1.66,2.5,4.344,False
2715,2021-12-30,2021,5.934,2.5,1.507,169,1.69,2.5,4.4270000000000005,False
2716,2021-12-31,2021,5.87,2.5,1.512,170,1.7,2.5,4.3580000000000005,False
2717,2022-01-03,2022,5.944,2.5,1.637,162,1.62,2.5,4.307,False
2718,2022-01-04,2022,5.96,2.5,1.649,165,1.65,2.5,4.311,False
2719,2022-01-05,2022,6.0,2.5,1.7,167,1.67,2.5,4.3,False
2720,2022-01-06,2022,6.02,2.5,1.728,176,1.76,2.5,4.292,False
2721,2022-01-07,2022,6.05,3.0,1.765,177,1.77,3.0,4.285,False
2722,2022-01-10,2022,6.12,3.0,1.755,180,1.8,3.0,4.365,False
2723,2022-01-11,2022,6.05,3.0,1.746,181,1.81,3.0,4.304,False
2724,2022-01-12,2022,6.04,3.0,1.752,179,1.79,3.0,4.288,False
2725,2022-01-13,2022,6.07,3.0,1.701,180,1.8,3.0,4.369,False
2726,2022-01-14,2022,6.12,3.0,1.793,176,1.76,3.0,4.327,False
2727,2022-01-17,2022,6.13,3.0,1.809,176,1.76,3.0,4.321,False
2728,2022-01-18,2022,6.192,3.0,1.875,177,1.77,3.0,4.317,False
2729,2022-01-19,2022,6.16,3.0,1.854,177,1.77,3.0,4.306,False
2730,2022-01-20,2022,6.09,3.0,1.811,175,1.75,3.0,4.279,False
2731,2022-01-21,2022,6.04,3.0,1.77,180,1.8,3.0,4.27,False
2732,2022-01-24,2022,6.08,3.0,1.776,179,1.79,3.0,4.304,False
2733,2022-01-25,2022,6.08,3.0,1.776,177,1.77,3.0,4.304,False
2734,2022-01-26,2022,6.08,3.0,1.873,174,1.74,3.0,4.207,False
2735,2022-01-27,2022,6.1,3.0,1.803,182,1.82,3.0,4.297,False
2736,2022-01-28,2022,6.11,3.0,1.778,186,1.86,3.0,4.332000000000001,False
2737,2022-01-31,2022,6.13,3.0,1.784,186,1.86,3.0,4.346,False
2738,2022-02-01,2022,6.15,3.0,1.795,191,1.91,3.02,4.355,False
2739,2022-02-02,2022,6.08,3.0,1.771,190,1.9,3.0,4.309,False
2740,2022-02-03,2022,6.08,3.0,1.836,186,1.86,3.0,4.244,False
2741,2022-02-04,2022,6.1,3.0,1.916,186,1.86,3.01,4.183999999999999,False
2742,2022-02-07,2022,6.12,3.0,1.919,192,1.92,3.0,4.2010000000000005,False
2743,2022-02-08,2022,6.07,3.0,1.965,192,1.92,3.0,4.105,False
2744,2022-02-09,2022,6.04,3.0,1.945,190,1.9,3.0,4.095,False
2745,2022-02-10,2022,6.1,3.0,2.043,188,1.88,3.0,4.0569999999999995,False
2746,2022-02-11,2022,6.08,3.5,1.918,204,2.04,3.5,4.162,False
2747,2022-02-14,2022,6.08,3.5,1.986,200,2.0,3.5,4.094,False
2748,2022-02-15,2022,6.1,3.5,2.043,192,1.92,3.5,4.0569999999999995,False
2749,2022-02-16,2022,6.06,3.5,2.04,194,1.94,3.5,4.02,False
2750,2022-02-17,2022,6.0,3.5,1.968,198,1.98,3.5,4.032,False
2751,2022-02-18,2022,6.03,3.5,1.927,203,2.03,3.5,4.103,False
2752,2022-02-21,2022,6.05,3.5,1.873,203,2.03,3.5,4.177,False
2753,2022-02-22,2022,6.0,3.5,1.944,207,2.07,3.5,4.056,False
2754,2022-02-23,2022,6.0,3.5,1.998,210,2.1,3.5,4.002,False
2755,2022-02-24,2022,6.04,3.5,1.97,211,2.11,3.5,4.07,False
2756,2022-02-25,2022,6.07,3.5,1.97,205,2.05,3.5,4.1000000000000005,False
2757,2022-02-28,2022,6.17,3.5,1.822,213,2.13,3.52,4.348,False
2758,2022-03-01,2022,6.22,3.5,1.716,212,2.12,3.58,4.504,False
2759,2022-03-02,2022,6.26,3.5,1.878,207,2.07,3.58,4.382,False
2760,2022-03-03,2022,6.33,3.5,1.84,211,2.11,3.58,4.49,False
2761,2022-03-04,2022,6.45,3.5,1.737,224,2.24,3.73,4.713,False
2762,2022-03-07,2022,6.64,3.5,1.777,226,2.26,3.65,4.8629999999999995,False
2763,2022-03-08,2022,6.67,3.5,1.84,225,2.25,3.61,4.83,False
2764,2022-03-09,2022,6.65,3.5,1.951,217,2.17,3.55,4.699,False
2765,2022-03-10,2022,6.72,3.5,1.993,214,2.14,3.7,4.726999999999999,False
2766,2022-03-11,2022,6.65,4.0,1.997,211,2.11,4.0,4.6530000000000005,False
2767,2022-03-14,2022,6.72,4.0,2.142,206,2.06,4.0,4.577999999999999,False
2768,2022-03-15,2022,6.67,4.0,2.149,207,2.07,4.0,4.521,False
2769,2022-03-16,2022,6.63,4.0,2.192,207,2.07,4.0,4.438,False
2770,2022-03-17,2022,6.56,4.0,2.167,194,1.94,4.0,4.393,False
2771,2022-03-18,2022,6.52,4.0,2.153,193,1.93,4.0,4.366999999999999,False
2772,2022-03-21,2022,6.57,4.0,2.297,190,1.9,4.0,4.273,False
2773,2022-03-22,2022,6.61,4.0,2.381,190,1.9,4.0,4.229000000000001,False
2774,2022-03-23,2022,6.61,4.0,2.29,199,1.99,4.0,4.32,False
2775,2022-03-24,2022,6.75,4.0,2.37,192,1.92,4.0,4.38,False
2776,2022-03-25,2022,6.9,4.0,2.488,183,1.83,4.0,4.412000000000001,False
2777,2022-03-28,2022,6.81,4.0,2.466,184,1.84,4.0,4.343999999999999,False
2778,2022-03-29,2022,6.65,4.0,2.398,179,1.79,4.11,4.252000000000001,False
2779,2022-03-30,2022,6.61,4.0,2.358,175,1.75,4.0,4.252000000000001,False
2780,2022-03-31,2022,6.55,4.0,2.345,171,1.71,4.0,4.205,False
2781,2022-04-01,2022,6.72,4.0,2.389,172,1.72,4.14,4.3309999999999995,False
2782,2022-04-04,2022,6.79,4.0,2.393,166,1.66,4.09,4.397,False
2783,2022-04-05,2022,6.86,4.0,2.554,165,1.65,4.19,4.306000000000001,False
2784,2022-04-06,2022,6.94,4.0,2.596,165,1.65,4.3,4.344,False
2785,2022-04-07,2022,6.93,4.0,2.665,180,1.8,4.28,4.265,False
2786,2022-04-08,2022,6.98,4.5,2.704,191,1.91,4.51,4.276,False
2787,2022-04-11,2022,7.08,4.5,2.774,197,1.97,4.5,4.306,False
2788,2022-04-12,2022,7.2,4.5,2.727,195,1.95,4.5,4.473000000000001,False
2789,2022-04-13,2022,7.29,4.5,2.703,189,1.89,4.5,4.587,False
2790,2022-04-18,2022,7.39,4.5,2.857,183,1.83,4.5,4.5329999999999995,False
2791,2022-04-19,2022,7.48,4.5,2.94,185,1.85,4.5,4.540000000000001,False
2792,2022-04-20,2022,7.56,4.5,2.834,193,1.93,4.5,4.725999999999999,False
2793,2022-04-21,2022,7.67,4.5,2.908,198,1.98,4.59,4.7620000000000005,False
2794,2022-04-22,2022,7.75,4.5,2.905,203,2.03,4.82,4.845000000000001,False
2795,2022-04-25,2022,8.0,4.5,2.818,207,2.07,4.62,5.182,False
2796,2022-04-26,2022,8.06,4.5,2.738,209,2.09,4.61,5.322000000000001,False
2797,2022-04-27,2022,7.8,4.5,2.826,207,2.07,4.5,4.974,False
2798,2022-04-28,2022,7.72,4.5,2.82,215,2.15,4.5,4.9,False
2799,2022-04-29,2022,7.87,4.5,2.938,218,2.18,4.5,4.932,False
2800,2022-05-02,2022,8.0,4.5,2.987,228,2.28,4.79,5.013,False
2801,2022-05-03,2022,7.94,4.5,2.975,223,2.23,4.8,4.965,False
2802,2022-05-04,2022,7.94,4.5,2.946,222,2.22,4.91,4.994,False
2803,2022-05-05,2022,8.16,4.5,3.052,214,2.14,4.99,5.1080000000000005,False
2804,2022-05-06,2022,8.41,4.5,3.142,211,2.11,5.0,5.268000000000001,False
2805,2022-05-09,2022,8.4,4.5,3.034,227,2.27,4.5,5.3660000000000005,False
2806,2022-05-10,2022,8.24,4.5,2.989,224,2.24,4.5,5.251,False
2807,2022-05-11,2022,8.16,4.5,2.925,224,2.24,4.5,5.235,False
2808,2022-05-12,2022,8.06,4.5,2.855,224,2.24,4.5,5.205,False
2809,2022-05-13,2022,8.0,5.0,2.928,216,2.16,5.0,5.072,False
2810,2022-05-16,2022,7.91,5.0,2.886,217,2.17,5.0,5.024,False
2811,2022-05-17,2022,7.99,5.0,2.995,213,2.13,5.0,4.995,False
2812,2022-05-18,2022,8.0,5.0,2.884,226,2.26,5.0,5.116,False
2813,2022-05-19,2022,7.93,5.0,2.837,224,2.24,5.0,5.093,False
2814,2022-05-20,2022,7.88,5.0,2.788,228,2.28,5.02,5.0920000000000005,False
2815,2022-05-23,2022,7.86,5.0,2.861,220,2.2,5.0,4.9990000000000006,False
2816,2022-05-24,2022,7.73,5.0,2.754,225,2.25,5.0,4.976000000000001,False
2817,2022-05-25,2022,7.58,5.0,2.751,216,2.16,5.0,4.829000000000001,False
2818,2022-05-26,2022,7.5,5.0,2.742,210,2.1,5.0,4.758,False
2819,2022-05-27,2022,7.48,5.0,2.743,200,2.0,4.97,4.737,False
2820,2022-05-30,2022,7.51,5.0,2.812,200,2.0,5.29,4.698,False
2821,2022-05-31,2022,7.64,5.0,2.862,194,1.94,5.35,4.778,False
2822,2022-06-01,2022,7.63,5.0,2.911,192,1.92,5.14,4.718999999999999,False
2823,2022-06-02,2022,7.7,5.0,2.913,195,1.95,5.0,4.787000000000001,False
2824,2022-06-03,2022,7.73,5.0,2.941,197,1.97,5.0,4.789000000000001,False
2825,2022-06-06,2022,7.85,5.0,3.04,196,1.96,5.0,4.81,False
2826,2022-06-07,2022,7.77,5.0,2.979,198,1.98,5.0,4.7909999999999995,False
2827,2022-06-08,2022,7.83,5.0,3.027,197,1.97,5.0,4.803,False
2828,2022-06-09,2022,7.85,5.0,3.046,201,2.01,4.99,4.804,False
2829,2022-06-10,2022,7.92,5.5,3.165,201,2.01,4.59,4.755,False
2830,2022-06-13,2022,8.08,5.5,3.362,214,2.14,5.05,4.718,False
2831,2022-06-14,2022,8.12,5.5,3.479,211,2.11,5.5,4.640999999999999,False
2832,2022-06-15,2022,8.05,5.5,3.292,215,2.15,5.5,4.758000000000001,False
2833,2022-06-16,2022,7.92,5.5,3.195,223,2.23,5.5,4.725,False
2834,2022-06-17,2022,7.88,5.5,3.231,223,2.23,5.5,4.649,False
2835,2022-06-20,2022,7.8,5.5,3.277,223,2.23,5.5,4.523,False
2836,2022-06-21,2022,7.85,5.5,3.279,218,2.18,5.5,4.571,False
2837,2022-06-22,2022,7.88,5.5,3.16,226,2.26,5.5,4.72,False
2838,2022-06-23,2022,7.78,5.5,3.089,223,2.23,5.5,4.691000000000001,False
2839,2022-06-24,2022,7.83,5.5,3.138,220,2.2,5.5,4.692,False
2840,2022-06-27,2022,7.85,5.5,3.202,219,2.19,5.5,4.648,False
2841,2022-06-28,2022,7.84,5.5,3.177,233,2.33,5.5,4.663,False
2842,2022-06-30,2022,7.858,5.5,3.017,235,2.35,5.5,4.840999999999999,False
2843,2022-07-01,2022,7.82,5.5,2.889,235,2.35,5.5,4.931000000000001,False
2844,2022-07-04,2022,7.83,5.5,2.932,235,2.35,5.5,4.898,False
2845,2022-07-05,2022,7.8,5.5,2.818,238,2.38,5.5,4.981999999999999,False
2846,2022-07-06,2022,7.7,5.5,2.934,228,2.28,5.48,4.766,False
2847,2022-07-07,2022,7.92,5.5,3.0,223,2.23,5.47,4.92,False
2848,2022-07-08,2022,8.1,6.0,3.08,222,2.22,5.98,5.02,False
2849,2022-07-11,2022,8.18,6.0,2.993,232,2.32,6.0,5.186999999999999,False
2850,2022-07-12,2022,8.42,6.0,2.971,240,2.4,6.0,5.449,False
2851,2022-07-13,2022,8.39,6.0,2.935,246,2.46,6.0,5.455,False
2852,2022-07-14,2022,8.45,6.0,2.958,250,2.5,6.0,5.491999999999999,False
2853,2022-07-15,2022,8.44,6.0,2.928,252,2.52,6.0,5.512,False
2854,2022-07-18,2022,8.49,6.0,2.989,245,2.45,6.06,5.501,False
2855,2022-07-19,2022,8.57,6.0,3.028,238,2.38,6.01,5.542,False
2856,2022-07-20,2022,8.55,6.0,3.03,234,2.34,6.0,5.520000000000001,False
2857,2022-07-21,2022,8.49,6.0,2.882,242,2.42,6.0,5.6080000000000005,False
2858,2022-07-22,2022,8.34,6.0,2.754,242,2.42,6.0,5.586,False
2859,2022-07-25,2022,8.19,6.0,2.807,236,2.36,6.0,5.382999999999999,False
2860,2022-07-26,2022,8.19,6.0,2.803,233,2.33,6.0,5.387,False
2861,2022-07-27,2022,8.24,6.0,2.785,228,2.28,6.06,5.455,False
2862,2022-08-01,2022,8.0,6.0,2.568,223,2.23,6.04,5.432,False
2863,2022-08-02,2022,8.0,6.0,2.747,215,2.15,6.0,5.253,False
2864,2022-08-03,2022,8.01,6.0,2.706,222,2.22,6.0,5.304,False
2865,2022-08-04,2022,7.89,6.0,2.694,213,2.13,6.0,5.196,False
2866,2022-08-05,2022,7.98,6.0,2.827,209,2.09,6.2,5.1530000000000005,False
2867,2022-08-08,2022,7.9,6.0,2.752,210,2.1,6.46,5.148000000000001,False
2868,2022-08-09,2022,7.91,6.0,2.786,215,2.15,6.15,5.1240000000000006,False
2869,2022-08-10,2022,7.83,6.0,2.785,204,2.04,6.01,5.045,False
2870,2022-08-11,2022,7.86,6.0,2.889,195,1.95,6.0,4.971,False
2871,2022-08-12,2022,7.82,6.5,2.842,200,2.0,6.5,4.978,False
2872,2022-08-15,2022,7.74,6.5,2.793,201,2.01,5.83,4.947,False
2873,2022-08-16,2022,7.75,6.5,2.819,205,2.05,6.25,4.931,False
2874,2022-08-17,2022,7.8,6.5,2.902,209,2.09,6.32,4.898,False
2875,2022-08-18,2022,7.79,6.5,2.886,208,2.08,6.18,4.904,False
2876,2022-08-19,2022,7.87,6.5,2.976,211,2.11,6.4,4.894,False
2877,2022-08-22,2022,7.98,6.5,3.024,218,2.18,6.48,4.956,False
2878,2022-08-23,2022,7.98,6.5,3.059,214,2.14,6.5,4.921,False
2879,2022-08-24,2022,8.01,6.5,3.109,206,2.06,6.48,4.901,False
2880,2022-08-25,2022,7.94,6.5,3.031,209,2.09,6.5,4.909000000000001,False
2881,2022-08-26,2022,7.96,6.5,3.03,212,2.12,6.5,4.93,False
2882,2022-08-29,2022,7.99,6.5,3.114,217,2.17,6.47,4.876,False
2883,2022-08-31,2022,7.982,6.5,3.196,218,2.18,6.5,4.786,False
2884,2022-09-01,2022,8.16,6.5,3.263,219,2.19,6.5,4.897,False
2885,2022-09-02,2022,8.13,6.5,3.195,223,2.23,6.5,4.9350000000000005,False
2886,2022-09-05,2022,8.16,6.5,3.223,223,2.23,6.5,4.937,False
2887,2022-09-06,2022,8.28,6.5,3.351,221,2.21,6.5,4.928999999999999,False
2888,2022-09-07,2022,8.27,6.5,3.267,223,2.23,6.5,5.003,False
2889,2022-09-08,2022,8.26,6.5,3.323,215,2.15,6.5,4.936999999999999,False
2890,2022-09-09,2022,8.15,6.75,3.315,210,2.1,6.75,4.835000000000001,False
2891,2022-09-12,2022,8.08,6.75,3.358,202,2.02,6.71,4.7219999999999995,False
2892,2022-09-13,2022,8.12,6.75,3.412,214,2.14,6.75,4.707999999999999,False
2893,2022-09-14,2022,8.17,6.75,3.404,225,2.25,6.75,4.766,False
2894,2022-09-15,2022,8.19,6.75,3.449,225,2.25,6.75,4.741,False
2895,2022-09-16,2022,8.19,6.75,3.455,231,2.31,6.75,4.734999999999999,False
2896,2022-09-19,2022,8.19,6.75,3.494,229,2.29,6.75,4.696,False
2897,2022-09-20,2022,8.28,6.75,3.569,230,2.3,6.74,4.710999999999999,False
2898,2022-09-21,2022,8.24,6.75,3.534,226,2.26,6.75,4.706,False
2899,2022-09-22,2022,8.28,6.75,3.712,220,2.2,6.65,4.568,False
2900,2022-09-23,2022,8.35,6.75,3.687,227,2.27,6.58,4.663,False
2901,2022-09-26,2022,8.48,6.75,3.91,234,2.34,6.75,4.57,False
2902,2022-09-27,2022,8.55,6.75,3.949,237,2.37,6.75,4.601000000000001,False
2903,2022-09-28,2022,8.64,6.75,3.737,246,2.46,6.75,4.9030000000000005,False
2904,2022-09-29,2022,8.76,6.75,3.786,248,2.48,6.75,4.974,False
2905,2022-09-30,2022,8.8,6.75,3.829,246,2.46,6.81,4.971,False
2906,2022-10-03,2022,8.7,6.75,3.621,245,2.45,6.83,5.078999999999999,False
2907,2022-10-04,2022,8.68,6.75,3.635,229,2.29,6.75,5.045,False
2908,2022-10-06,2022,8.68,6.75,3.828,233,2.33,6.9,4.852,False
2909,2022-10-07,2022,8.62,7.0,3.888,241,2.41,7.13,4.731999999999999,False
2910,2022-10-10,2022,8.66,7.0,3.955,241,2.41,7.0,4.705,False
2911,2022-10-11,2022,8.7,7.0,3.945,247,2.47,7.0,4.754999999999999,False
2912,2022-10-12,2022,8.77,7.0,3.904,254,2.54,7.0,4.866,False
2913,2022-10-13,2022,8.76,7.0,3.95,257,2.57,7.0,4.81,False
2914,2022-10-14,2022,8.77,7.0,4.023,256,2.56,7.0,4.747,False
2915,2022-10-17,2022,8.69,7.0,4.012,252,2.52,7.0,4.678,False
2916,2022-10-18,2022,8.61,7.0,4.007,249,2.49,7.0,4.603,False
2917,2022-10-19,2022,8.65,7.0,4.142,248,2.48,7.0,4.508,False
2918,2022-10-20,2022,8.67,7.0,4.226,250,2.5,7.0,4.444,False
2919,2022-10-21,2022,8.64,7.0,4.219,250,2.5,7.0,4.421,False
2920,2022-10-24,2022,8.68,7.0,4.247,238,2.38,7.01,4.433,False
2921,2022-10-25,2022,8.62,7.0,4.1,235,2.35,7.0,4.52,False
2922,2022-10-26,2022,8.55,7.0,4.011,232,2.32,7.0,4.539000000000001,False
2923,2022-10-27,2022,8.49,7.0,3.927,235,2.35,7.0,4.563000000000001,False
2924,2022-10-28,2022,8.51,7.0,4.01,224,2.24,7.0,4.5,False
2925,2022-10-31,2022,8.41,7.0,4.05,228,2.28,7.0,4.36,False
2926,2022-11-02,2022,8.23,7.0,4.096,221,2.21,7.0,4.134,False
2927,2022-11-03,2022,8.24,7.0,4.149,221,2.21,7.0,4.091,False
2928,2022-11-04,2022,8.13,7.0,4.163,213,2.13,7.05,3.9670000000000005,False
2929,2022-11-07,2022,7.94,7.0,4.218,201,2.01,7.0,3.7220000000000004,False
2930,2022-11-08,2022,7.74,7.0,4.128,204,2.04,7.0,3.612,False
2931,2022-11-09,2022,7.71,7.0,4.099,211,2.11,7.0,3.6109999999999998,False
2932,2022-11-10,2022,7.53,7.0,3.811,205,2.05,7.0,3.7190000000000003,False
2933,2022-11-11,2022,7.62,7.25,3.811,205,2.05,7.25,3.809,False
2934,2022-11-14,2022,7.73,7.25,3.863,196,1.96,7.28,3.8670000000000004,False
2935,2022-11-15,2022,7.87,7.25,3.777,195,1.95,7.27,4.093,False
2936,2022-11-16,2022,7.94,7.25,3.69,201,2.01,7.25,4.25,False
2937,2022-11-17,2022,8.0,7.25,3.769,202,2.02,7.25,4.231,False
2938,2022-11-18,2022,8.03,7.25,3.829,200,2.0,7.26,4.200999999999999,False
2939,2022-11-21,2022,7.95,7.25,3.831,197,1.97,7.36,4.119,False
2940,2022-11-22,2022,7.88,7.25,3.758,197,1.97,7.28,4.122,False
2941,2022-11-23,2022,7.89,7.25,3.689,201,2.01,7.25,4.201,False
2942,2022-11-24,2022,7.8,7.25,3.661,201,2.01,7.27,4.138999999999999,False
2943,2022-11-25,2022,7.8,7.25,3.691,202,2.02,7.25,4.109,False
2944,2022-11-28,2022,7.77,7.25,3.679,198,1.98,7.25,4.090999999999999,False
2945,2022-11-29,2022,7.73,7.25,3.75,190,1.9,7.3,3.9800000000000004,False
2946,2022-11-30,2022,7.63,7.25,3.611,193,1.93,7.45,4.019,False
2947,2022-12-01,2022,7.6,7.25,3.51,196,1.96,7.25,4.09,False
2948,2022-12-02,2022,7.64,7.25,3.492,196,1.96,7.25,4.148,False
2949,2022-12-05,2022,7.66,7.25,3.583,191,1.91,7.31,4.077,False
2950,2022-12-06,2022,7.6,7.25,3.531,199,1.99,7.33,4.068999999999999,False
2951,2022-12-07,2022,7.8,7.25,3.421,201,2.01,7.27,4.379,False
2952,2022-12-13,2022,7.72,7.5,3.501,185,1.85,7.56,4.218999999999999,False
2953,2022-12-14,2022,7.79,7.5,3.479,197,1.97,7.5,4.311,False
2954,2022-12-15,2022,7.82,7.5,3.45,203,2.03,7.5,4.37,False
2955,2022-12-16,2022,7.96,7.5,3.488,208,2.08,7.5,4.4719999999999995,False
2956,2022-12-19,2022,8.07,7.5,3.59,208,2.08,7.5,4.48,False
2957,2022-12-20,2022,8.06,7.5,3.692,209,2.09,7.5,4.368,False
2958,2022-12-21,2022,8.0,7.5,3.673,200,2.0,7.54,4.327,False
2959,2022-12-22,2022,7.97,7.5,3.686,198,1.98,7.51,4.284,False
2960,2022-12-23,2022,7.97,7.5,3.751,193,1.93,7.63,4.218999999999999,False
2961,2022-12-26,2022,7.94,7.5,3.743,193,1.93,7.5,4.197000000000001,False
2962,2022-12-27,2022,7.93,7.5,3.849,191,1.91,7.51,4.0809999999999995,False
2963,2022-12-28,2022,7.97,7.5,3.886,190,1.9,7.5,4.084,False
2964,2022-12-29,2022,7.98,7.5,3.82,195,1.95,7.5,4.16,False
2965,2022-12-30,2022,7.98,7.5,3.879,194,1.94,7.5,4.101000000000001,False
2966,2023-01-03,2023,8.01,7.5,3.752,200,2.0,7.52,4.258,False
2967,2023-01-04,2023,8.0,7.5,3.69,208,2.08,7.61,4.3100000000000005,False
2968,2023-01-05,2023,7.99,7.5,3.726,217,2.17,7.65,4.264,False
2969,2023-01-06,2023,7.91,7.5,3.56,215,2.15,7.53,4.35,False
2970,2023-01-09,2023,7.67,7.5,3.527,215,2.15,7.5,4.143,False
2971,2023-01-10,2023,7.78,7.5,3.615,214,2.14,7.5,4.165,False
2972,2023-01-11,2023,7.78,7.5,3.543,213,2.13,7.5,4.237,False
2973,2023-01-12,2023,7.77,7.5,3.444,205,2.05,7.5,4.326,False
2974,2023-01-13,2023,7.94,7.75,3.498,202,2.02,7.75,4.442,False
2975,2023-01-16,2023,8.05,7.75,3.529,202,2.02,7.75,4.521000000000001,False
2976,2023-01-17,2023,8.04,7.75,3.549,206,2.06,7.75,4.491,False
2977,2023-01-18,2023,8.0,7.75,3.373,207,2.07,7.75,4.627,False
2978,2023-01-19,2023,8.03,7.75,3.399,211,2.11,7.75,4.630999999999999,False
2979,2023-01-20,2023,7.98,7.75,3.482,208,2.08,7.75,4.498,False
2980,2023-01-23,2023,7.96,7.75,3.521,207,2.07,7.75,4.439,False
2981,2023-01-24,2023,8.09,7.75,3.455,210,2.1,7.75,4.635,False
2982,2023-01-30,2023,8.05,7.75,3.542,204,2.04,7.75,4.508000000000001,False
2983,2023-01-31,2023,8.09,7.75,3.51,206,2.06,7.73,4.58,False
2984,2023-02-01,2023,7.95,7.75,3.417,207,2.07,7.77,4.533,False
2985,2023-02-02,2023,7.8,7.75,3.402,197,1.97,7.75,4.398,False
2986,2023-02-03,2023,7.8,7.75,3.519,193,1.93,7.83,4.281,False
2987,2023-02-06,2023,7.84,7.75,3.644,190,1.9,7.75,4.196,False
2988,2023-02-07,2023,7.84,7.75,3.679,191,1.91,7.75,4.161,False
2989,2023-02-08,2023,7.88,7.75,3.615,195,1.95,7.75,4.265,False
2990,2023-02-09,2023,7.87,7.75,3.664,193,1.93,7.75,4.2059999999999995,False
2991,2023-02-10,2023,7.766,7.75,3.743,196,1.96,7.75,4.023,False
2992,2023-02-15,2023,7.88,7.75,3.803,191,1.91,7.75,4.077,False
2993,2023-02-16,2023,7.94,7.75,3.863,186,1.86,7.75,4.077,False
2994,2023-02-17,2023,7.86,7.75,3.817,192,1.92,7.75,4.043,False
2995,2023-02-21,2023,7.88,7.75,3.954,188,1.88,7.75,3.9259999999999997,False
2996,2023-02-22,2023,7.83,7.75,3.927,191,1.91,7.75,3.903,False
2997,2023-02-23,2023,7.86,7.75,3.89,189,1.89,7.86,3.97,False
2998,2023-02-24,2023,8.07,7.75,3.947,188,1.88,7.75,4.123,False
2999,2023-02-27,2023,7.99,7.75,3.922,190,1.9,7.75,4.068,False
3000,2023-02-28,2023,8.0,7.75,3.938,191,1.91,7.75,4.061999999999999,False
3001,2023-03-01,2023,7.96,7.75,3.994,191,1.91,7.75,3.9659999999999997,False
3002,2023-03-02,2023,8.07,7.75,4.062,192,1.92,7.75,4.008,False
3003,2023-03-03,2023,8.07,7.75,3.958,191,1.91,7.75,4.112,False
3004,2023-03-06,2023,8.07,7.75,3.967,187,1.87,7.74,4.103,False
3005,2023-03-07,2023,8.05,7.75,3.983,190,1.9,7.75,4.067,False
3006,2023-03-08,2023,8.054,7.75,3.989,191,1.91,7.73,4.065,False
3007,2023-03-09,2023,8.0,7.75,3.907,197,1.97,7.75,4.093,False
3008,2023-03-10,2023,7.87,7.75,3.704,204,2.04,7.73,4.166,False
3009,2023-03-13,2023,7.77,7.75,3.545,209,2.09,7.75,4.225,False
3010,2023-03-14,2023,7.78,7.75,3.685,200,2.0,7.75,4.095000000000001,False
3011,2023-03-15,2023,7.62,7.75,3.462,214,2.14,7.75,4.1579999999999995,False
3012,2023-03-16,2023,7.7,7.75,3.579,204,2.04,7.75,4.121,False
3013,2023-03-17,2023,7.57,7.75,3.438,214,2.14,7.75,4.132,False
3014,2023-03-20,2023,7.55,7.75,3.483,211,2.11,7.75,4.067,False
3015,2023-03-21,2023,7.57,7.75,3.608,205,2.05,7.75,3.962,False
3016,2023-03-22,2023,7.55,7.75,3.451,216,2.16,7.75,4.099,False
3017,2023-03-23,2023,7.42,7.75,3.414,216,2.16,7.75,4.006,False
3018,2023-03-24,2023,7.42,7.75,3.372,215,2.15,7.75,4.048,False
3019,2023-03-27,2023,7.47,7.75,3.539,206,2.06,7.75,3.9309999999999996,False
3020,2023-03-28,2023,7.47,7.75,3.572,210,2.1,7.75,3.8979999999999997,False
3021,2023-03-29,2023,7.48,7.75,3.566,207,2.07,7.75,3.9140000000000006,False
3022,2023-03-30,2023,7.46,7.75,3.547,209,2.09,7.75,3.913,False
3023,2023-03-31,2023,7.51,7.75,3.473,209,2.09,7.75,4.037,False
3024,2023-04-03,2023,7.53,7.75,3.415,205,2.05,7.75,4.115,False
3025,2023-04-04,2023,7.48,7.75,3.339,210,2.1,7.75,4.141,False
3026,2023-04-05,2023,7.45,7.75,3.309,212,2.12,7.75,4.141,False
3027,2023-04-10,2023,7.5,7.75,3.415,205,2.05,7.75,4.085,False
3028,2023-04-11,2023,7.51,7.75,3.432,204,2.04,7.75,4.077999999999999,False
3029,2023-04-12,2023,7.48,7.75,3.4,204,2.04,7.74,4.08,False
3030,2023-04-13,2023,7.48,7.75,3.449,201,2.01,7.72,4.031000000000001,False
3031,2023-04-14,2023,7.52,7.75,3.515,198,1.98,7.75,4.004999999999999,False
3032,2023-04-17,2023,7.57,7.75,3.606,197,1.97,7.65,3.9640000000000004,False
3033,2023-04-24,2023,7.45,7.75,3.496,200,2.0,7.76,3.954,False
3034,2023-04-25,2023,7.41,7.75,3.4,201,2.01,7.82,4.01,False
3035,2023-04-26,2023,7.43,7.75,3.445,197,1.97,7.77,3.985,False
3036,2023-04-27,2023,7.49,7.75,3.528,193,1.93,7.75,3.962,False
3037,2023-04-28,2023,7.49,7.75,3.433,193,1.93,7.75,4.057,False
3038,2023-05-02,2023,7.51,7.75,3.433,199,1.99,7.75,4.077,False
3039,2023-05-03,2023,7.44,7.75,3.364,201,2.01,7.75,4.0760000000000005,False
3040,2023-05-04,2023,7.43,7.75,3.377,201,2.01,7.75,4.053,False
3041,2023-05-05,2023,7.33,7.75,3.435,201,2.01,7.75,3.895,False
3042,2023-05-08,2023,7.26,7.75,3.507,198,1.98,7.75,3.7529999999999997,False
3043,2023-05-09,2023,7.19,7.75,3.522,197,1.97,7.75,3.6680000000000006,False
3044,2023-05-10,2023,7.14,7.75,3.439,199,1.99,7.75,3.7009999999999996,False
3045,2023-05-11,2023,7.19,7.75,3.386,199,1.99,7.75,3.8040000000000003,False
3046,2023-05-12,2023,7.19,7.75,3.463,198,1.98,7.75,3.7270000000000003,False
3047,2023-05-15,2023,7.11,7.75,3.507,199,1.99,7.75,3.603,False
3048,2023-05-16,2023,7.24,7.75,3.541,198,1.98,7.75,3.6990000000000003,False
3049,2023-05-17,2023,7.27,7.75,3.572,199,1.99,7.75,3.6979999999999995,False
3050,2023-05-18,2023,7.31,7.75,3.651,195,1.95,7.75,3.659,False
3051,2023-05-19,2023,7.41,7.75,3.682,194,1.94,7.75,3.728,False
3052,2023-05-22,2023,7.44,7.75,3.719,195,1.95,7.75,3.7210000000000005,False
3053,2023-05-23,2023,7.35,7.75,3.698,199,1.99,7.75,3.6519999999999997,False
3054,2023-05-24,2023,7.33,7.75,3.744,198,1.98,7.76,3.586,False
3055,2023-05-25,2023,7.29,7.75,3.823,194,1.94,7.77,3.467,False
3056,2023-05-26,2023,7.21,7.75,3.819,196,1.96,7.75,3.391,False
3057,2023-05-29,2023,7.21,7.75,3.764,196,1.96,7.75,3.446,False
3058,2023-05-30,2023,7.15,7.75,3.694,197,1.97,7.75,3.4560000000000004,False
3059,2023-05-31,2023,7.05,7.75,3.646,200,2.0,7.75,3.404,False
3060,2023-06-01,2023,7.23,7.75,3.601,195,1.95,7.75,3.6290000000000004,False
3061,2023-06-02,2023,7.27,7.75,3.698,186,1.86,7.73,3.5719999999999996,False
3062,2023-06-05,2023,7.29,7.75,3.689,192,1.92,7.54,3.601,False
3063,2023-06-06,2023,7.29,7.75,3.677,191,1.91,7.75,3.613,False
3064,2023-06-07,2023,7.31,7.75,3.793,187,1.87,7.75,3.5169999999999995,False
3065,2023-06-08,2023,7.22,7.75,3.718,188,1.88,7.75,3.502,False
3066,2023-06-09,2023,7.16,7.75,3.743,186,1.86,7.75,3.4170000000000003,False
3067,2023-06-12,2023,7.13,7.75,3.743,185,1.85,7.74,3.387,False
3068,2023-06-13,2023,7.13,7.75,3.827,178,1.78,7.75,3.303,False
3069,2023-06-14,2023,7.09,7.75,3.79,180,1.8,7.75,3.3,False
3070,2023-06-15,2023,7.08,7.75,3.72,182,1.82,7.75,3.36,False
3071,2023-06-16,2023,7.02,7.75,3.767,178,1.78,7.67,3.2529999999999997,False
3072,2023-06-19,2023,6.95,7.75,3.822,178,1.78,7.75,3.128,False
3073,2023-06-20,2023,6.93,7.75,3.719,179,1.79,7.72,3.211,False
3074,2023-06-21,2023,6.92,7.75,3.727,178,1.78,7.75,3.193,False
3075,2023-06-22,2023,6.96,7.75,3.797,172,1.72,7.92,3.163,False
3076,2023-06-23,2023,6.95,7.75,3.737,175,1.75,7.75,3.213,False
3077,2023-06-26,2023,6.95,7.75,3.723,176,1.76,7.75,3.2270000000000003,False
3078,2023-06-27,2023,6.94,7.75,3.772,174,1.74,7.75,3.1680000000000006,False
3079,2023-06-28,2023,6.88,7.75,3.714,178,1.78,7.75,3.166,False
3080,2023-06-30,2023,6.85,7.75,3.841,172,1.72,7.77,3.0089999999999995,False
3081,2023-07-03,2023,6.66,7.75,3.858,168,1.68,7.81,2.802,False
3082,2023-07-04,2023,6.6,7.75,3.839,168,1.68,7.75,2.7609999999999997,False
3083,2023-07-05,2023,6.66,7.75,3.934,163,1.63,7.75,2.726,False
3084,2023-07-06,2023,6.79,7.75,4.031,165,1.65,7.75,2.7590000000000003,False
3085,2023-07-07,2023,6.78,7.75,4.066,167,1.67,7.75,2.7140000000000004,False
3086,2023-07-10,2023,6.8,7.75,4.0,168,1.68,7.75,2.8,False
3087,2023-07-13,2023,6.67,7.75,3.767,170,1.7,7.75,2.903,False
3088,2023-07-14,2023,6.73,7.75,3.83,169,1.69,7.75,2.9000000000000004,False
3089,2023-07-17,2023,6.78,7.75,3.809,169,1.69,7.75,2.971,False
3090,2023-07-18,2023,6.79,7.75,3.789,168,1.68,7.75,3.001,False
3091,2023-07-19,2023,6.76,7.75,3.748,173,1.73,7.75,3.0119999999999996,False
3092,2023-07-20,2023,6.79,7.75,3.856,172,1.72,7.75,2.934,False
3093,2023-07-21,2023,6.83,7.75,3.837,173,1.73,7.75,2.993,False
3094,2023-07-24,2023,6.83,7.75,3.878,173,1.73,7.75,2.952,False
3095,2023-07-25,2023,6.78,7.75,3.89,175,1.75,7.76,2.89,False
3096,2023-07-26,2023,6.76,7.75,3.873,173,1.73,7.75,2.8869999999999996,False
3097,2023-07-27,2023,6.81,7.75,4.002,165,1.65,7.75,2.808,False
3098,2023-07-31,2023,6.72,7.75,3.967,163,1.63,7.75,2.7529999999999997,False
3099,2023-08-01,2023,6.74,7.75,4.037,162,1.62,7.75,2.7030000000000003,False
3100,2023-08-02,2023,6.82,7.75,4.09,163,1.63,7.75,2.7300000000000004,False
3101,2023-08-03,2023,6.94,7.75,4.179,162,1.62,7.75,2.761,False
3102,2023-08-04,2023,6.89,7.75,4.042,168,1.68,7.75,2.848,False
3103,2023-08-07,2023,6.88,7.75,4.097,165,1.65,7.75,2.7829999999999995,False
3104,2023-08-08,2023,6.81,7.75,4.028,165,1.65,7.75,2.782,False
3105,2023-08-09,2023,6.76,7.75,4.016,160,1.6,7.75,2.7439999999999998,False
3106,2023-08-10,2023,6.68,7.75,4.107,159,1.59,7.75,2.5729999999999995,False
3107,2023-08-11,2023,6.68,7.75,4.158,162,1.62,7.75,2.5219999999999994,False
3108,2023-08-14,2023,6.74,7.75,4.201,167,1.67,7.75,2.5390000000000006,False
3109,2023-08-15,2023,6.77,7.75,4.215,167,1.67,7.75,2.5549999999999997,False
3110,2023-08-16,2023,6.8,7.75,4.252,172,1.72,7.75,2.548,False
3111,2023-08-17,2023,6.9,7.75,4.278,175,1.75,7.75,2.6220000000000008,False
3112,2023-08-18,2023,6.98,7.75,4.256,173,1.73,7.75,2.724,False
3113,2023-08-21,2023,7.08,7.75,4.341,173,1.73,7.75,2.739,False
3114,2023-08-22,2023,7.07,7.75,4.327,174,1.74,7.75,2.7430000000000003,False
3115,2023-08-23,2023,6.96,7.75,4.195,172,1.72,7.75,2.7649999999999997,False
3116,2023-08-24,2023,6.91,7.75,4.238,172,1.72,7.75,2.6719999999999997,False
3117,2023-08-25,2023,6.9,7.75,4.237,171,1.71,7.75,2.6630000000000003,False
3118,2023-08-28,2023,6.84,7.75,4.205,169,1.69,7.75,2.635,False
3119,2023-08-29,2023,6.74,7.75,4.123,164,1.64,7.75,2.617,False
3120,2023-08-31,2023,6.68,7.75,4.109,160,1.6,7.75,2.5709999999999997,False
3121,2023-09-01,2023,6.79,7.75,4.18,160,1.6,7.75,2.6100000000000003,False
3122,2023-09-04,2023,6.87,7.75,4.18,162,1.62,7.75,2.6900000000000004,False
3123,2023-09-05,2023,6.88,7.75,4.263,167,1.67,7.75,2.617,False
3124,2023-09-06,2023,6.98,7.75,4.282,169,1.69,7.75,2.6980000000000004,False
3125,2023-09-07,2023,6.93,7.75,4.247,169,1.69,7.75,2.683,False
3126,2023-09-08,2023,6.85,7.75,4.267,171,1.71,7.75,2.5829999999999993,False
3127,2023-09-11,2023,6.83,7.75,4.292,175,1.75,7.75,2.5380000000000003,False
3128,2023-09-12,2023,6.83,7.75,4.283,175,1.75,7.75,2.5469999999999997,False
3129,2023-09-13,2023,6.83,7.75,4.251,172,1.72,7.75,2.5789999999999997,False
3130,2023-09-14,2023,6.81,7.75,4.289,171,1.71,7.75,2.521,False
3131,2023-09-15,2023,6.75,7.5,4.334,174,1.74,7.5,2.4160000000000004,False
3132,2023-09-18,2023,6.79,7.5,4.304,170,1.7,7.5,2.4859999999999998,False
3133,2023-09-19,2023,6.91,7.5,4.36,166,1.66,7.5,2.55,False
3134,2023-09-20,2023,6.88,7.5,4.409,166,1.66,7.5,2.471,False
3135,2023-09-21,2023,7.02,7.5,4.496,169,1.69,7.5,2.523999999999999,False
3136,2023-09-22,2023,6.97,7.5,4.435,166,1.66,7.5,2.535,False
3137,2023-09-25,2023,7.15,7.5,4.535,168,1.68,7.5,2.615,False
3138,2023-09-26,2023,7.22,7.5,4.537,171,1.71,7.5,2.683,False
3139,2023-09-27,2023,7.45,7.5,4.609,176,1.76,7.5,2.841,False
3140,2023-09-28,2023,7.37,7.5,4.576,174,1.74,7.5,2.7940000000000005,False
3141,2023-09-29,2023,7.23,7.5,4.572,174,1.74,7.5,2.6580000000000004,False
3142,2023-10-02,2023,7.34,7.5,4.68,179,1.79,7.5,2.66,False
3143,2023-10-03,2023,7.48,7.5,4.797,182,1.82,7.5,2.6830000000000007,False
3144,2023-10-04,2023,7.5,7.5,4.734,183,1.83,7.5,2.766,False
3145,2023-10-05,2023,7.57,7.5,4.72,179,1.79,7.5,2.8500000000000005,False
3146,2023-10-06,2023,7.56,7.25,4.803,179,1.79,7.25,2.7569999999999997,False
3147,2023-10-09,2023,7.52,7.25,4.803,179,1.79,7.25,2.7169999999999996,False
3148,2023-10-10,2023,7.48,7.25,4.654,180,1.8,7.25,2.8260000000000005,False
3149,2023-10-11,2023,7.53,7.25,4.559,176,1.76,7.25,2.971,False
3150,2023-10-12,2023,7.65,7.25,4.699,181,1.81,7.25,2.9510000000000005,False
3151,2023-10-13,2023,7.68,7.25,4.613,178,1.78,7.26,3.0669999999999993,False
3152,2023-10-16,2023,7.72,7.25,4.707,178,1.78,7.28,3.013,False
3153,2023-10-17,2023,7.69,7.25,4.836,179,1.79,7.25,2.854,False
3154,2023-10-18,2023,7.72,7.25,4.916,179,1.79,6.97,2.8039999999999994,False
3155,2023-10-19,2023,7.75,7.25,4.991,185,1.85,7.25,2.7590000000000003,False
3156,2023-10-20,2023,7.76,7.25,4.916,184,1.84,7.25,2.8439999999999994,False
3157,2023-10-23,2023,7.73,7.25,4.851,183,1.83,7.25,2.8790000000000004,False
3158,2023-10-24,2023,7.66,7.25,4.825,178,1.78,7.25,2.835,False
3159,2023-10-25,2023,7.71,7.25,4.957,183,1.83,7.25,2.753,False
3160,2023-10-26,2023,7.68,7.25,4.846,183,1.83,7.25,2.8339999999999996,False
3161,2023-10-27,2023,7.69,7.25,4.837,181,1.81,7.25,2.8530000000000006,False
3162,2023-10-30,2023,7.66,7.25,4.895,176,1.76,7.25,2.7650000000000006,False
3163,2023-10-31,2023,7.66,7.25,4.932,183,1.83,7.25,2.7279999999999998,False
3164,2023-11-02,2023,7.32,7.25,4.66,174,1.74,7.25,2.66,False
3165,2023-11-03,2023,7.29,7.25,4.573,178,1.78,7.25,2.7169999999999996,False
3166,2023-11-06,2023,7.25,7.25,4.644,183,1.83,7.25,2.606,False
3167,2023-11-07,2023,7.23,7.25,4.568,185,1.85,7.25,2.662000000000001,False
3168,2023-11-08,2023,7.14,7.25,4.494,180,1.8,7.2,2.646,False
3169,2023-11-09,2023,7.16,7.25,4.626,181,1.81,7.25,2.534,False
3170,2023-11-10,2023,7.18,7.0,4.653,183,1.83,7.0,2.527,False
3171,2023-11-13,2023,7.2,7.0,4.641,181,1.81,7.0,2.559,False
3172,2023-11-14,2023,7.08,7.0,4.448,175,1.75,7.1,2.6319999999999997,False
3173,2023-11-15,2023,7.13,7.0,4.532,178,1.78,7.0,2.598,False
3174,2023-11-16,2023,7.11,7.0,4.437,177,1.77,7.0,2.673,False
3175,2023-11-17,2023,7.12,7.0,4.436,176,1.76,7.0,2.684,False
3176,2023-11-20,2023,7.08,7.0,4.421,173,1.73,7.0,2.659,False
3177,2023-11-21,2023,7.06,7.0,4.394,170,1.7,7.0,2.6659999999999995,False
3178,2023-11-22,2023,7.09,7.0,4.406,170,1.7,6.99,2.684,False
3179,2023-11-23,2023,7.15,7.0,4.406,166,1.66,7.0,2.7440000000000007,False
3180,2023-11-24,2023,7.18,7.0,4.468,171,1.71,7.0,2.7119999999999997,False
3181,2023-11-27,2023,7.22,7.0,4.388,170,1.7,7.0,2.832,False
3182,2023-11-28,2023,7.24,7.0,4.322,164,1.64,7.0,2.918,False
3183,2023-11-29,2023,7.18,7.0,4.256,160,1.6,7.0,2.9239999999999995,False
3184,2023-11-30,2023,7.2,7.0,4.327,161,1.61,7.0,2.873,False
3185,2023-12-01,2023,7.1,7.0,4.197,158,1.58,7.0,2.9029999999999996,False
3186,2023-12-04,2023,7.1,7.0,4.255,162,1.62,7.0,2.8449999999999998,False
3187,2023-12-05,2023,7.04,7.0,4.166,163,1.63,7.0,2.8739999999999997,False
3188,2023-12-06,2023,6.88,7.0,4.105,162,1.62,7.0,2.7749999999999995,False
3189,2023-12-07,2023,6.92,7.0,4.15,162,1.62,7.0,2.7699999999999996,False
3190,2023-12-11,2023,7.061,7.0,4.234,166,1.66,7.0,2.827,False
3191,2023-12-12,2023,7.08,7.0,4.202,172,1.72,7.0,2.878,False
3192,2023-12-13,2023,6.97,7.0,4.017,164,1.64,7.0,2.9529999999999994,False
3193,2023-12-14,2023,6.75,7.0,3.922,164,1.64,7.0,2.828,False
3194,2023-12-15,2023,6.77,6.75,3.912,162,1.62,6.75,2.8579999999999997,False
3195,2023-12-18,2023,6.8,6.75,3.933,160,1.6,6.75,2.867,False
3196,2023-12-19,2023,6.82,6.75,3.932,164,1.64,6.75,2.8880000000000003,False
3197,2023-12-20,2023,6.79,6.75,3.848,161,1.61,6.75,2.942,False
3198,2023-12-21,2023,6.8,6.75,3.889,159,1.59,6.75,2.911,False
3199,2023-12-22,2023,6.8,6.75,3.896,159,1.59,6.75,2.904,False
3200,2023-12-26,2023,6.79,6.75,3.898,167,1.67,6.75,2.892,False
3201,2023-12-27,2023,6.68,6.75,3.795,162,1.62,6.75,2.885,False
3202,2023-12-28,2023,6.66,6.75,3.845,160,1.6,6.75,2.815,False
3203,2023-12-29,2023,6.69,6.75,3.88,160,1.6,6.75,2.8100000000000005,False
3204,2024-01-03,2024,6.78,6.75,3.918,175,1.75,6.75,2.862,False
3205,2024-01-04,2024,6.84,6.75,4.001,171,1.71,6.75,2.8389999999999995,False
3206,2024-01-05,2024,6.85,6.75,4.047,176,1.76,6.75,2.803,False
3207,2024-01-08,2024,6.82,6.75,4.031,177,1.77,6.75,2.7890000000000006,False
3208,2024-01-09,2024,6.79,6.75,4.014,171,1.71,6.75,2.776,False
3209,2024-01-10,2024,6.72,6.75,4.029,172,1.72,6.75,2.691,False
3210,2024-01-11,2024,6.63,6.75,3.967,169,1.69,6.75,2.663,False
3211,2024-01-12,2024,6.55,6.5,3.941,169,1.69,6.5,2.609,False
3212,2024-01-15,2024,6.56,6.5,3.941,165,1.65,6.5,2.6189999999999998,False
3213,2024-01-16,2024,6.59,6.5,4.059,169,1.69,6.5,2.5309999999999997,False
3214,2024-01-17,2024,6.67,6.5,4.104,170,1.7,6.5,2.566,False
3215,2024-01-18,2024,6.69,6.5,4.143,171,1.71,6.5,2.5470000000000006,False
3216,2024-01-19,2024,6.66,6.5,4.124,177,1.77,6.5,2.5360000000000005,False
3217,2024-01-22,2024,6.61,6.5,4.106,176,1.76,6.5,2.5040000000000004,False
3218,2024-01-23,2024,6.63,6.5,4.13,174,1.74,6.5,2.5,False
3219,2024-01-24,2024,6.65,6.5,4.177,172,1.72,6.5,2.4730000000000008,False
3220,2024-01-25,2024,6.64,6.5,4.119,169,1.69,6.5,2.521,False
3221,2024-01-26,2024,6.68,6.5,4.138,164,1.64,6.5,2.542,False
3222,2024-01-29,2024,6.66,6.5,4.075,164,1.64,6.5,2.585,False
3223,2024-01-30,2024,6.65,6.5,4.033,162,1.62,6.5,2.617,False
3224,2024-01-31,2024,6.6,6.5,3.913,167,1.67,6.52,2.687,False
3225,2024-02-01,2024,6.53,6.5,3.881,169,1.69,6.5,2.6490000000000005,False
3226,2024-02-02,2024,6.7,6.5,4.022,167,1.67,6.5,2.678,False
3227,2024-02-05,2024,6.93,6.5,4.159,166,1.66,6.5,2.771,False
3228,2024-02-06,2024,6.74,6.5,4.101,168,1.68,6.5,2.6390000000000002,False
3229,2024-02-07,2024,6.7,6.5,4.122,165,1.65,6.5,2.5780000000000003,False
3230,2024-02-08,2024,6.73,6.5,4.155,167,1.67,6.5,2.575,False
3231,2024-02-09,2024,6.71,6.25,4.176,167,1.67,6.25,2.534,False
3232,2024-02-12,2024,6.71,6.25,4.18,164,1.64,6.25,2.5300000000000002,False
3233,2024-02-13,2024,6.77,6.25,4.315,161,1.61,6.25,2.454999999999999,False
3234,2024-02-14,2024,6.74,6.25,4.257,162,1.62,6.25,2.4830000000000005,False
3235,2024-02-15,2024,6.7,6.25,4.232,158,1.58,6.25,2.468,False
3236,2024-02-16,2024,6.7,6.25,4.281,157,1.57,6.25,2.4190000000000005,False
3237,2024-02-19,2024,6.7,6.25,4.281,157,1.57,6.25,2.4190000000000005,False
3238,2024-02-20,2024,6.71,6.25,4.276,157,1.57,6.25,2.434,False
3239,2024-02-21,2024,6.74,6.25,4.32,156,1.56,6.25,2.42,False
3240,2024-02-22,2024,6.76,6.25,4.323,157,1.57,6.25,2.4369999999999994,False
3241,2024-02-23,2024,6.81,6.25,4.249,157,1.57,6.25,2.561,False
3242,2024-02-26,2024,6.89,6.25,4.28,155,1.55,6.25,2.6099999999999994,False
3243,2024-02-27,2024,6.86,6.25,4.304,150,1.5,6.25,2.556,False
3244,2024-02-28,2024,6.84,6.25,4.265,153,1.53,6.25,2.575,False
3245,2024-02-29,2024,6.86,6.25,4.251,153,1.53,6.25,2.609,False
3246,2024-03-01,2024,6.83,6.25,4.182,156,1.56,6.25,2.6479999999999997,False
3247,2024-03-04,2024,6.88,6.25,4.214,154,1.54,6.25,2.6659999999999995,False
3248,2024-03-05,2024,6.9,6.25,4.153,156,1.56,6.25,2.7470000000000008,False
3249,2024-03-06,2024,6.95,6.25,4.104,155,1.55,6.25,2.846,False
3250,2024-03-07,2024,6.94,6.25,4.085,160,1.6,6.25,2.8550000000000004,False
3251,2024-03-08,2024,6.97,6.25,4.076,160,1.6,6.25,2.894,False
3252,2024-03-11,2024,7.02,6.25,4.099,157,1.57,6.25,2.9209999999999994,False
3253,2024-03-12,2024,7.04,6.25,4.153,155,1.55,6.25,2.8870000000000005,False
3254,2024-03-13,2024,6.99,6.25,4.191,151,1.51,6.25,2.7990000000000004,False
3255,2024-03-14,2024,7.02,6.25,4.291,150,1.5,6.25,2.728999999999999,False
3256,2024-03-15,2024,6.96,6.25,4.307,151,1.51,6.25,2.6529999999999996,False
3257,2024-03-18,2024,6.99,6.25,4.325,151,1.51,6.07,2.665,False
3258,2024-03-19,2024,6.98,6.25,4.294,153,1.53,6.25,2.686000000000001,False
3259,2024-03-20,2024,7.02,6.25,4.274,150,1.5,6.25,2.7459999999999996,False
3260,2024-03-21,2024,7.0,6.25,4.268,146,1.46,6.25,2.732,False
3261,2024-03-22,2024,6.94,6.25,4.199,148,1.48,6.25,2.7410000000000005,False
3262,2024-03-25,2024,7.01,6.25,4.246,148,1.48,6.25,2.7639999999999993,False
3263,2024-03-26,2024,7.33,6.25,4.233,150,1.5,6.25,3.0970000000000004,False
3264,2024-03-27,2024,7.34,6.25,4.191,151,1.51,6.25,3.149,False
3265,2024-04-01,2024,7.54,6.25,4.311,150,1.5,6.25,3.229,False
3266,2024-04-02,2024,7.49,6.25,4.35,153,1.53,6.25,3.1400000000000006,False
3267,2024-04-03,2024,7.2,6.25,4.348,153,1.53,6.25,2.8520000000000003,False
3268,2024-04-04,2024,7.16,6.25,4.31,154,1.54,6.25,2.8500000000000005,False
3269,2024-04-05,2024,7.22,6.25,4.404,149,1.49,6.25,2.816,False
3270,2024-04-08,2024,7.25,6.25,4.422,150,1.5,6.25,2.8280000000000003,False
3271,2024-04-09,2024,7.28,6.25,4.363,148,1.48,6.25,2.917,False
3272,2024-04-10,2024,7.38,6.25,4.545,146,1.46,6.25,2.835,False
3273,2024-04-11,2024,7.45,6.25,4.589,147,1.47,6.25,2.8609999999999998,False
3274,2024-04-12,2024,7.35,6.0,4.523,150,1.5,6.0,2.827,False
3275,2024-04-15,2024,7.46,6.0,4.603,154,1.54,6.0,2.857,False
3276,2024-04-16,2024,7.6,6.0,4.668,157,1.57,6.0,2.9319999999999995,False
3277,2024-04-17,2024,7.58,6.0,4.588,158,1.58,6.0,2.992,False
3278,2024-04-18,2024,7.59,6.0,4.634,157,1.57,6.0,2.9559999999999995,False
3279,2024-04-19,2024,7.5,6.0,4.622,157,1.57,6.0,2.878,False
3280,2024-04-22,2024,7.34,6.0,4.61,156,1.56,6.0,2.7299999999999995,False
3281,2024-04-23,2024,7.3,6.0,4.601,155,1.55,6.0,2.699,False
3282,2024-04-24,2024,7.34,6.0,4.643,156,1.56,6.0,2.697,False
3283,2024-04-25,2024,7.36,6.0,4.705,157,1.57,6.0,2.6550000000000002,False
3284,2024-04-26,2024,7.37,6.0,4.665,158,1.58,6.0,2.705,False
3285,2024-04-29,2024,7.355,6.0,4.615,158,1.58,6.0,2.74,False
3286,2024-04-30,2024,7.29,6.0,4.681,160,1.6,6.0,2.609,False
3287,2024-05-02,2024,7.22,6.0,4.582,158,1.58,6.0,2.638,False
3288,2024-05-03,2024,7.1,6.0,4.51,156,1.56,6.0,2.59,False
3289,2024-05-06,2024,7.1,6.0,4.488,154,1.54,6.0,2.611999999999999,False
3290,2024-05-07,2024,7.05,6.0,4.458,155,1.55,6.0,2.5919999999999996,False
3291,2024-05-08,2024,7.13,6.0,4.495,149,1.49,6.0,2.635,False
3292,2024-05-09,2024,7.13,6.0,4.454,150,1.5,6.0,2.676,False
3293,2024-05-10,2024,7.12,5.75,4.497,151,1.51,5.75,2.623,False
3294,2024-05-13,2024,7.09,5.75,4.487,150,1.5,5.75,2.6029999999999998,False
3295,2024-05-14,2024,7.113,5.75,4.44,155,1.55,5.75,2.673,False
3296,2024-05-15,2024,7.06,5.75,4.341,154,1.54,5.75,2.7189999999999994,False
3297,2024-05-16,2024,7.06,5.75,4.376,153,1.53,5.75,2.6839999999999993,False
3298,2024-05-17,2024,7.06,5.75,4.422,153,1.53,5.75,2.638,False
3299,2024-05-20,2024,7.066,5.75,4.445,151,1.51,5.75,2.6209999999999996,False
3300,2024-05-21,2024,7.05,5.75,4.413,150,1.5,5.75,2.6369999999999996,False
3301,2024-05-22,2024,7.09,5.75,4.424,158,1.58,5.75,2.6659999999999995,False
3302,2024-05-23,2024,7.12,5.75,4.478,158,1.58,5.75,2.6420000000000003,False
3303,2024-05-24,2024,7.09,5.75,4.466,161,1.61,5.75,2.6239999999999997,False
3304,2024-05-27,2024,7.04,5.75,4.466,161,1.61,5.75,2.574,False
3305,2024-05-28,2024,7.11,5.75,4.551,169,1.69,5.75,2.559,False
3306,2024-05-29,2024,7.11,5.75,4.614,161,1.61,5.75,2.4960000000000004,False
3307,2024-05-30,2024,7.13,5.75,4.547,158,1.58,5.75,2.583,False
3308,2024-05-31,2024,7.06,5.75,4.5,159,1.59,5.75,2.5599999999999996,False
3309,2024-06-03,2024,7.0,5.75,4.389,160,1.6,5.75,2.6109999999999998,False
3310,2024-06-04,2024,7.0,5.75,4.327,162,1.62,5.75,2.673,False
3311,2024-06-05,2024,7.01,5.75,4.276,161,1.61,5.75,2.734,False
3312,2024-06-06,2024,6.99,5.75,4.288,163,1.63,5.74,2.702,False
3313,2024-06-10,2024,7.06,5.75,4.468,161,1.61,5.75,2.5919999999999996,False
3314,2024-06-11,2024,7.06,5.75,4.405,165,1.65,5.75,2.6549999999999994,False
3315,2024-06-12,2024,7.04,5.75,4.317,161,1.61,5.75,2.723,False
3316,2024-06-13,2024,7.04,5.75,4.245,163,1.63,5.72,2.795,False
3317,2024-06-14,2024,7.06,5.75,4.222,166,1.66,5.75,2.837999999999999,False
3318,2024-06-17,2024,7.09,5.75,4.282,162,1.62,5.75,2.808,False
3319,2024-06-18,2024,7.17,5.75,4.224,164,1.64,5.75,2.9459999999999997,False
3320,2024-06-19,2024,7.19,5.75,4.224,164,1.64,5.75,2.966,False
3321,2024-06-20,2024,7.18,5.75,4.261,162,1.62,5.75,2.9189999999999996,False
3322,2024-06-21,2024,7.17,5.75,4.257,160,1.6,5.75,2.9130000000000003,False
3323,2024-06-24,2024,7.16,5.75,4.233,160,1.6,5.75,2.9270000000000005,False
3324,2024-06-25,2024,7.15,5.75,4.249,158,1.58,5.75,2.9010000000000007,False
3325,2024-06-26,2024,7.16,5.75,4.33,156,1.56,5.75,2.83,False
3326,2024-06-27,2024,7.09,5.75,4.287,156,1.56,5.75,2.803,False
3327,2024-06-28,2024,7.06,5.75,4.397,154,1.54,5.75,2.6629999999999994,False
3328,2024-07-01,2024,7.1,5.75,4.462,157,1.57,5.75,2.638,False
3329,2024-07-02,2024,7.11,5.75,4.433,159,1.59,5.75,2.6770000000000005,False
3330,2024-07-03,2024,7.07,5.75,4.36,160,1.6,5.75,2.71,False
3331,2024-07-04,2024,7.06,5.75,4.36,160,1.6,5.75,2.6999999999999993,False
3332,2024-07-05,2024,7.03,5.75,4.279,160,1.6,5.75,2.7510000000000003,False
3333,2024-07-08,2024,7.04,5.75,4.28,157,1.57,5.75,2.76,False
3334,2024-07-09,2024,7.05,5.75,4.297,159,1.59,5.75,2.753,False
3335,2024-07-10,2024,6.98,5.75,4.285,158,1.58,5.75,2.6950000000000003,False
3336,2024-07-11,2024,6.9,5.75,4.211,153,1.53,5.75,2.689,False
3337,2024-07-12,2024,6.86,5.75,4.184,157,1.57,5.75,2.676,False
3338,2024-07-15,2024,6.89,5.75,4.23,157,1.57,5.75,2.6599999999999993,False
3339,2024-07-16,2024,6.89,5.75,4.159,159,1.59,5.75,2.731,False
3340,2024-07-17,2024,6.88,5.75,4.159,162,1.62,5.75,2.721,False
3341,2024-07-18,2024,6.91,5.75,4.203,161,1.61,5.7,2.707,False
3342,2024-07-19,2024,6.96,5.75,4.24,158,1.58,5.75,2.7199999999999998,False
3343,2024-07-22,2024,6.95,5.75,4.254,160,1.6,5.74,2.6960000000000006,False
3344,2024-07-24,2024,6.98,5.75,4.285,156,1.56,5.59,2.6950000000000003,False
3345,2024-07-25,2024,6.96,5.75,4.242,157,1.57,5.75,2.718,False
3346,2024-07-30,2024,6.93,5.75,4.14,161,1.61,5.75,2.79,False
3347,2024-07-31,2024,6.9,5.75,4.032,164,1.64,5.75,2.8680000000000003,False
3348,2024-08-01,2024,6.79,5.75,3.977,174,1.74,5.75,2.813,False
3349,2024-08-02,2024,6.69,5.75,3.791,185,1.85,5.75,2.8990000000000005,False
3350,2024-08-05,2024,6.73,5.75,3.789,191,1.91,5.75,2.9410000000000003,False
3351,2024-08-07,2024,6.7,5.75,3.944,177,1.77,5.75,2.7560000000000002,False
3352,2024-08-08,2024,6.62,5.75,3.99,175,1.75,5.75,2.63,False
3353,2024-08-09,2024,6.55,5.5,3.941,174,1.74,5.5,2.609,False
3354,2024-08-16,2024,6.55,5.5,3.884,166,1.66,5.5,2.666,False
3355,2024-08-19,2024,6.53,5.5,3.872,164,1.64,5.5,2.6580000000000004,False
3356,2024-08-20,2024,6.53,5.5,3.808,165,1.65,5.5,2.7220000000000004,False
3357,2024-08-21,2024,6.55,5.5,3.802,163,1.63,5.5,2.7479999999999998,False
3358,2024-08-22,2024,6.59,5.5,3.853,163,1.63,5.37,2.7369999999999997,False
3359,2024-08-23,2024,6.53,5.5,3.8,163,1.63,5.5,2.7300000000000004,False
3360,2024-08-26,2024,6.54,5.5,3.817,160,1.6,5.5,2.723,False
3361,2024-08-27,2024,6.56,5.5,3.823,161,1.61,5.5,2.7369999999999997,False
3362,2024-08-28,2024,6.55,5.5,3.836,162,1.62,5.44,2.714,False
3363,2024-08-29,2024,6.54,5.5,3.862,164,1.64,5.5,2.678,False
3364,2024-09-02,2024,6.55,5.5,3.904,157,1.57,5.5,2.646,False
3365,2024-09-03,2024,6.55,5.5,3.832,166,1.66,5.5,2.718,False
3366,2024-09-04,2024,6.53,5.5,3.756,166,1.66,5.5,2.7740000000000005,False
3367,2024-09-05,2024,6.52,5.5,3.728,170,1.7,5.5,2.7919999999999994,False
3368,2024-09-06,2024,6.48,5.5,3.71,169,1.69,5.49,2.7700000000000005,False
3369,2024-09-09,2024,6.43,5.5,3.701,171,1.71,5.48,2.7289999999999996,False
3370,2024-09-10,2024,6.44,5.5,3.644,171,1.71,5.4,2.7960000000000003,False
3371,2024-09-11,2024,6.4,5.5,3.654,173,1.73,5.5,2.7460000000000004,False
3372,2024-09-12,2024,6.42,5.5,3.675,168,1.68,5.35,2.745,False
3373,2024-09-13,2024,6.39,5.25,3.653,168,1.68,5.25,2.7369999999999997,False
3374,2024-09-16,2024,6.33,5.25,3.619,167,1.67,5.25,2.711,False
3375,2024-09-17,2024,6.29,5.25,3.647,164,1.64,5.25,2.6430000000000002,False
3376,2024-09-18,2024,6.25,5.25,3.705,159,1.59,5.25,2.545,False
3377,2024-09-19,2024,6.22,5.25,3.715,158,1.58,5.25,2.505,False
3378,2024-09-20,2024,6.229,5.25,3.742,159,1.59,5.25,2.487,False
3379,2024-09-23,2024,6.25,5.25,3.751,159,1.59,5.25,2.499,False
3380,2024-09-24,2024,6.28,5.25,3.73,160,1.6,5.25,2.5500000000000003,False
3381,2024-09-25,2024,6.29,5.25,3.786,155,1.55,5.25,2.504,False
3382,2024-09-26,2024,6.29,5.25,3.797,156,1.56,5.25,2.493,False
3383,2024-09-27,2024,6.24,5.25,3.752,156,1.56,5.25,2.4880000000000004,False
3384,2024-09-30,2024,6.22,5.25,3.782,154,1.54,5.25,2.4379999999999997,False
3385,2024-10-01,2024,6.22,5.25,3.732,154,1.54,5.25,2.4879999999999995,False
3386,2024-10-02,2024,6.28,5.25,3.783,152,1.52,5.25,2.4970000000000003,False
3387,2024-10-03,2024,6.39,5.25,3.847,150,1.5,5.25,2.5429999999999997,False
3388,2024-10-04,2024,6.43,5.25,3.968,149,1.49,5.25,2.4619999999999997,False
3389,2024-10-07,2024,6.5,5.25,4.027,151,1.51,5.25,2.473,False
3390,2024-10-09,2024,6.53,5.25,4.074,153,1.53,5.25,2.4560000000000004,False
3391,2024-10-10,2024,6.51,5.25,4.063,158,1.58,5.25,2.447,False
3392,2024-10-11,2024,6.43,5.25,4.101,156,1.56,5.25,2.3289999999999997,False
3393,2024-10-14,2024,6.41,5.25,4.101,158,1.58,5.25,2.309,False
3394,2024-10-15,2024,6.36,5.25,4.034,158,1.58,5.25,2.3260000000000005,False
3395,2024-10-16,2024,6.37,5.25,4.014,155,1.55,5.25,2.356,False
3396,2024-10-17,2024,6.43,5.25,4.092,152,1.52,5.25,2.338,False
3397,2024-10-18,2024,6.44,5.25,4.084,153,1.53,5.25,2.3560000000000008,False
3398,2024-10-21,2024,6.59,5.25,4.197,152,1.52,5.25,2.393,False
3399,2024-10-22,2024,6.64,5.25,4.209,156,1.56,5.25,2.431,False
3400,2024-10-23,2024,6.67,5.25,4.247,157,1.57,5.25,2.423,False
3401,2024-10-24,2024,6.61,5.25,4.213,157,1.57,5.25,2.3970000000000002,False
3402,2024-10-25,2024,6.63,5.25,4.241,154,1.54,5.25,2.3890000000000002,False
3403,2024-10-28,2024,6.6643,5.25,4.283,152,1.52,5.2,2.3812999999999995,False
3404,2024-10-29,2024,6.77,5.25,4.255,154,1.54,5.25,2.5149999999999997,False
3405,2024-10-30,2024,6.8,5.25,4.301,151,1.51,5.25,2.4989999999999997,False
3406,2024-10-31,2024,6.82,5.25,4.285,156,1.56,5.25,2.535,False
3407,2024-11-04,2024,6.74,5.25,4.286,157,1.57,5.25,2.4540000000000006,False
3408,2024-11-05,2024,6.75,5.25,4.273,160,1.6,5.25,2.4770000000000003,False
3409,2024-11-06,2024,6.78,5.25,4.433,155,1.55,5.25,2.3470000000000004,False
3410,2024-11-07,2024,6.68,5.25,4.328,151,1.51,5.25,2.3519999999999994,False
3411,2024-11-08,2024,6.62,5.0,4.305,153,1.53,5.0,2.3150000000000004,False
3412,2024-11-11,2024,6.64,5.0,4.305,153,1.53,5.0,2.335,False
3413,2024-11-12,2024,6.7,5.0,4.429,151,1.51,5.0,2.271,False
3414,2024-11-13,2024,6.69,5.0,4.452,149,1.49,5.0,2.2380000000000004,False
3415,2024-11-14,2024,6.67,5.0,4.437,148,1.48,5.0,2.2329999999999997,False
3416,2024-11-15,2024,6.7,5.0,4.44,157,1.57,5.0,2.26,False
3417,2024-11-18,2024,6.7,5.0,4.415,162,1.62,5.0,2.285,False
3418,2024-11-19,2024,6.73,5.0,4.397,154,1.54,5.0,2.333,False
3419,2024-11-20,2024,6.75,5.0,4.412,156,1.56,5.0,2.338,False
3420,2024-11-21,2024,6.72,5.0,4.423,154,1.54,5.0,2.2969999999999997,False
3421,2024-11-22,2024,6.69,5.0,4.401,155,1.55,5.0,2.2890000000000006,False
3422,2024-11-25,2024,6.57,5.0,4.275,162,1.62,5.0,2.295,False
3423,2024-11-26,2024,6.59,5.0,4.307,159,1.59,5.0,2.2829999999999995,False
3424,2024-11-27,2024,6.54,5.0,4.264,157,1.57,5.0,2.276,False
3425,2024-11-28,2024,6.56,5.0,4.264,157,1.57,5.0,2.2959999999999994,False
3426,2024-11-29,2024,6.56,5.0,4.17,161,1.61,5.0,2.3899999999999997,False
3427,2024-12-02,2024,6.57,5.0,4.192,161,1.61,5.0,2.378,False
3428,2024-12-03,2024,6.56,5.0,4.225,155,1.55,5.0,2.335,False
3429,2024-12-04,2024,6.53,5.0,4.181,158,1.58,5.0,2.349,False
3430,2024-12-05,2024,6.54,5.0,4.177,156,1.56,5.0,2.3630000000000004,False
3431,2024-12-06,2024,6.54,5.0,4.154,153,1.53,5.0,2.386,False
3432,2024-12-10,2024,6.55,5.0,4.227,150,1.5,5.0,2.3229999999999995,False
3433,2024-12-11,2024,6.53,5.0,4.272,147,1.47,5.0,2.258,False
3434,2024-12-12,2024,6.57,5.0,4.329,147,1.47,5.0,2.2410000000000005,False
3435,2024-12-13,2024,6.6,5.0,4.398,150,1.5,5.0,2.202,False
3436,2024-12-16,2024,6.618,5.0,4.399,157,1.57,5.0,2.2190000000000003,False
3437,2024-12-17,2024,6.63,5.0,4.4,154,1.54,5.0,2.2299999999999995,False
3438,2024-12-18,2024,6.67,5.0,4.516,153,1.53,4.29,2.154,False
3439,2024-12-19,2024,6.77,5.0,4.564,161,1.61,5.0,2.2059999999999995,False
3440,2024-12-23,2024,6.74,5.0,4.588,153,1.53,5.0,2.152,False
3441,2024-12-24,2024,6.73,5.0,4.59,154,1.54,5.0,2.1400000000000006,False
3442,2024-12-26,2024,6.71,5.0,4.584,157,1.57,5.0,2.1260000000000003,False
3443,2024-12-27,2024,6.68,5.0,4.626,152,1.52,5.0,2.0539999999999994,False
3444,2024-12-30,2024,6.62,5.0,4.534,160,1.6,4.94,2.0860000000000003,False
3445,2025-01-02,2025,6.65,5.0,4.56,159,1.59,5.0,2.0900000000000007,False
3446,2025-01-03,2025,6.69,5.0,4.599,155,1.55,5.0,2.091,False
3447,2025-01-06,2025,6.71,5.0,4.631,156,1.56,5.0,2.0789999999999997,False
3448,2025-01-07,2025,6.69,5.0,4.686,154,1.54,5.0,2.0040000000000004,False
3449,2025-01-08,2025,6.69,5.0,4.691,161,1.61,5.0,1.9990000000000006,False
3450,2025-01-09,2025,6.69,5.0,4.69,157,1.57,5.0,2.0,False
3451,2025-01-10,2025,6.69,4.75,4.76,158,1.58,4.75,1.9300000000000006,False
3452,2025-01-13,2025,6.7,4.75,4.78,157,1.57,4.75,1.92,False
3453,2025-01-14,2025,6.76,4.75,4.793,157,1.57,4.75,1.9669999999999996,False
3454,2025-01-15,2025,6.63,4.75,4.654,157,1.57,4.75,1.976,False
3455,2025-01-16,2025,6.63,4.75,4.614,158,1.58,4.74,2.016,False
3456,2025-01-17,2025,6.63,4.75,4.628,155,1.55,4.74,2.002,False
3457,2025-01-20,2025,6.65,4.75,4.628,155,1.55,4.75,2.0220000000000002,False
3458,2025-01-21,2025,6.67,4.75,4.577,154,1.54,4.75,2.093,False
3459,2025-01-22,2025,6.72,4.75,4.612,153,1.53,4.75,2.1079999999999997,False
3460,2025-01-23,2025,6.76,4.75,4.645,155,1.55,4.75,2.115,False
3461,2025-01-24,2025,6.73,4.75,4.622,154,1.54,4.75,2.1080000000000005,False
3462,2025-01-27,2025,6.73,4.75,4.535,158,1.58,4.75,2.1950000000000003,False
3463,2025-01-28,2025,6.71,4.75,4.533,158,1.58,4.75,2.1769999999999996,False
3464,2025-01-29,2025,6.69,4.75,4.53,159,1.59,4.75,2.16,False
3465,2025-01-30,2025,6.66,4.75,4.517,158,1.58,4.54,2.143,False
3466,2025-01-31,2025,6.7,4.75,4.541,159,1.59,4.75,2.159,False
3467,2025-02-03,2025,6.67,4.75,4.557,161,1.61,4.75,2.1129999999999995,False
3468,2025-02-04,2025,6.63,4.75,4.513,161,1.61,4.75,2.117,False
3469,2025-02-05,2025,6.6,4.75,4.419,161,1.61,4.75,2.181,False
3470,2025-02-06,2025,6.52,4.75,4.435,157,1.57,4.75,2.085,False
3471,2025-02-07,2025,6.46,4.75,4.496,159,1.59,4.75,1.9639999999999995,False
3472,2025-02-10,2025,6.42,4.75,4.498,158,1.58,4.75,1.9219999999999997,False
3473,2025-02-11,2025,6.47,4.75,4.536,158,1.58,4.75,1.9340000000000002,False
3474,2025-02-12,2025,6.53,4.75,4.625,157,1.57,4.75,1.9050000000000002,False
3475,2025-02-13,2025,6.49,4.75,4.53,158,1.58,4.75,1.96,False
3476,2025-02-14,2025,6.46,4.75,4.477,154,1.54,4.75,1.9829999999999997,False
3477,2025-02-17,2025,6.46,4.75,4.477,154,1.54,4.75,1.9829999999999997,False
3478,2025-02-18,2025,6.48,4.75,4.551,151,1.51,4.75,1.9290000000000003,False
3479,2025-02-19,2025,6.49,4.75,4.534,155,1.55,4.75,1.9560000000000004,False
3480,2025-02-20,2025,6.47,4.75,4.506,156,1.56,4.75,1.9639999999999995,False
3481,2025-02-21,2025,6.43,4.75,4.432,159,1.59,4.75,1.9979999999999993,False
3482,2025-02-24,2025,6.42,4.75,4.401,160,1.6,4.75,2.019,False
3483,2025-02-25,2025,6.36,4.75,4.295,162,1.62,4.75,2.0650000000000004,False
3484,2025-02-26,2025,6.33,4.75,4.257,160,1.6,4.75,2.0730000000000004,False
3485,2025-02-27,2025,6.34,4.75,4.261,160,1.6,4.75,2.0789999999999997,False
3486,2025-02-28,2025,6.42,4.75,4.209,164,1.64,4.82,2.2110000000000003,False
3487,2025-03-03,2025,6.44,4.75,4.156,167,1.67,4.75,2.2840000000000007,False
3488,2025-03-04,2025,6.44,4.75,4.245,160,1.6,4.75,2.1950000000000003,False
3489,2025-03-05,2025,6.47,4.75,4.28,155,1.55,4.75,2.1899999999999995,False
3490,2025-03-06,2025,6.45,4.75,4.279,161,1.61,4.75,2.1710000000000003,False
3491,2025-03-07,2025,6.46,4.75,4.303,158,1.58,4.75,2.157,False
3492,2025-03-10,2025,6.48,4.75,4.215,162,1.62,4.75,2.2650000000000006,False
3493,2025-03-11,2025,6.48,4.75,4.281,162,1.62,4.75,2.1990000000000007,False
3494,2025-03-12,2025,6.47,4.75,4.313,161,1.61,4.75,2.157,False
3495,2025-03-13,2025,6.45,4.75,4.27,171,1.71,4.75,2.1800000000000006,False
3496,2025-03-14,2025,6.42,4.75,4.314,167,1.67,4.75,2.106,False
3497,2025-03-17,2025,6.36,4.75,4.3,169,1.69,4.75,2.0600000000000005,False
3498,2025-03-18,2025,6.39,4.75,4.285,168,1.68,4.75,2.1049999999999995,False
3499,2025-03-19,2025,6.39,4.75,4.244,164,1.64,4.75,2.146,False
3500,2025-03-20,2025,6.42,4.75,4.239,162,1.62,4.75,2.181,False
3501,2025-03-21,2025,6.42,4.75,4.248,162,1.62,4.75,2.1719999999999997,False
3502,2025-03-24,2025,6.48,4.75,4.337,158,1.58,4.75,2.1430000000000007,False
3503,2025-03-25,2025,6.51,4.75,4.314,160,1.6,4.75,2.1959999999999997,False
3504,2025-03-26,2025,6.58,4.75,4.353,159,1.59,4.75,2.2270000000000003,False
3505,2025-03-27,2025,6.68,4.75,4.361,162,1.62,4.75,2.319,False
3506,2025-03-28,2025,6.71,4.75,4.25,168,1.68,4.75,2.46,False
3507,2025-03-31,2025,6.69,4.75,4.207,170,1.7,4.75,2.4830000000000005,False
3508,2025-04-01,2025,6.69,4.75,4.17,168,1.68,4.75,2.5200000000000005,False
3509,2025-04-02,2025,6.61,4.75,4.133,168,1.68,4.75,2.4770000000000003,False
3510,2025-04-03,2025,6.43,4.75,4.03,178,1.78,4.75,2.3999999999999995,False
3511,2025-04-04,2025,6.39,4.75,3.997,185,1.85,4.75,2.393,False
3512,2025-04-07,2025,6.55,4.75,4.186,186,1.86,4.75,2.364,False
3513,2025-04-08,2025,6.61,4.75,4.295,187,1.87,4.75,2.3150000000000004,False
3514,2025-04-09,2025,6.59,4.75,4.336,180,1.8,4.8,2.2539999999999996,False
3515,2025-04-10,2025,6.67,4.75,4.428,177,1.77,4.75,2.242,False
3516,2025-04-11,2025,6.63,4.75,4.492,183,1.83,4.75,2.138,False
3517,2025-04-14,2025,6.63,4.75,4.376,179,1.79,4.7,2.2539999999999996,False
3518,2025-04-15,2025,6.64,4.75,4.336,180,1.8,4.75,2.3039999999999994,False
3519,2025-04-16,2025,6.63,4.75,4.279,184,1.84,4.75,2.351,False
3520,2025-04-21,2025,6.67,4.75,4.412,180,1.8,4.75,2.258,False
3521,2025-04-22,2025,6.71,4.75,4.403,176,1.76,4.75,2.3070000000000004,False
3522,2025-04-23,2025,6.66,4.75,4.384,169,1.69,4.75,2.276,False
3523,2025-04-24,2025,6.63,4.75,4.317,172,1.72,4.75,2.3129999999999997,False
3524,2025-04-25,2025,6.63,4.75,4.237,171,1.71,4.75,2.393,False
3525,2025-04-28,2025,6.63,4.75,4.21,173,1.73,4.75,2.42,False
3526,2025-04-29,2025,6.53,4.75,4.174,176,1.76,4.75,2.356,False
3527,2025-04-30,2025,6.55,4.75,4.163,176,1.76,4.75,2.3869999999999996,False
3528,2025-05-02,2025,6.57,4.75,4.31,167,1.67,4.75,2.2600000000000007,False
3529,2025-05-05,2025,6.6,4.75,4.345,169,1.69,4.75,2.255,False
3530,2025-05-06,2025,6.59,4.75,4.297,167,1.67,4.76,2.293,False
3531,2025-05-07,2025,6.53,4.75,4.271,169,1.69,4.75,2.2590000000000003,False
3532,2025-05-08,2025,6.54,4.75,4.38,162,1.62,4.75,2.16,False
3533,2025-05-09,2025,6.4,4.5,4.38,163,1.63,4.5,2.0200000000000005,False
3534,2025-05-12,2025,6.39,4.5,4.473,155,1.55,4.5,1.9169999999999998,False
3535,2025-05-13,2025,6.37,4.5,4.467,154,1.54,4.5,1.9030000000000005,False
3536,2025-05-14,2025,6.42,4.5,4.538,154,1.54,4.5,1.8819999999999997,False
3537,2025-05-15,2025,6.37,4.5,4.433,155,1.55,4.5,1.9370000000000003,False
3538,2025-05-16,2025,6.41,4.5,4.48,156,1.56,4.5,1.9299999999999997,False
3539,2025-05-19,2025,6.43,4.5,4.45,153,1.53,4.5,1.9799999999999995,False
3540,2025-05-20,2025,6.48,4.5,4.489,153,1.53,4.5,1.9910000000000005,False
3541,2025-05-21,2025,6.54,4.5,4.601,150,1.5,4.5,1.939,False
3542,2025-05-22,2025,6.57,4.5,4.53,154,1.54,4.5,2.04,False
3543,2025-05-23,2025,6.58,4.5,4.513,154,1.54,4.5,2.067,False
3544,2025-05-26,2025,6.54,4.5,4.513,154,1.54,4.5,2.027,False
3545,2025-05-27,2025,6.48,4.5,4.446,152,1.52,4.5,2.0340000000000007,False
3546,2025-05-28,2025,6.46,4.5,4.48,154,1.54,4.5,1.9799999999999995,False
3547,2025-05-29,2025,6.45,4.5,4.42,153,1.53,4.5,2.0300000000000002,False
3548,2025-05-30,2025,6.5,4.5,4.403,158,1.58,4.5,2.0970000000000004,False
3549,2025-06-02,2025,6.51,4.5,4.442,157,1.57,4.5,2.0679999999999996,False
3550,2025-06-03,2025,6.52,4.5,4.456,154,1.54,4.5,2.063999999999999,False
3551,2025-06-04,2025,6.45,4.5,4.356,160,1.6,4.5,2.0940000000000003,False
3552,2025-06-05,2025,6.59,4.5,4.393,157,1.57,4.5,2.197,False
3553,2025-06-06,2025,6.63,4.5,4.508,151,1.51,4.5,2.122,False
3554,2025-06-09,2025,6.61,4.5,4.476,154,1.54,4.5,2.1340000000000003,False
3555,2025-06-10,2025,6.58,4.5,4.472,153,1.53,4.5,2.1079999999999997,False
3556,2025-06-11,2025,6.49,4.5,4.422,151,1.51,4.5,2.0680000000000005,False
3557,2025-06-12,2025,6.35,4.5,4.361,154,1.54,4.5,1.9889999999999999,False
3558,2025-06-13,2025,6.4,4.5,4.401,151,1.51,4.5,1.9990000000000006,False
3559,2025-06-16,2025,6.39,4.5,4.448,146,1.46,4.5,1.9419999999999993,False
3560,2025-06-17,2025,6.4,4.5,4.391,149,1.49,4.5,2.0090000000000003,False
3561,2025-06-18,2025,6.39,4.5,4.393,153,1.53,4.5,1.9969999999999999,False
3562,2025-06-19,2025,6.39,4.5,4.393,153,1.53,4.5,1.9969999999999999,False
3563,2025-06-20,2025,6.37,4.5,4.378,154,1.54,4.5,1.992,False
3564,2025-06-23,2025,6.37,4.5,4.349,155,1.55,4.5,2.021,False
3565,2025-06-24,2025,6.31,4.5,4.296,156,1.56,4.5,2.0139999999999993,False
3566,2025-06-25,2025,6.26,4.5,4.293,158,1.58,4.5,1.9669999999999996,False
3567,2025-06-26,2025,6.23,4.5,4.243,160,1.6,4.5,1.987,False
3568,2025-06-27,2025,6.24,4.5,4.279,155,1.55,4.5,1.9610000000000003,False
3569,2025-06-30,2025,6.17,4.5,4.23,154,1.54,4.63,1.9399999999999995,False
3570,2025-07-01,2025,6.13,4.5,4.243,149,1.49,4.5,1.8869999999999996,False
3571,2025-07-02,2025,6.1,4.5,4.279,149,1.49,4.5,1.8209999999999997,False
3572,2025-07-03,2025,6.11,4.5,4.348,143,1.43,4.5,1.7620000000000005,False
3573,2025-07-04,2025,6.13,4.5,4.348,143,1.43,4.5,1.782,False
3574,2025-07-07,2025,6.14,4.5,4.381,141,1.41,4.5,1.7589999999999995,False
3575,2025-07-08,2025,6.14,4.5,4.401,145,1.45,4.5,1.7389999999999999,False
3576,2025-07-09,2025,6.13,4.5,4.333,142,1.42,4.5,1.7969999999999997,False
3577,2025-07-10,2025,6.15,4.5,4.351,142,1.42,4.5,1.7990000000000004,False
3578,2025-07-11,2025,6.17,4.5,4.411,135,1.35,4.5,1.7590000000000003,False
3579,2025-07-14,2025,6.18,4.5,4.435,138,1.38,4.5,1.745,False
3580,2025-07-15,2025,6.23,4.5,4.483,134,1.34,4.5,1.7470000000000008,False
3581,2025-07-16,2025,6.27,4.5,4.457,140,1.4,4.5,1.8129999999999997,False
3582,2025-07-17,2025,6.279,4.5,4.453,139,1.39,4.5,1.8259999999999996,False
3583,2025-07-18,2025,6.3,4.5,4.418,139,1.39,4.5,1.8819999999999997,False
3584,2025-07-21,2025,6.27,4.5,4.379,137,1.37,4.5,1.891,False
3585,2025-07-22,2025,6.24,4.5,4.346,142,1.42,4.49,1.8940000000000001,False
3586,2025-07-24,2025,6.21,4.5,4.398,138,1.38,4.5,1.8120000000000003,False
3587,2025-07-25,2025,6.18,4.5,4.39,142,1.42,4.5,1.79,False
3588,2025-07-30,2025,6.18,4.5,4.372,142,1.42,4.5,1.8079999999999998,False
3589,2025-07-31,2025,6.21,4.5,4.376,140,1.4,4.5,1.8339999999999996,False
3590,2025-08-01,2025,6.12,4.5,4.218,147,1.47,4.5,1.9020000000000001,False
3591,2025-08-04,2025,6.08,4.5,4.194,143,1.43,4.5,1.8860000000000001,False
3592,2025-08-05,2025,6.04,4.5,4.212,144,1.44,4.5,1.8280000000000003,False
3593,2025-08-07,2025,5.97,4.5,4.251,138,1.38,4.5,1.7189999999999994,False
3594,2025-08-08,2025,5.98,4.5,4.284,134,1.34,4.5,1.6960000000000006,False
3595,2025-08-11,2025,5.96,4.5,4.287,133,1.33,4.5,1.673,False
3596,2025-08-12,2025,5.94,4.5,4.291,132,1.32,4.5,1.649,False
3597,2025-08-13,2025,5.93,4.5,4.235,131,1.31,4.5,1.6949999999999994,False
3598,2025-08-14,2025,5.95,4.5,4.286,128,1.28,4.5,1.6640000000000006,False
3599,2025-08-15,2025,5.96,4.5,4.319,126,1.26,4.5,1.641,False
3600,2025-08-18,2025,6.01,4.5,4.334,125,1.25,4.5,1.6760000000000002,False
3601,2025-08-19,2025,6.01,4.5,4.307,126,1.26,4.5,1.7029999999999994,False
3602,2025-08-20,2025,6.06,4.5,4.292,128,1.28,4.5,1.7679999999999998,False
3603,2025-08-21,2025,6.1,4.5,4.329,130,1.3,4.5,1.771,False
3604,2025-08-22,2025,6.01,4.5,4.255,131,1.31,4.5,1.755,False
3605,2025-08-25,2025,6.05,4.5,4.276,129,1.29,4.5,1.774,False
3606,2025-08-26,2025,6.06,4.5,4.262,131,1.31,4.5,1.798,False
3607,2025-08-27,2025,6.05,4.5,4.235,136,1.36,4.5,1.8149999999999995,False
3608,2025-08-28,2025,6.0392,4.5,4.205,135,1.35,4.5,1.8342,False
3609,2025-08-29,2025,6.02,4.5,4.23,131,1.31,4.5,1.7899999999999991,False
3610,2025-09-01,2025,6.23,4.5,4.23,131,1.31,4.5,2.0,False
3611,2025-09-02,2025,6.26,4.5,4.262,133,1.33,4.5,1.9980000000000002,False
3612,2025-09-03,2025,6.21,4.5,4.218,133,1.33,4.5,1.992,False
3613,2025-09-04,2025,6.18,4.5,4.162,133,1.33,4.5,2.018,False
3614,2025-09-05,2025,6.08,4.5,4.076,133,1.33,4.5,2.0040000000000004,False
3615,2025-09-08,2025,6.07,4.5,4.041,132,1.32,4.5,2.029,False
3616,2025-09-09,2025,6.09,4.5,4.088,131,1.31,4.5,2.002,False
3617,2025-09-10,2025,6.02,4.5,4.047,128,1.28,4.5,1.9729999999999999,False
3618,2025-09-11,2025,5.99,4.5,4.022,123,1.23,4.5,1.968,False
3619,2025-09-12,2025,6.0,4.25,4.067,122,1.22,4.25,1.9329999999999998,False
3620,2025-09-15,2025,6.15,4.25,4.039,123,1.23,4.29,2.1110000000000007,False
3621,2025-09-16,2025,6.21,4.25,4.029,123,1.23,4.25,2.181,False
3622,2025-09-17,2025,6.15,4.25,4.089,120,1.2,4.25,2.061,False
3623,2025-09-18,2025,6.14,4.25,4.106,117,1.17,4.25,2.034,False
3624,2025-09-19,2025,6.14,4.25,4.128,118,1.18,4.25,2.0119999999999996,False
3625,2025-09-22,2025,6.14,4.25,4.148,118,1.18,4.25,1.992,False
3626,2025-09-23,2025,6.13,4.25,4.107,119,1.19,4.25,2.0229999999999997,False
3627,2025-09-24,2025,6.14,4.25,4.148,117,1.17,4.25,1.992,False
3628,2025-09-25,2025,6.15,4.25,4.171,118,1.18,4.25,1.979,False
3629,2025-09-26,2025,6.15,4.25,4.176,118,1.18,4.25,1.9740000000000002,False
3630,2025-09-29,2025,6.09,4.25,4.14,120,1.2,4.25,1.9500000000000002,False
3631,2025-09-30,2025,6.05,4.25,4.151,119,1.19,4.25,1.899,False
3632,2025-10-01,2025,6.05,4.25,4.099,121,1.21,4.25,1.9509999999999996,False
3633,2025-10-02,2025,6.05,4.25,4.084,122,1.22,4.25,1.9660000000000002,False
3634,2025-10-03,2025,6.09,4.25,4.12,119,1.19,4.25,1.9699999999999998,False
3635,2025-10-06,2025,6.15,4.25,4.154,117,1.17,4.25,1.9960000000000004,False
3636,2025-10-07,2025,6.12,4.25,4.124,120,1.2,4.25,1.9960000000000004,False
3637,2025-10-09,2025,6.18,4.25,4.139,121,1.21,4.25,2.0409999999999995,False
3638,2025-10-10,2025,6.23,4.25,4.034,131,1.31,4.25,2.1960000000000006,False
3639,2025-10-13,2025,6.23,4.25,4.034,131,1.31,4.25,2.1960000000000006,False
3640,2025-10-14,2025,6.21,4.25,4.033,131,1.31,4.25,2.1769999999999996,False
3641,2025-10-15,2025,6.17,4.25,4.029,126,1.26,4.25,2.141,False
3642,2025-10-16,2025,6.14,4.25,3.975,129,1.29,4.25,2.1649999999999996,False
3643,2025-10-17,2025,6.12,4.25,4.01,126,1.26,4.25,2.1100000000000003,False
3644,2025-10-20,2025,6.08,4.25,3.981,124,1.24,4.25,2.099,False
3645,2025-10-21,2025,6.07,4.25,3.964,120,1.2,4.25,2.1060000000000003,False
3646,2025-10-22,2025,6.1,4.25,3.951,123,1.23,4.25,2.1489999999999996,False
3647,2025-10-23,2025,6.09,4.25,4.002,124,1.24,4.25,2.088,False
3648,2025-10-24,2025,6.04,4.25,4.003,122,1.22,4.25,2.037,False
3649,2025-10-27,2025,6.0484,4.25,3.981,123,1.23,4.25,2.0674,False
3650,2025-10-28,2025,6.01,4.25,3.977,124,1.24,4.25,2.033,False
3651,2025-10-29,2025,6.04,4.25,4.078,118,1.18,4.25,1.9619999999999997,False
3652,2025-10-30,2025,6.05,4.25,4.099,122,1.22,4.25,1.9509999999999996,False
3653,2025-10-31,2025,6.06,4.25,4.078,120,1.2,4.25,1.9819999999999993,False
3654,2025-11-03,2025,6.06,4.25,4.111,124,1.24,4.25,1.9489999999999998,False
3655,2025-11-04,2025,6.06,4.25,4.086,127,1.27,4.25,1.9739999999999993,False
3656,2025-11-05,2025,6.05,4.25,4.16,125,1.25,4.25,1.8899999999999997,False
3657,2025-11-06,2025,6.01,4.25,4.084,129,1.29,4.26,1.9260000000000002,False
3658,2025-11-07,2025,6.04,4.25,4.098,129,1.29,4.25,1.9420000000000002,False
3659,2025-11-10,2025,6.05,4.25,4.117,125,1.25,4.25,1.9329999999999998,False
3660,2025-11-11,2025,6.05,4.25,4.117,125,1.25,4.25,1.9329999999999998,False
3661,2025-11-12,2025,6.04,4.25,4.07,126,1.26,4.25,1.9699999999999998,False
3662,2025-11-13,2025,6.05,4.25,4.12,124,1.24,4.25,1.9299999999999997,False
3663,2025-11-14,2025,6.09,4.25,4.149,119,1.19,4.25,1.9409999999999998,False
3664,2025-11-17,2025,6.08,4.25,4.14,124,1.24,4.25,1.9400000000000004,False
3665,2025-11-18,2025,6.04,4.25,4.114,125,1.25,4.25,1.9260000000000002,False
3666,2025-11-19,2025,5.99,4.25,4.138,120,1.2,4.25,1.8520000000000003,False
3667,2025-11-20,2025,5.999,4.25,4.085,126,1.26,4.25,1.9139999999999997,False
3668,2025-11-21,2025,5.94,4.25,4.065,127,1.27,4.25,1.875,False
3669,2025-11-24,2025,5.92,4.25,4.026,129,1.29,4.25,1.8940000000000001,False
3670,2025-11-25,2025,5.9,4.25,3.997,130,1.3,4.25,1.9030000000000005,False
3671,2025-11-26,2025,5.9,4.25,3.995,130,1.3,4.25,1.9050000000000002,False
3672,2025-11-27,2025,5.91,4.25,3.995,130,1.3,4.25,1.915,False
3673,2025-11-28,2025,5.91,4.25,4.015,128,1.28,4.25,1.8950000000000005,False
3674,2025-12-01,2025,5.94,4.25,4.087,124,1.24,4.25,1.8530000000000006,False
3675,2025-12-02,2025,5.93,4.25,4.087,123,1.23,4.25,1.843,False
3676,2025-12-03,2025,5.87,4.25,4.064,123,1.23,4.25,1.806,False
3677,2025-12-04,2025,5.85,4.25,4.099,121,1.21,4.25,1.7509999999999994,False
3678,2025-12-05,2025,5.79,4.25,4.136,121,1.21,4.25,1.654,False
3679,2025-12-10,2025,5.83,4.25,4.149,124,1.24,4.25,1.681,False
3680,2025-12-11,2025,5.81,4.25,4.158,124,1.24,4.25,1.6519999999999992,False
3681,2025-12-12,2025,5.83,4.25,4.185,121,1.21,4.25,1.6450000000000005,False
3682,2025-12-15,2025,5.76,4.25,4.174,120,1.2,4.25,1.5859999999999994,False
3683,2025-12-16,2025,5.73,4.25,4.146,124,1.24,4.25,1.5840000000000005,False
3684,2025-12-17,2025,5.74,4.25,4.154,121,1.21,4.25,1.5860000000000003,False
3685,2025-12-18,2025,5.75,4.25,4.123,127,1.27,4.25,1.6269999999999998,False
3686,2025-12-19,2025,5.83,4.25,4.148,129,1.29,4.21,1.6820000000000004,False
3687,2025-12-22,2025,5.9,4.25,4.165,128,1.28,4.25,1.7350000000000003,False
3688,2025-12-23,2025,5.86,4.25,4.165,132,1.32,4.25,1.6950000000000003,False
3689,2025-12-24,2025,5.8,4.25,4.136,134,1.34,4.25,1.6639999999999997,False
3690,2025-12-29,2025,5.89,4.25,4.111,136,1.36,4.25,1.779,False
3691,2025-12-30,2025,5.81,4.25,4.123,137,1.37,4.25,1.6869999999999994,False
3692,2025-12-31,2025,5.796,4.25,4.169,135,1.35,3.85,1.6270000000000007,False
