id,fecha,Y_rendimiento_soberano,X1_tasa_referencia,X2_treasury_10a,X3_riesgo_pais,X4_tasa_interbancaria
1,2011-01-03,5.879,3.0,3.334,1.61,3.0
2,2011-01-04,5.836,3.0,3.331,1.41,3.0
3,2011-01-05,5.855,3.0,3.467,1.35,3.0
4,2011-01-06,5.855,3.0,3.395,1.42,3.0
5,2011-01-07,5.811,3.25,3.326,1.47,3.25
6,2011-01-10,5.811,3.25,3.285,1.51,3.25
7,2011-01-11,5.824,3.25,3.341,1.44,3.25
8,2011-01-12,5.83,3.25,3.367,1.41,3.25
9,2011-01-13,5.824,3.25,3.299,1.43,3.25
10,2011-01-14,5.824,3.25,3.325,1.43,3.25
11,2011-01-18,5.828,3.25,3.368,1.4,3.25
12,2011-01-19,5.827,3.25,3.341,1.48,3.25
13,2011-01-20,5.844,3.25,3.451,1.42,3.25
14,2011-01-21,5.864,3.25,3.406,1.44,3.25
15,2011-01-24,5.872,3.25,3.406,1.43,3.25
16,2011-01-25,5.881,3.25,3.33,1.52,3.25
17,2011-01-26,5.872,3.25,3.417,1.4,3.25
18,2011-01-27,5.87,3.25,3.389,1.48,3.25
19,2011-01-28,5.869,3.25,3.323,1.57,3.24
20,2011-01-31,5.869,3.25,3.372,1.52,3.25
21,2011-02-03,5.938,3.25,3.551,1.34,3.24
22,2011-02-04,5.943,3.25,3.638,1.29,3.25
23,2011-02-07,5.999,3.25,3.632,1.35,3.25
24,2011-02-08,5.998,3.25,3.739,1.27,3.25
25,2011-02-09,5.975,3.25,3.648,1.39,3.25
26,2011-02-10,5.978,3.25,3.698,1.36,3.25
27,2011-02-11,5.979,3.5,3.631,1.42,3.47
28,2011-02-14,5.992,3.5,3.621,1.5,3.5
29,2011-02-15,6.076,3.5,3.606,1.57,3.5
30,2011-02-16,6.042,3.5,3.621,1.5,3.5
31,2011-02-17,6.018,3.5,3.574,1.49,3.5
32,2011-02-18,5.999,3.5,3.582,1.47,3.5
33,2011-02-21,6.006,3.5,3.589,1.47,3.5
34,2011-02-22,6.039,3.5,3.455,1.57,3.5
35,2011-02-23,6.052,3.5,3.487,1.58,3.5
36,2011-02-24,6.155,3.5,3.45,1.62,3.5
37,2011-02-25,6.166,3.5,3.414,1.62,3.5
38,2011-02-28,6.149,3.5,3.429,1.56,3.5
39,2011-03-01,6.196,3.5,3.394,1.51,3.5
40,2011-03-02,6.262,3.5,3.472,1.43,3.49
41,2011-03-03,6.255,3.5,3.557,1.32,3.5
42,2011-03-04,6.259,3.5,3.492,1.41,3.5
43,2011-03-07,6.304,3.5,3.514,1.38,3.5
44,2011-03-08,6.224,3.5,3.55,1.33,3.5
45,2011-03-09,6.236,3.5,3.469,1.38,3.49
46,2011-03-10,6.238,3.5,3.36,1.5,3.49
47,2011-03-11,6.214,3.75,3.404,1.48,3.74
48,2011-03-14,6.193,3.75,3.358,1.52,3.74
49,2011-03-15,6.2,3.75,3.305,1.57,3.74
50,2011-03-16,6.237,3.75,3.172,1.67,3.74
51,2011-03-17,6.246,3.75,3.257,1.63,3.74
52,2011-03-18,6.252,3.75,3.27,1.63,3.75
53,2011-03-21,6.309,3.75,3.33,1.66,3.75
54,2011-03-22,6.426,3.75,3.328,1.72,3.75
55,2011-03-23,6.417,3.75,3.352,1.71,3.75
56,2011-03-24,6.471,3.75,3.406,1.69,3.75
57,2011-03-25,6.514,3.75,3.441,1.65,3.75
58,2011-03-28,6.555,3.75,3.433,1.68,3.75
59,2011-03-29,6.64,3.75,3.489,1.74,3.75
60,2011-03-30,6.7445,3.75,3.437,1.72,3.74
61,2011-03-31,6.73423076923077,3.75,3.472,1.73,3.75
62,2011-04-01,6.72357142857143,3.75,3.444,1.73,3.75
63,2011-04-04,6.76666666666667,3.75,3.42,1.79,3.75
64,2011-04-05,6.73333333333333,3.75,3.481,1.76,3.75
65,2011-04-06,6.69333333333333,3.75,3.547,1.64,3.81
66,2011-04-07,6.62958333333334,3.75,3.547,1.57,3.99
67,2011-04-08,6.59058823529412,4.0,3.579,1.6,4.0
68,2011-04-11,6.60833333333333,4.0,3.587,1.62,4.0
69,2011-04-12,6.695,4.0,3.492,1.7,4.0
70,2011-04-13,6.78625,4.0,3.46,1.84,4.0
71,2011-04-14,7.01888888888889,4.0,3.5,1.93,3.99
72,2011-04-15,7.10666666666667,4.0,3.41,2.02,4.0
73,2011-04-18,7.16333333333333,4.0,3.376,2.03,4.0
74,2011-04-19,7.18875,4.0,3.365,2.06,4.0
75,2011-04-25,7.2075,4.0,3.365,2.1,4.0
76,2011-04-26,7.2475,4.0,3.309,2.27,3.99
77,2011-04-27,7.349,4.0,3.357,2.31,3.93
78,2011-04-28,7.19533333333333,4.0,3.312,2.26,3.94
79,2011-04-29,7.03428571428571,4.0,3.288,2.17,4.0
80,2011-05-03,6.95185185185185,4.0,3.249,2.16,4.0
81,2011-05-04,6.79179130434783,4.0,3.218,1.99,4.0
82,2011-05-05,6.80032857142857,4.0,3.152,2.0,4.0
83,2011-05-06,6.73,4.0,3.148,1.89,4.0
84,2011-05-09,6.614,4.0,3.162,1.88,4.0
85,2011-05-10,6.745,4.0,3.214,1.88,4.0
86,2011-05-11,6.82909090909091,4.0,3.16,1.94,4.07
87,2011-05-12,6.74754285714286,4.0,3.223,1.83,4.0
88,2011-05-13,6.6879641025641,4.25,3.171,1.78,4.43
89,2011-05-16,6.72,4.25,3.148,1.81,4.46
90,2011-05-17,6.715,4.25,3.117,1.83,4.25
91,2011-05-18,6.67666666666667,4.25,3.181,1.81,4.25
92,2011-05-19,6.719,4.25,3.172,1.79,4.24
93,2011-05-20,6.7,4.25,3.146,1.82,4.25
94,2011-05-23,6.69363636363636,4.25,3.13,1.75,4.25
95,2011-05-24,6.7,4.25,3.115,1.76,4.25
96,2011-05-25,6.68571428571429,4.25,3.131,1.74,4.25
97,2011-05-26,6.65222222222222,4.25,3.058,1.82,4.25
98,2011-05-27,6.6394,4.25,3.074,1.82,4.25
99,2011-05-30,6.7,4.25,3.074,1.82,4.25
100,2011-05-31,6.67333333333333,4.25,3.062,1.89,4.25
101,2011-06-01,6.7,4.25,2.942,2.01,4.25
102,2011-06-02,6.588,4.25,3.031,1.89,4.37
103,2011-06-03,6.54125,4.25,2.987,1.92,4.34
104,2011-06-06,6.80851851851852,4.25,2.996,2.14,4.29
105,2011-06-07,6.67666666666667,4.25,2.996,1.95,4.26
106,2011-06-08,6.536,4.25,2.94,1.99,4.32
107,2011-06-09,6.51,4.25,2.998,1.89,4.3
108,2011-06-10,6.42,4.25,2.97,1.91,4.29
109,2011-06-16,6.46,4.25,2.928,1.98,4.32
110,2011-06-17,6.385,4.25,2.945,1.97,4.26
111,2011-06-20,6.38,4.25,2.959,1.96,4.22
112,2011-06-21,6.32444444444445,4.25,2.984,1.93,4.16
113,2011-06-22,6.3,4.25,2.983,1.92,4.2
114,2011-06-23,6.33,4.25,2.913,1.97,4.26
115,2011-06-24,6.379,4.25,2.864,2.0,4.25
116,2011-06-27,6.3,4.25,2.931,1.91,4.25
117,2011-06-28,6.369,4.25,3.032,1.84,4.25
118,2011-06-30,6.30166666666667,4.25,3.161,1.69,4.36
119,2011-07-01,6.25666666666667,4.25,3.183,1.68,4.36
120,2011-07-04,6.309,4.25,3.183,1.68,4.3
121,2011-07-05,6.22,4.25,3.122,1.68,4.25
122,2011-07-06,6.2,4.25,3.109,1.73,4.25
123,2011-07-07,6.23166666666667,4.25,3.139,1.68,4.25
124,2011-07-08,6.289,4.25,3.028,1.8,4.25
125,2011-07-11,6.27,4.25,2.92,1.86,4.25
126,2011-07-12,6.27416666666667,4.25,2.878,1.89,4.25
127,2011-07-13,6.25,4.25,2.883,1.89,4.25
128,2011-07-14,6.25,4.25,2.954,1.82,4.25
129,2011-07-15,6.25,4.25,2.907,1.85,4.25
130,2011-07-18,6.24105263157895,4.25,2.929,1.76,4.25
131,2011-07-19,6.23666666666667,4.25,2.881,1.77,4.25
132,2011-07-20,6.2165,4.25,2.928,1.69,4.25
133,2011-07-21,6.2,4.25,3.015,1.6,4.25
134,2011-07-22,6.2101,4.25,2.963,1.63,4.25
135,2011-07-25,6.20333333333333,4.25,3.002,1.6,4.25
136,2011-07-26,6.19,4.25,2.954,1.6,4.25
137,2011-07-27,6.19083333333333,4.25,2.981,1.54,4.25
138,2011-08-01,6.139059375,4.25,2.745,1.51,4.25
139,2011-08-02,6.085,4.25,2.612,1.59,4.26
140,2011-08-03,6.09428571428572,4.25,2.621,1.62,4.26
141,2011-08-04,6.11290322580645,4.25,2.404,1.83,4.25
142,2011-08-05,6.124,4.25,2.56,1.81,4.25
143,2011-08-08,6.12232222222222,4.25,2.319,2.16,4.25
144,2011-08-09,6.124,4.25,2.25,2.25,4.25
145,2011-08-11,6.015,4.25,2.34,2.14,4.25
146,2011-08-12,5.9903705882353,4.25,2.256,2.16,4.25
147,2011-08-15,5.97818181818182,4.25,2.306,2.04,4.25
148,2011-08-16,5.98,4.25,2.22,2.09,4.24
149,2011-08-17,5.94923076923077,4.25,2.166,2.08,4.21
150,2011-08-18,5.9021052631579,4.25,2.063,2.16,4.19
151,2011-08-19,5.868,4.25,2.064,2.18,4.19
152,2011-08-22,5.801,4.25,2.107,2.13,4.24
153,2011-08-23,5.71958333333333,4.25,2.154,2.1,4.2
154,2011-08-24,5.64571428571429,4.25,2.3,1.94,4.2
155,2011-08-25,5.60789473684211,4.25,2.23,2.0,4.2
156,2011-08-26,5.642,4.25,2.191,2.04,4.2
157,2011-08-31,5.53058823529412,4.25,2.224,1.86,4.19
158,2011-09-01,5.53727272727273,4.25,2.131,1.94,4.25
159,2011-09-02,5.506,4.25,1.989,2.07,4.25
160,2011-09-05,5.44761904761905,4.25,1.989,2.07,4.16
161,2011-09-06,5.41166666666667,4.25,1.985,2.13,4.19
162,2011-09-07,5.4025,4.25,2.044,2.06,4.18
163,2011-09-08,5.41,4.25,1.98,2.09,4.2
164,2011-09-09,5.38205128205128,4.25,1.92,2.22,4.2
165,2011-09-12,5.4225,4.25,1.948,2.27,4.2
166,2011-09-13,5.455,4.25,1.992,2.21,4.19
167,2011-09-14,5.4955,4.25,1.985,2.24,4.25
168,2011-09-15,5.55441176470588,4.25,2.083,2.19,4.25
169,2011-09-16,5.63875,4.25,2.049,2.21,4.34
170,2011-09-19,5.68058823529412,4.25,1.951,2.39,4.32
171,2011-09-20,5.67545454545455,4.25,1.939,2.36,4.29
172,2011-09-21,5.73,4.25,1.858,2.47,4.27
173,2011-09-22,5.925,4.25,1.719,2.83,4.3
174,2011-09-23,5.82576923076923,4.25,1.834,2.77,4.3
175,2011-09-26,5.8,4.25,1.901,2.8,4.3
176,2011-09-27,5.754375,4.25,1.972,2.69,4.3
177,2011-09-28,5.868,4.25,1.981,2.7,4.29
178,2011-09-29,5.863125,4.25,1.997,2.74,4.28
179,2011-09-30,5.85833333333333,4.25,1.916,2.79,4.3
180,2011-10-03,5.929,4.25,1.757,2.95,4.3
181,2011-10-04,5.87833333333333,4.25,1.822,2.95,4.25
182,2011-10-05,5.86416666666667,4.25,1.889,2.92,4.25
183,2011-10-06,5.77594736842105,4.25,1.988,2.71,4.27
184,2011-10-07,5.74944444444444,4.25,2.078,2.61,4.3
185,2011-10-10,5.73333333333333,4.25,2.078,2.61,4.3
186,2011-10-11,5.72814814814815,4.25,2.151,2.35,4.3
187,2011-10-12,5.71302325581395,4.25,2.211,2.17,4.29
188,2011-10-13,5.64866666666666,4.25,2.184,2.24,4.25
189,2011-10-14,5.628,4.25,2.249,2.12,4.25
190,2011-10-17,5.7,4.25,2.156,2.19,4.26
191,2011-10-18,5.72333333333333,4.25,2.178,2.18,4.3
192,2011-10-19,5.68863636363636,4.25,2.161,2.18,4.3
193,2011-10-20,5.7,4.25,2.19,2.19,4.27
194,2011-10-21,5.68,4.25,2.22,2.15,4.23
195,2011-10-24,5.70483928571428,4.25,2.234,2.12,4.21
196,2011-10-25,5.7053,4.25,2.11,2.19,4.26
197,2011-10-26,5.73666666666667,4.25,2.205,2.08,4.26
198,2011-10-27,5.61091666666667,4.25,2.398,1.83,4.27
199,2011-10-28,5.59888888888889,4.25,2.318,1.92,4.27
200,2011-11-02,5.62058823529412,4.25,1.986,2.09,4.25
201,2011-11-03,5.65647058823529,4.25,2.074,1.92,4.27
202,2011-11-04,5.66428571428572,4.25,2.034,1.92,4.28
203,2011-11-07,5.66692307692308,4.25,2.038,1.99,4.28
204,2011-11-08,5.65,4.25,2.078,1.9,4.3
205,2011-11-09,5.6825,4.25,1.962,2.08,4.28
206,2011-11-10,5.66,4.25,2.058,1.98,4.25
207,2011-11-11,5.61511627906977,4.25,2.058,1.98,4.24
208,2011-11-14,5.60125,4.25,2.057,2.01,4.19
209,2011-11-15,5.63,4.25,2.046,1.99,4.25
210,2011-11-16,5.62875,4.25,2.001,2.03,4.25
211,2011-11-17,5.61589655172414,4.25,1.961,2.1,4.25
212,2011-11-18,5.61355932203391,4.25,2.011,2.17,4.25
213,2011-11-21,5.68384615384615,4.25,1.956,2.28,4.25
214,2011-11-22,5.69952380952381,4.25,1.918,2.31,4.25
215,2011-11-23,5.73153846153846,4.25,1.885,2.42,4.25
216,2011-11-24,5.748,4.25,1.885,2.42,4.25
217,2011-11-25,5.73860465116279,4.25,1.965,2.42,4.25
218,2011-11-28,5.72254545454546,4.25,1.975,2.36,4.23
219,2011-11-29,5.716,4.25,1.992,2.38,4.24
220,2011-11-30,5.66880952380952,4.25,2.069,2.27,4.25
221,2011-12-01,5.62044444444444,4.25,2.088,2.17,4.25
222,2011-12-02,5.62,4.25,2.034,2.2,4.25
223,2011-12-05,5.64605263157894,4.25,2.044,2.19,4.26
224,2011-12-06,5.65875,4.25,2.09,2.11,4.25
225,2011-12-07,5.64988888888889,4.25,2.03,2.18,4.25
226,2011-12-09,5.63520547945205,4.25,2.062,2.1,4.25
227,2011-12-12,5.7203947368421,4.25,2.014,2.15,4.24
228,2011-12-13,5.72615384615385,4.25,1.966,2.15,4.19
229,2011-12-14,5.74290322580646,4.25,1.904,2.23,4.18
230,2011-12-15,5.73377391304348,4.25,1.909,2.21,4.19
231,2011-12-16,5.69319076923077,4.25,1.848,2.28,4.23
232,2011-12-19,5.69882352941176,4.25,1.81,2.32,4.25
233,2011-12-20,5.69777777777778,4.25,1.924,2.18,4.25
234,2011-12-21,5.7028125,4.25,1.968,2.12,4.25
235,2011-12-22,5.72,4.25,1.948,2.14,4.26
236,2011-12-26,5.769,4.25,2.025,2.05,4.25
237,2011-12-27,5.72071428571429,4.25,2.006,2.07,4.25
238,2011-12-28,5.72,4.25,1.918,2.15,4.25
239,2011-12-29,5.73537142857143,4.25,1.9,2.17,4.25
240,2012-01-02,5.71153846153846,4.25,1.877,2.16,4.25
241,2012-01-03,5.67436363636364,4.25,1.948,2.06,4.25
242,2012-01-04,5.69,4.25,1.978,2.05,4.25
243,2012-01-05,5.65665151515152,4.25,1.996,2.07,4.25
244,2012-01-06,5.65139534883721,4.25,1.959,2.11,4.25
245,2012-01-09,5.66208333333334,4.25,1.959,2.1,4.25
246,2012-01-10,5.65064516129032,4.25,1.969,2.11,4.25
247,2012-01-11,5.68313953488372,4.25,1.905,2.28,4.23
248,2012-01-12,5.69881355932203,4.25,1.924,2.27,4.21
249,2012-01-13,5.73042553191489,4.25,1.864,2.33,4.2
250,2012-01-16,5.72388888888889,4.25,1.864,2.33,4.19
251,2012-01-17,5.72404333333333,4.25,1.857,2.35,4.15
252,2012-01-18,5.72045454545454,4.25,1.899,2.3,4.21
253,2012-01-19,5.70010909090909,4.25,1.978,2.2,4.21
254,2012-01-20,5.69166666666667,4.25,2.025,2.14,4.21
255,2012-01-23,5.68547083333333,4.25,2.052,2.12,4.21
256,2012-01-24,5.68,4.25,2.061,2.21,4.22
257,2012-01-25,5.73790697674419,4.25,1.995,2.2,4.25
258,2012-01-26,5.68631904761905,4.25,1.932,2.23,4.22
259,2012-01-27,5.65588235294118,4.25,1.892,2.21,4.23
260,2012-01-30,5.66714285714286,4.25,1.845,2.23,4.23
261,2012-01-31,5.6488,4.25,1.798,2.21,4.25
262,2012-02-01,5.62,4.25,1.827,2.14,4.22
263,2012-02-02,5.6,4.25,1.822,2.15,4.22
264,2012-02-03,5.58245714285714,4.25,1.923,2.03,4.22
265,2012-02-06,5.61520000000001,4.25,1.907,2.07,4.22
266,2012-02-07,5.65031645569619,4.25,1.974,1.99,4.22
267,2012-02-08,5.62235294117647,4.25,1.983,2.0,4.21
268,2012-02-09,5.598,4.25,2.037,1.95,4.22
269,2012-02-10,5.57053124999999,4.25,1.987,2.04,4.19
270,2012-02-13,5.54166666666667,4.25,1.975,1.96,4.2
271,2012-02-14,5.58003846153846,4.25,1.937,2.01,4.2
272,2012-02-15,5.56666666666667,4.25,1.928,2.01,4.21
273,2012-02-16,5.56623376623376,4.25,1.984,1.95,4.22
274,2012-02-17,5.54347826086957,4.25,2.003,1.92,4.25
275,2012-02-20,5.52872340425532,4.25,2.003,1.92,4.25
276,2012-02-21,5.53296296296296,4.25,2.06,1.88,4.25
277,2012-02-22,5.50999999999999,4.25,2.004,1.91,4.25
278,2012-02-23,5.51,4.25,1.997,1.95,4.25
279,2012-02-24,5.47584186046512,4.25,1.977,1.98,4.25
280,2012-02-27,5.4692,4.25,1.926,2.03,4.25
281,2012-02-28,5.471,4.25,1.944,2.0,4.25
282,2012-02-29,5.43809523809524,4.25,1.972,1.95,4.25
283,2012-03-01,5.44947368421053,4.25,2.027,1.87,4.25
284,2012-03-02,5.4441935483871,4.25,1.975,1.87,4.25
285,2012-03-05,5.43941176470588,4.25,2.011,1.87,4.25
286,2012-03-06,5.42673913043478,4.25,1.944,1.93,4.25
287,2012-03-07,5.44929156626505,4.25,1.976,1.86,4.25
288,2012-03-08,5.45518518518519,4.25,2.013,1.8,4.25
289,2012-03-09,5.386,4.25,2.029,1.79,4.25
290,2012-03-12,5.33363636363636,4.25,2.034,1.74,4.25
291,2012-03-13,5.32382352941176,4.25,2.127,1.65,4.25
292,2012-03-14,5.37943191489362,4.25,2.27,1.52,4.25
293,2012-03-15,5.39810810810811,4.25,2.28,1.52,4.25
294,2012-03-16,5.38611515151515,4.25,2.295,1.5,4.25
295,2012-03-19,5.364,4.25,2.378,1.44,4.25
296,2012-03-20,5.3875,4.25,2.36,1.45,4.25
297,2012-03-21,5.37173913043478,4.25,2.297,1.51,4.25
298,2012-03-22,5.39469387755102,4.25,2.279,1.54,4.25
299,2012-03-23,5.43450408163266,4.25,2.233,1.58,4.25
300,2012-03-26,5.48333333333334,4.25,2.249,1.57,4.25
301,2012-03-27,5.43301587301588,4.25,2.184,1.61,4.25
302,2012-03-28,5.39857142857142,4.25,2.201,1.6,4.25
303,2012-03-29,5.4253947368421,4.25,2.16,1.64,4.25
304,2012-03-30,5.4,4.25,2.211,1.57,4.25
305,2012-04-02,5.42526315789474,4.25,2.183,1.59,4.25
306,2012-04-03,5.43214285714286,4.25,2.301,1.48,4.25
307,2012-04-04,5.4415909090909,4.25,2.224,1.53,4.25
308,2012-04-09,5.42,4.25,2.048,1.73,4.22
309,2012-04-10,5.41074074074074,4.25,1.983,1.79,4.24
310,2012-04-11,5.4016923076923,4.25,2.036,1.71,4.24
311,2012-04-12,5.41333333333333,4.25,2.052,1.65,4.23
312,2012-04-13,5.37194444444444,4.25,1.983,1.68,4.23
313,2012-04-16,5.32063829787234,4.25,1.981,1.71,4.24
314,2012-04-17,5.25153846153846,4.25,1.999,1.63,4.25
315,2012-04-18,5.28333333333333,4.25,1.976,1.63,4.24
316,2012-04-19,5.27538461538461,4.25,1.967,1.62,4.24
317,2012-04-20,5.26970588235294,4.25,1.964,1.61,4.24
318,2012-04-23,5.2625,4.25,1.936,1.67,4.2
319,2012-04-24,5.23395348837209,4.25,1.974,1.65,4.21
320,2012-04-25,5.19807692307692,4.25,1.985,1.62,4.21
321,2012-04-26,5.15854166666666,4.25,1.939,1.65,4.25
322,2012-04-27,5.13727272727273,4.25,1.936,1.66,4.24
323,2012-05-02,5.03486486486487,4.25,1.929,1.59,4.25
324,2012-05-03,4.98723404255319,4.25,1.932,1.54,4.23
325,2012-05-04,4.95615384615385,4.25,1.879,1.56,4.23
326,2012-05-07,4.97611111111111,4.25,1.872,1.55,4.25
327,2012-05-08,5.044,4.25,1.841,1.59,4.25
328,2012-05-09,5.09447368421053,4.25,1.824,1.61,4.25
329,2012-05-10,5.09285714285714,4.25,1.868,1.56,4.25
330,2012-05-11,5.1,4.25,1.838,1.64,4.25
331,2012-05-14,5.15,4.25,1.765,1.75,4.25
332,2012-05-15,5.13196428571429,4.25,1.769,1.8,4.24
333,2012-05-16,5.13666666666667,4.25,1.761,1.84,4.23
334,2012-05-17,5.15333333333333,4.25,1.698,1.95,4.24
335,2012-05-18,5.16912926829268,4.25,1.723,1.97,4.25
336,2012-05-21,5.19851063829787,4.25,1.742,1.96,4.25
337,2012-05-22,5.21857142857143,4.25,1.77,1.9,4.25
338,2012-05-23,5.27566666666667,4.25,1.735,2.01,4.24
339,2012-05-24,5.33583333333333,4.25,1.778,1.95,4.25
340,2012-05-25,5.34214285714286,4.25,1.739,1.97,4.23
341,2012-05-28,5.302,4.25,1.739,1.97,4.24
342,2012-05-29,5.23936170212766,4.25,1.746,1.97,4.24
343,2012-05-30,5.30684210526316,4.25,1.623,2.08,4.25
344,2012-05-31,5.3,4.25,1.559,2.16,4.25
345,2012-06-01,5.30403,4.25,1.453,2.26,4.25
346,2012-06-04,5.25,4.25,1.525,2.17,4.25
347,2012-06-05,5.22428571428571,4.25,1.575,2.08,4.23
348,2012-06-06,5.13717948717948,4.25,1.66,1.93,4.21
349,2012-06-07,5.07962962962963,4.25,1.64,1.89,4.21
350,2012-06-08,5.11916666666667,4.25,1.636,1.9,4.23
351,2012-06-11,5.15615384615385,4.25,1.587,1.95,4.19
352,2012-06-12,5.18,4.25,1.665,1.88,4.25
353,2012-06-13,5.14375,4.25,1.594,1.89,4.22
354,2012-06-14,5.12571428571429,4.25,1.643,1.84,4.23
355,2012-06-15,5.08280701754387,4.25,1.578,1.76,4.24
356,2012-06-18,5.03142857142857,4.25,1.575,1.82,4.25
357,2012-06-19,5.03229508196722,4.25,1.621,1.8,4.24
358,2012-06-20,5.04061224489796,4.25,1.658,1.8,4.24
359,2012-06-21,5.04397435897436,4.25,1.617,1.83,4.21
360,2012-06-22,5.19427142857143,4.25,1.675,1.76,4.2
361,2012-06-25,5.19427142857143,4.25,1.603,1.82,4.25
362,2012-06-26,5.195,4.25,1.627,1.8,4.25
363,2012-06-27,5.16214285714286,4.25,1.619,1.81,4.25
364,2012-06-28,5.18,4.25,1.578,1.84,4.25
365,2012-07-02,5.14,4.25,1.589,1.82,4.25
366,2012-07-03,5.15,4.25,1.63,1.74,4.25
367,2012-07-04,5.23,4.25,1.63,1.74,4.25
368,2012-07-05,5.1325,4.25,1.598,1.74,4.27
369,2012-07-06,5.17,4.25,1.55,1.79,4.29
370,2012-07-09,5.17,4.25,1.513,1.8,4.25
371,2012-07-10,5.1,4.25,1.502,1.76,4.25
372,2012-07-11,5.03,4.25,1.518,1.65,4.25
373,2012-07-12,4.86,4.25,1.475,1.62,4.23
374,2012-07-13,4.86,4.25,1.488,1.57,4.21
375,2012-07-16,4.775,4.25,1.473,1.56,4.21
376,2012-07-17,4.98,4.25,1.509,1.51,4.23
377,2012-07-18,4.91,4.25,1.495,1.53,4.24
378,2012-07-19,4.8,4.25,1.509,1.5,4.25
379,2012-07-20,4.75,4.25,1.458,1.55,4.24
380,2012-07-23,4.95,4.25,1.427,1.58,4.24
381,2012-07-25,4.82333333333333,4.25,1.398,1.65,4.25
382,2012-07-26,4.82,4.25,1.439,1.62,4.25
383,2012-07-30,4.94,4.25,1.503,1.48,4.21
384,2012-07-31,5.88,4.25,1.469,1.45,4.25
385,2012-08-01,5.88,4.25,1.525,1.36,4.25
386,2012-08-02,4.65,4.25,1.479,1.42,4.25
387,2012-08-03,4.85,4.25,1.564,1.3,4.25
388,2012-08-06,4.8,4.25,1.567,1.31,4.25
389,2012-08-07,4.84,4.25,1.629,1.24,4.15
390,2012-08-08,4.85,4.25,1.65,1.22,4.19
391,2012-08-09,4.78888888888889,4.25,1.689,1.25,4.19
392,2012-08-10,4.781,4.25,1.658,1.3,4.2
393,2012-08-13,4.78,4.25,1.665,1.31,4.2
394,2012-08-14,4.82,4.25,1.739,1.3,4.19
395,2012-08-15,4.81,4.25,1.816,1.26,4.2
396,2012-08-16,4.83,4.25,1.835,1.26,4.2
397,2012-08-17,4.8,4.25,1.811,1.32,4.21
398,2012-08-20,4.83,4.25,1.806,1.34,4.18
399,2012-08-21,4.83,4.25,1.799,1.31,4.24
400,2012-08-22,4.805,4.25,1.692,1.37,4.23
401,2012-08-23,4.82631578947368,4.25,1.679,1.39,4.25
402,2012-08-24,4.80166666666667,4.25,1.687,1.37,4.25
403,2012-08-27,4.785,4.25,1.651,1.4,4.25
404,2012-08-28,4.78421052631579,4.25,1.634,1.39,4.24
405,2012-08-29,4.796,4.25,1.651,1.36,4.25
406,2012-09-03,4.83,4.25,1.549,1.45,4.24
407,2012-09-04,4.78,4.25,1.573,1.43,4.22
408,2012-09-05,4.77666666666667,4.25,1.597,1.41,4.22
409,2012-09-06,4.776,4.25,1.679,1.32,4.2
410,2012-09-07,4.8,4.25,1.669,1.31,4.21
411,2012-09-10,4.75111111111111,4.25,1.655,1.28,4.23
412,2012-09-11,4.746,4.25,1.701,1.28,4.22
413,2012-09-12,4.75285714285714,4.25,1.758,1.19,4.21
414,2012-09-13,4.69296296296296,4.25,1.724,1.18,4.21
415,2012-09-14,4.682,4.25,1.867,1.09,4.2
416,2012-09-17,4.68,4.25,1.842,1.13,4.23
417,2012-09-18,4.60666666666667,4.25,1.809,1.15,4.24
418,2012-09-19,4.5625,4.25,1.773,1.16,4.25
419,2012-09-20,4.52625,4.25,1.765,1.14,4.25
420,2012-09-21,4.59,4.25,1.754,1.14,4.25
421,2012-09-24,4.578,4.25,1.71,1.17,4.25
422,2012-09-25,4.61,4.25,1.667,1.21,4.25
423,2012-09-26,4.61,4.25,1.61,1.26,4.25
424,2012-09-27,4.61090909090909,4.25,1.655,1.25,4.25
425,2012-09-28,4.57,4.25,1.634,1.25,4.25
426,2012-10-03,4.62,4.25,1.615,1.21,4.25
427,2012-10-04,4.62,4.25,1.674,1.13,4.26
428,2012-10-05,4.62,4.25,1.744,1.06,4.25
429,2012-10-09,4.60666666666667,4.25,1.714,1.07,4.25
430,2012-10-10,4.62,4.25,1.675,1.11,4.25
431,2012-10-11,4.6,4.25,1.671,1.14,4.25
432,2012-10-12,4.65,4.25,1.657,1.12,4.22
433,2012-10-15,4.65,4.25,1.664,1.07,4.24
434,2012-10-16,4.534,4.25,1.719,1.01,4.24
435,2012-10-17,4.52,4.25,1.819,0.94,4.24
436,2012-10-18,4.50933333333333,4.25,1.835,0.91,4.24
437,2012-10-19,4.45125,4.25,1.764,1.0,4.24
438,2012-10-22,4.5,4.25,1.814,0.98,4.24
439,2012-10-23,4.46666666666667,4.25,1.758,1.0,4.23
440,2012-10-24,4.47,4.25,1.79,0.99,4.25
441,2012-10-25,4.50181818181818,4.25,1.824,0.98,4.22
442,2012-10-26,4.56,4.25,1.746,1.11,4.21
443,2012-10-29,4.56,4.25,1.719,1.14,4.24
444,2012-10-30,4.508,4.25,1.719,1.14,4.21
445,2012-10-31,4.505,4.25,1.719,1.18,4.24
446,2012-11-05,4.50666666666667,4.25,1.716,1.15,4.25
447,2012-11-06,4.515,4.25,1.685,1.1,4.25
448,2012-11-07,4.48125,4.25,1.752,1.21,4.24
449,2012-11-08,4.49846153846154,4.25,1.648,1.24,4.24
450,2012-11-09,4.55,4.25,1.616,1.26,4.25
451,2012-11-12,4.55,4.25,1.607,1.26,4.25
452,2012-11-13,4.51,4.25,1.607,1.28,4.25
453,2012-11-14,4.49972222222222,4.25,1.595,1.31,4.25
454,2012-11-15,4.45193548387097,4.25,1.592,1.33,4.24
455,2012-11-16,4.452,4.25,1.594,1.33,4.25
456,2012-11-19,4.51,4.25,1.581,1.3,4.25
457,2012-11-20,4.443,4.25,1.614,1.24,4.25
458,2012-11-21,4.44909090909091,4.25,1.667,1.22,4.25
459,2012-11-22,4.46,4.25,1.68,1.22,4.25
460,2012-11-23,4.444,4.25,1.68,1.22,4.25
461,2012-11-26,4.40416666666667,4.25,1.691,1.24,4.24
462,2012-11-27,4.39083333333333,4.25,1.663,1.23,4.25
463,2012-11-28,4.4,4.25,1.638,1.22,4.25
464,2012-11-29,4.36727272727273,4.25,1.629,1.2,4.25
465,2012-11-30,4.31285714285714,4.25,1.616,1.22,4.26
466,2012-12-03,4.27,4.25,1.616,1.23,4.25
467,2012-12-04,4.225625,4.25,1.622,1.25,4.25
468,2012-12-05,4.2125,4.25,1.604,1.24,4.24
469,2012-12-06,4.18153846153846,4.25,1.588,1.26,4.25
470,2012-12-07,4.19909090909091,4.25,1.587,1.22,4.25
471,2012-12-10,4.22642857142857,4.25,1.622,1.24,4.25
472,2012-12-11,4.18611111111111,4.25,1.617,1.21,4.25
473,2012-12-12,4.1475,4.25,1.655,1.15,4.25
474,2012-12-13,4.13142857142857,4.25,1.699,1.16,4.25
475,2012-12-14,4.13,4.25,1.731,1.18,4.25
476,2012-12-17,4.11714285714286,4.25,1.702,1.12,4.24
477,2012-12-18,4.132,4.25,1.773,1.08,4.22
478,2012-12-19,4.125,4.25,1.818,1.09,4.21
479,2012-12-20,4.12,4.25,1.802,1.11,4.18
480,2012-12-21,4.17,4.25,1.797,1.15,4.25
481,2012-12-26,4.10666666666667,4.25,1.775,1.14,4.25
482,2012-12-27,4.09533333333333,4.25,1.752,1.18,4.25
483,2013-01-02,4.09,4.25,1.758,1.05,4.24
484,2013-01-03,4.10214285714286,4.25,1.838,1.0,4.15
485,2013-01-04,4.125,4.25,1.913,1.0,4.2
486,2013-01-07,4.1,4.25,1.9,1.03,4.18
487,2013-01-08,4.125,4.25,1.898,1.08,4.21
488,2013-01-09,4.104,4.25,1.869,1.1,4.22
489,2013-01-10,4.05333333333333,4.25,1.858,1.09,4.18
490,2013-01-11,4.03333333333333,4.25,1.897,1.11,4.03
491,2013-01-14,4.015,4.25,1.869,1.11,4.12
492,2013-01-15,3.98,4.25,1.846,1.12,4.1
493,2013-01-16,4.0,4.25,1.837,1.11,4.13
494,2013-01-17,4.04,4.25,1.819,1.08,4.16
495,2013-01-18,4.01,4.25,1.88,1.1,4.09
496,2013-01-22,4.00545454545454,4.25,1.843,1.11,3.83
497,2013-01-23,4.015,4.25,1.843,1.11,4.14
498,2013-01-24,4.02333333333333,4.25,1.825,1.1,4.17
499,2013-01-25,4.16,4.25,1.851,1.06,4.19
500,2013-01-28,4.14571428571429,4.25,1.95,1.09,4.22
501,2013-01-29,4.12466666666667,4.25,1.962,1.12,4.21
502,2013-01-30,4.14,4.25,2.0,1.21,4.23
503,2013-01-31,4.093125,4.25,1.993,1.29,4.22
504,2013-02-01,4.05333333333333,4.25,1.986,1.26,4.09
505,2013-02-04,4.09,4.25,2.016,1.27,4.12
506,2013-02-05,4.10666666666667,4.25,1.956,1.21,4.17
507,2013-02-06,4.12,4.25,1.999,1.23,4.18
508,2013-02-07,4.10515151515151,4.25,1.961,1.24,4.2
509,2013-02-08,4.122,4.25,1.958,1.22,4.2
510,2013-02-12,4.13142857142857,4.25,1.964,1.22,4.19
511,2013-02-13,4.16588235294118,4.25,1.978,1.19,4.18
512,2013-02-14,4.2,4.25,2.029,1.22,4.2
513,2013-02-15,4.12230769230769,4.25,1.998,1.24,4.2
514,2013-02-19,4.13333333333333,4.25,2.003,1.21,4.19
515,2013-02-20,4.18,4.25,2.029,1.28,4.2
516,2013-02-21,4.14,4.25,2.01,1.31,4.25
517,2013-02-22,4.1525,4.25,1.977,1.32,4.25
518,2013-02-25,4.18765957446808,4.25,1.963,1.38,4.25
519,2013-02-26,4.30107142857143,4.25,1.865,1.39,4.26
520,2013-02-27,4.231875,4.25,1.882,1.36,4.26
521,2013-02-28,4.18303571428571,4.25,1.902,1.38,4.25
522,2013-03-01,4.13375,4.25,1.876,1.41,4.24
523,2013-03-04,4.1486,4.25,1.842,1.39,4.24
524,2013-03-05,4.14094339622641,4.25,1.876,1.32,4.23
525,2013-03-06,4.14784810126583,4.25,1.899,1.28,4.24
526,2013-03-07,4.15000333333334,4.25,1.938,1.25,4.25
527,2013-03-08,4.164,4.25,1.997,1.25,4.25
528,2013-03-11,4.16,4.25,2.044,1.27,4.25
529,2013-03-12,4.17862068965517,4.25,2.058,1.31,4.24
530,2013-03-13,4.14541666666667,4.25,2.017,1.35,4.24
531,2013-03-14,4.14586206896552,4.25,2.022,1.34,4.24
532,2013-03-15,4.1325,4.25,2.03,1.44,4.23
533,2013-03-18,4.11677419354839,4.25,1.99,1.47,4.24
534,2013-03-19,4.14846153846154,4.25,1.956,1.52,4.22
535,2013-03-20,4.1595,4.25,1.903,1.49,4.24
536,2013-03-21,4.15111111111111,4.25,1.959,1.5,4.24
537,2013-03-22,4.15666666666667,4.25,1.912,1.48,4.25
538,2013-03-25,4.1656,4.25,1.926,1.47,4.24
539,2013-03-26,4.14846153846154,4.25,1.921,1.48,4.25
540,2013-03-27,4.12521739130435,4.25,1.91,1.5,4.24
541,2013-04-01,4.132,4.25,1.85,1.48,4.24
542,2013-04-02,4.12105263157895,4.25,1.832,1.42,4.24
543,2013-04-03,4.12111111111111,4.25,1.86,1.41,4.23
544,2013-04-04,4.11566666666667,4.25,1.812,1.33,4.24
545,2013-04-05,4.08966101694915,4.25,1.763,1.36,4.24
546,2013-04-08,4.08,4.25,1.714,1.32,4.24
547,2013-04-09,4.08,4.25,1.747,1.3,4.24
548,2013-04-10,4.06,4.25,1.751,1.26,4.23
549,2013-04-11,4.05,4.25,1.804,1.25,4.2
550,2013-04-12,4.05,4.25,1.79,1.28,3.99
551,2013-04-15,4.03,4.25,1.722,1.3,4.04
552,2013-04-16,4.04,4.25,1.681,1.28,3.94
553,2013-04-17,4.01,4.25,1.723,1.29,3.96
554,2013-04-18,3.98,4.25,1.696,1.31,4.03
555,2013-04-19,3.94,4.25,1.686,1.3,4.21
556,2013-04-22,3.96,4.25,1.706,1.3,4.25
557,2013-04-23,3.97,4.25,1.694,1.29,4.25
558,2013-04-24,3.99,4.25,1.707,1.31,4.25
559,2013-04-25,4.07,4.25,1.706,1.33,4.25
560,2013-04-26,4.1,4.25,1.709,1.37,4.26
561,2013-04-29,4.14,4.25,1.664,1.35,4.24
562,2013-04-30,4.11,4.25,1.671,1.32,4.26
563,2013-05-02,4.1,4.25,1.63,1.25,4.25
564,2013-05-03,4.07,4.25,1.626,1.22,4.25
565,2013-05-06,4.06,4.25,1.739,1.22,4.25
566,2013-05-07,4.07,4.25,1.76,1.21,4.25
567,2013-05-08,4.03,4.25,1.779,1.21,4.25
568,2013-05-09,4.03,4.25,1.767,1.16,4.25
569,2013-05-10,4.07,4.25,1.812,1.12,4.25
570,2013-05-13,4.07,4.25,1.898,1.15,4.25
571,2013-05-14,4.05,4.25,1.921,1.12,4.25
572,2013-05-15,4.01,4.25,1.975,1.2,4.24
573,2013-05-16,3.99,4.25,1.936,1.31,4.24
574,2013-05-17,4.02,4.25,1.882,1.31,4.25
575,2013-05-20,4.07,4.25,1.951,1.35,4.25
576,2013-05-21,4.11,4.25,1.966,1.42,4.24
577,2013-05-22,4.15,4.25,1.927,1.34,4.24
578,2013-05-23,4.32,4.25,2.04,1.46,4.26
579,2013-05-24,4.38,4.25,2.017,1.49,4.25
580,2013-05-27,4.45,4.25,2.009,1.49,4.27
581,2013-05-28,4.38,4.25,2.009,1.56,4.3
582,2013-05-29,4.45,4.25,2.166,1.65,4.27
583,2013-05-30,4.75,4.25,2.116,1.64,4.27
584,2013-05-31,4.81,4.25,2.112,1.59,4.28
585,2013-06-03,4.8019,4.25,2.129,1.61,4.28
586,2013-06-04,4.89,4.25,2.12,1.57,4.27
587,2013-06-05,4.97,4.25,2.147,1.62,4.27
588,2013-06-06,5.26901408450704,4.25,2.09,1.71,4.25
589,2013-06-07,4.97,4.25,2.078,1.62,4.25
590,2013-06-10,5.28,4.25,2.173,1.65,4.25
591,2013-06-11,5.36,4.25,2.211,1.81,4.25
592,2013-06-12,5.38,4.25,2.186,1.7,4.25
593,2013-06-13,5.26,4.25,2.229,1.62,4.25
594,2013-06-14,5.12,4.25,2.15,1.65,4.25
595,2013-06-17,5.14,4.25,2.13,1.61,4.24
596,2013-06-18,5.257,4.25,2.183,1.72,4.25
597,2013-06-19,5.2,4.25,2.186,1.82,4.26
598,2013-06-20,5.6,4.25,2.354,1.99,4.26
599,2013-06-21,5.73,4.25,2.415,1.91,4.27
600,2013-06-24,5.91,4.25,2.532,2.12,4.26
601,2013-06-25,5.76,4.25,2.538,2.11,4.26
602,2013-06-26,5.61641304347826,4.25,2.609,2.06,4.26
603,2013-06-27,5.55554896142433,4.25,2.536,2.05,4.26
604,2013-07-01,5.48611796982167,4.25,2.487,1.92,4.25
605,2013-07-02,5.4822430894309,4.25,2.477,1.86,4.3
606,2013-07-03,5.46886426592798,4.25,2.47,1.91,4.62
607,2013-07-04,5.40186915887851,4.25,2.504,1.91,4.75
608,2013-07-05,5.52368421052632,4.25,2.504,1.85,4.71
609,2013-07-08,5.3843956043956,4.25,2.74,1.89,4.33
610,2013-07-09,5.20714285714286,4.25,2.637,1.89,4.35
611,2013-07-10,5.21166666666667,4.25,2.635,1.84,4.25
612,2013-07-11,5.18,4.25,2.625,1.88,4.25
613,2013-07-12,5.17636363636364,4.25,2.573,1.8,4.25
614,2013-07-15,5.197875,4.25,2.583,1.75,4.25
615,2013-07-16,5.24,4.25,2.538,1.74,4.25
616,2013-07-17,5.152,4.25,2.533,1.66,4.25
617,2013-07-18,5.1709756097561,4.25,2.49,1.57,4.25
618,2013-07-19,5.26,4.25,2.529,1.6,4.26
619,2013-07-22,5.19,4.25,2.485,1.56,4.26
620,2013-07-23,5.09,4.25,2.481,1.53,4.25
621,2013-07-24,5.13,4.25,2.506,1.57,4.26
622,2013-07-25,5.15,4.25,2.589,1.63,4.27
623,2013-07-26,5.16,4.25,2.572,1.72,4.25
624,2013-07-31,5.2,4.25,2.611,1.8,4.25
625,2013-08-01,5.17679190751445,4.25,2.577,1.79,4.25
626,2013-08-02,5.178,4.25,2.707,1.79,4.25
627,2013-08-05,5.14,4.25,2.597,1.76,4.25
628,2013-08-06,5.14,4.25,2.634,1.79,4.25
629,2013-08-07,5.21676445934619,4.25,2.643,1.83,4.25
630,2013-08-08,5.26,4.25,2.6,1.83,4.25
631,2013-08-09,5.2,4.25,2.59,1.86,4.25
632,2013-08-12,5.29,4.25,2.579,1.83,4.25
633,2013-08-13,5.2,4.25,2.621,1.77,4.25
634,2013-08-14,5.31,4.25,2.72,1.81,4.26
635,2013-08-15,5.4,4.25,2.714,1.85,4.25
636,2013-08-16,5.52,4.25,2.767,1.88,4.25
637,2013-08-19,5.6,4.25,2.826,1.93,4.25
638,2013-08-20,5.55,4.25,2.881,1.97,4.26
639,2013-08-21,5.75,4.25,2.815,2.0,4.62
640,2013-08-22,5.7,4.25,2.894,1.96,5.9
641,2013-08-23,5.7,4.25,2.885,1.99,4.96
642,2013-08-26,5.7,4.25,2.815,1.99,4.5
643,2013-08-27,5.83,4.25,2.786,2.08,4.36
644,2013-08-28,5.875,4.25,2.71,2.06,4.35
645,2013-08-29,5.98040816326531,4.25,2.766,2.08,4.55
646,2013-09-02,6.01,4.25,2.785,2.07,4.34
647,2013-09-03,6.01,4.25,2.785,2.04,4.45
648,2013-09-04,6.01,4.25,2.859,2.02,4.6
649,2013-09-05,6.08,4.25,2.898,1.96,4.7
650,2013-09-06,6.0,4.25,2.995,1.92,4.51
651,2013-09-09,5.98,4.25,2.965,1.88,4.25
652,2013-09-10,6.02,4.25,2.913,1.94,4.28
653,2013-09-11,5.97,4.25,2.965,1.9,4.25
654,2013-09-12,5.69,4.25,2.913,1.91,4.25
655,2013-09-13,5.6,4.25,2.91,1.91,4.17
656,2013-09-16,5.39,4.25,2.886,1.82,4.23
657,2013-09-17,5.39,4.25,2.865,1.78,4.2
658,2013-09-18,5.42,4.25,2.848,1.74,4.24
659,2013-09-19,5.16,4.25,2.689,1.62,4.21
660,2013-09-20,5.12,4.25,2.753,1.63,4.21
661,2013-09-23,5.13,4.25,2.735,1.63,4.21
662,2013-09-24,5.23,4.25,2.701,1.66,4.25
663,2013-09-25,5.25,4.25,2.656,1.69,4.25
664,2013-09-26,5.3,4.25,2.629,1.76,4.25
665,2013-09-27,5.37,4.25,2.651,1.79,4.25
666,2013-09-30,5.48,4.25,2.625,1.84,4.25
667,2013-10-01,5.25,4.25,2.611,1.8,4.25
668,2013-10-02,5.36,4.25,2.651,1.79,4.25
669,2013-10-03,5.3,4.25,2.618,1.8,4.25
670,2013-10-04,5.4,4.25,2.605,1.77,4.25
671,2013-10-07,5.38,4.25,2.646,1.75,4.25
672,2013-10-09,5.78,4.25,2.633,1.69,4.25
673,2013-10-10,5.51,4.25,2.664,1.68,4.25
674,2013-10-11,5.45,4.25,2.682,1.66,4.25
675,2013-10-14,5.45,4.25,2.688,1.66,4.25
676,2013-10-15,5.42,4.25,2.688,1.61,4.25
677,2013-10-16,5.36,4.25,2.729,1.65,4.25
678,2013-10-17,5.26,4.25,2.664,1.71,4.25
679,2013-10-18,5.29,4.25,2.59,1.68,4.25
680,2013-10-21,5.32,4.25,2.579,1.69,4.25
681,2013-10-22,5.24,4.25,2.602,1.75,4.23
682,2013-10-23,5.17,4.25,2.513,1.74,4.25
683,2013-10-24,5.13,4.25,2.502,1.75,4.25
684,2013-10-25,5.1,4.25,2.521,1.79,4.24
685,2013-10-28,5.07,4.25,2.51,1.79,4.25
686,2013-10-29,5.19,4.25,2.524,1.78,4.25
687,2013-10-30,5.18,4.25,2.504,1.74,4.25
688,2013-10-31,5.37,4.25,2.539,1.76,4.25
689,2013-11-04,5.37,4.25,2.623,1.75,4.25
690,2013-11-05,5.44,4.25,2.604,1.76,4.25
691,2013-11-06,5.41,4.25,2.671,1.77,4.25
692,2013-11-07,5.41,4.25,2.643,1.82,4.25
693,2013-11-08,5.56,4.0,2.601,1.82,4.0
694,2013-11-11,5.56,4.0,2.749,1.82,4.0
695,2013-11-12,5.54,4.0,2.749,1.89,3.99
696,2013-11-13,5.46,4.0,2.774,1.89,4.0
697,2013-11-14,5.45,4.0,2.7,1.82,4.0
698,2013-11-15,5.44,4.0,2.691,1.79,4.0
699,2013-11-18,5.44,4.0,2.704,1.79,4.0
700,2013-11-19,5.46,4.0,2.667,1.79,4.0
701,2013-11-20,5.45,4.0,2.708,1.78,4.01
702,2013-11-21,5.5,4.0,2.8,1.81,4.02
703,2013-11-22,5.49,4.0,2.785,1.83,4.02
704,2013-11-25,5.5,4.0,2.744,1.9,4.09
705,2013-11-26,5.49,4.0,2.729,1.94,4.43
706,2013-11-27,5.47,4.0,2.709,1.93,4.48
707,2013-11-28,5.47,4.0,2.738,1.93,4.6
708,2013-11-29,5.43,4.0,2.738,1.93,4.6
709,2013-12-02,5.47,4.0,2.745,1.93,4.52
710,2013-12-03,5.55,4.0,2.796,1.95,4.87
711,2013-12-04,5.58,4.0,2.783,1.93,4.47
712,2013-12-05,5.58,4.0,2.835,1.91,4.5
713,2013-12-06,5.56,4.0,2.873,1.88,4.54
714,2013-12-09,5.63,4.0,2.856,1.87,4.5
715,2013-12-10,5.66,4.0,2.84,1.89,4.29
716,2013-12-11,5.61,4.0,2.802,1.84,4.14
717,2013-12-12,5.66,4.0,2.854,1.77,4.11
718,2013-12-13,5.67,4.0,2.878,1.76,4.12
719,2013-12-16,5.71,4.0,2.866,1.73,4.1
720,2013-12-18,5.67,4.0,2.836,1.71,4.0
721,2013-12-19,5.67,4.0,2.894,1.68,4.01
722,2013-12-20,5.66,4.0,2.93,1.73,4.05
723,2013-12-23,5.53,4.0,2.89,1.7,4.0
724,2013-12-24,5.53,4.0,2.928,1.63,4.0
725,2013-12-26,5.6,4.0,2.979,1.62,4.0
726,2013-12-27,5.54,4.0,2.991,1.63,4.0
727,2013-12-30,5.6,4.0,3.001,1.66,4.0
728,2014-01-02,5.49,4.0,3.029,1.65,4.33
729,2014-01-03,5.5,4.0,2.99,1.64,4.2
730,2014-01-06,5.55,4.0,2.996,1.66,4.0
731,2014-01-07,5.58,4.0,2.959,1.68,4.0
732,2014-01-08,5.65,4.0,2.94,1.66,4.0
733,2014-01-09,5.55,4.0,2.99,1.64,4.0
734,2014-01-10,5.52,4.0,2.966,1.7,4.0
735,2014-01-13,5.55,4.0,2.859,1.72,3.99
736,2014-01-14,5.58,4.0,2.827,1.67,3.99
737,2014-01-15,5.63,4.0,2.872,1.63,4.0
738,2014-01-16,5.62,4.0,2.892,1.66,4.01
739,2014-01-17,5.61,4.0,2.842,1.68,4.04
740,2014-01-20,5.68,4.0,2.82,1.68,4.09
741,2014-01-21,5.63,4.0,2.82,1.69,4.12
742,2014-01-22,5.67,4.0,2.83,1.76,4.2
743,2014-01-23,5.6,4.0,2.866,1.9,4.07
744,2014-01-24,5.8,4.0,2.778,1.93,4.06
745,2014-01-27,5.96,4.0,2.716,1.93,4.08
746,2014-01-28,6.12,4.0,2.749,1.94,4.31
747,2014-01-29,6.21,4.0,2.75,2.01,4.5
748,2014-01-30,6.12,4.0,2.678,2.01,4.3
749,2014-01-31,6.22,4.0,2.696,2.02,4.47
750,2014-02-03,6.4,4.0,2.645,2.1,4.71
751,2014-02-04,6.37,4.0,2.577,2.0,4.68
752,2014-02-05,6.39,4.0,2.63,1.91,4.5
753,2014-02-06,6.36,4.0,2.668,1.88,4.3
754,2014-02-07,6.35,4.0,2.701,1.83,4.31
755,2014-02-10,6.38,4.0,2.684,1.82,4.4
756,2014-02-11,6.41,4.0,2.668,1.78,4.3
757,2014-02-12,6.37,4.0,2.726,1.74,4.25
758,2014-02-13,6.44,4.0,2.762,1.78,4.1
759,2014-02-14,6.5,4.0,2.733,1.77,4.09
760,2014-02-17,6.4,4.0,2.744,1.77,4.02
761,2014-02-18,6.38,4.0,2.744,1.78,4.04
762,2014-02-19,6.38,4.0,2.708,1.78,4.18
763,2014-02-20,6.52,4.0,2.74,1.78,4.19
764,2014-02-21,6.68,4.0,2.752,1.77,4.15
765,2014-02-24,6.67,4.0,2.732,1.73,4.08
766,2014-02-25,6.56,4.0,2.739,1.78,3.98
767,2014-02-26,6.46,4.0,2.703,1.82,3.98
768,2014-02-27,6.34,4.0,2.666,1.82,3.95
769,2014-02-28,6.15,4.0,2.64,1.81,4.06
770,2014-03-03,6.2,4.0,2.648,1.84,4.33
771,2014-03-04,6.2,4.0,2.602,1.73,4.25
772,2014-03-05,6.183,4.0,2.699,1.66,4.0
773,2014-03-06,6.15,4.0,2.706,1.64,4.0
774,2014-03-07,6.22,4.0,2.738,1.63,4.0
775,2014-03-10,6.27,4.0,2.789,1.62,4.0
776,2014-03-11,6.24,4.0,2.778,1.62,4.0
777,2014-03-12,6.25,4.0,2.769,1.63,4.0
778,2014-03-13,6.26,4.0,2.731,1.68,4.0
779,2014-03-14,6.21,4.0,2.645,1.68,4.0
780,2014-03-17,6.2,4.0,2.655,1.65,4.0
781,2014-03-18,6.17,4.0,2.693,1.66,4.0
782,2014-03-19,6.07,4.0,2.673,1.64,4.0
783,2014-03-20,6.2,4.0,2.773,1.68,4.0
784,2014-03-21,6.14,4.0,2.773,1.68,4.01
785,2014-03-24,6.24,4.0,2.743,1.73,4.05
786,2014-03-25,6.14,4.0,2.729,1.68,4.04
787,2014-03-26,6.09,4.0,2.749,1.68,4.0
788,2014-03-27,6.02,4.0,2.693,1.68,4.0
789,2014-03-28,6.02,4.0,2.682,1.66,4.0
790,2014-03-31,5.99,4.0,2.722,1.65,3.99
791,2014-04-01,6.05,4.0,2.719,1.55,4.01
792,2014-04-02,6.06,4.0,2.753,1.53,4.0
793,2014-04-03,6.07,4.0,2.805,1.56,4.0
794,2014-04-04,6.05,4.0,2.798,1.56,4.01
795,2014-04-07,5.98,4.0,2.722,1.56,4.0
796,2014-04-08,5.91,4.0,2.701,1.57,4.0
797,2014-04-09,5.88,4.0,2.682,1.55,4.0
798,2014-04-10,5.87,4.0,2.691,1.54,4.02
799,2014-04-11,5.94,4.0,2.648,1.56,4.06
800,2014-04-14,5.94,4.0,2.626,1.54,4.01
801,2014-04-15,5.96,4.0,2.648,1.57,4.06
802,2014-04-16,6.01,4.0,2.629,1.56,4.24
803,2014-04-21,6.01,4.0,2.722,1.48,4.0
804,2014-04-22,5.64,4.0,2.716,1.49,4.01
805,2014-04-24,5.95,4.0,2.7,1.55,4.01
806,2014-04-25,5.89,4.0,2.681,1.57,4.01
807,2014-04-28,5.99,4.0,2.663,1.53,4.01
808,2014-04-29,5.99,4.0,2.701,1.5,4.01
809,2014-04-30,5.91,4.0,2.692,1.49,4.04
810,2014-05-02,5.81,4.0,2.614,1.53,4.2
811,2014-05-05,5.82,4.0,2.585,1.52,4.28
812,2014-05-06,5.8,4.0,2.608,1.48,4.15
813,2014-05-07,5.75,4.0,2.592,1.46,4.07
814,2014-05-08,5.78,4.0,2.589,1.43,4.1
815,2014-05-09,5.76,4.0,2.617,1.43,4.07
816,2014-05-12,5.77,4.0,2.624,1.39,4.0
817,2014-05-13,5.66,4.0,2.662,1.4,4.0
818,2014-05-14,5.66,4.0,2.61,1.43,4.0
819,2014-05-15,5.64,4.0,2.544,1.51,4.0
820,2014-05-16,5.61,4.0,2.49,1.52,3.88
821,2014-05-19,5.62,4.0,2.524,1.49,3.89
822,2014-05-20,5.64,4.0,2.545,1.53,3.87
823,2014-05-21,5.59,4.0,2.512,1.51,3.89
824,2014-05-22,5.54,4.0,2.533,1.53,3.88
825,2014-05-23,5.53,4.0,2.551,1.53,3.89
826,2014-05-26,5.61,4.0,2.533,1.53,3.84
827,2014-05-27,5.56,4.0,2.533,1.55,3.83
828,2014-05-28,5.48,4.0,2.515,1.56,3.83
829,2014-05-29,5.43,4.0,2.444,1.52,3.87
830,2014-05-30,5.4,4.0,2.465,1.5,4.0
831,2014-06-02,5.4,4.0,2.477,1.47,4.0
832,2014-06-03,5.41,4.0,2.528,1.44,4.0
833,2014-06-04,5.5,4.0,2.599,1.42,4.0
834,2014-06-05,5.46,4.0,2.603,1.41,4.0
835,2014-06-06,5.41,4.0,2.583,1.34,4.0
836,2014-06-09,5.38,4.0,2.588,1.32,4.0
837,2014-06-10,5.4,4.0,2.604,1.34,4.0
838,2014-06-11,5.35,4.0,2.645,1.41,3.95
839,2014-06-12,5.29,4.0,2.64,1.48,3.95
840,2014-06-13,5.3,4.0,2.596,1.48,3.96
841,2014-06-16,5.31,4.0,2.604,1.51,3.96
842,2014-06-17,5.37,4.0,2.598,1.49,3.99
843,2014-06-18,5.38,4.0,2.653,1.5,3.99
844,2014-06-19,5.32,4.0,2.585,1.49,3.97
845,2014-06-20,5.39,4.0,2.621,1.5,4.01
846,2014-06-23,5.37,4.0,2.606,1.47,4.02
847,2014-06-24,5.39,4.0,2.627,1.51,4.04
848,2014-06-25,5.38,4.0,2.579,1.47,4.06
849,2014-06-26,5.33,4.0,2.56,1.48,4.08
850,2014-06-27,5.4,4.0,2.529,1.5,4.0
851,2014-06-30,5.28,4.0,2.535,1.51,3.99
852,2014-07-01,5.26,4.0,2.531,1.47,4.09
853,2014-07-02,5.34,4.0,2.566,1.44,4.1
854,2014-07-03,5.28,4.0,2.627,1.36,4.13
855,2014-07-04,5.26,4.0,2.639,1.36,4.15
856,2014-07-07,5.25,4.0,2.639,1.36,4.09
857,2014-07-08,5.24,4.0,2.612,1.44,4.07
858,2014-07-09,5.28,4.0,2.557,1.46,4.05
859,2014-07-10,5.24,4.0,2.551,1.47,4.05
860,2014-07-11,5.17,3.75,2.537,1.49,3.76
861,2014-07-14,5.12,3.75,2.517,1.48,3.75
862,2014-07-15,5.07,3.75,2.548,1.48,3.76
863,2014-07-16,5.05,3.75,2.548,1.48,3.75
864,2014-07-17,5.11,3.75,2.527,1.53,3.75
865,2014-07-18,5.12,3.75,2.447,1.47,3.76
866,2014-07-21,5.09,3.75,2.482,1.5,3.76
867,2014-07-22,5.11,3.75,2.468,1.47,3.76
868,2014-07-23,5.11,3.75,2.461,1.45,3.77
869,2014-07-24,5.12,3.75,2.466,1.44,3.8
870,2014-07-25,5.1,3.75,2.503,1.49,3.79
871,2014-07-30,5.193,3.75,2.461,1.49,3.76
872,2014-07-31,5.204,3.75,2.558,1.51,3.71
873,2014-08-01,5.21,3.75,2.559,1.59,3.77
874,2014-08-04,5.218,3.75,2.493,1.59,3.77
875,2014-08-05,5.218,3.75,2.483,1.64,3.76
876,2014-08-06,5.17,3.75,2.485,1.62,3.77
877,2014-08-07,5.18,3.75,2.472,1.68,3.78
878,2014-08-08,5.25,3.75,2.412,1.68,3.78
879,2014-08-11,5.24,3.75,2.421,1.67,3.77
880,2014-08-12,5.23,3.75,2.428,1.64,3.75
881,2014-08-13,5.21,3.75,2.45,1.6,3.71
882,2014-08-14,5.17,3.75,2.418,1.57,3.74
883,2014-08-15,5.15,3.75,2.402,1.61,3.77
884,2014-08-18,5.18,3.75,2.341,1.59,3.75
885,2014-08-19,5.14,3.75,2.394,1.54,3.71
886,2014-08-20,5.2,3.75,2.401,1.53,3.75
887,2014-08-21,5.2,3.75,2.427,1.51,3.76
888,2014-08-22,5.2,3.75,2.408,1.52,3.75
889,2014-08-25,5.19,3.75,2.403,1.51,3.74
890,2014-08-26,5.17,3.75,2.383,1.49,3.74
891,2014-08-27,5.2,3.75,2.397,1.48,3.75
892,2014-08-28,5.21,3.75,2.358,1.49,3.75
893,2014-08-29,5.22,3.75,2.337,1.48,3.76
894,2014-09-01,5.18,3.75,2.344,1.48,3.8
895,2014-09-02,5.19,3.75,2.344,1.46,3.81
896,2014-09-03,5.18,3.75,2.422,1.45,3.77
897,2014-09-04,5.17,3.75,2.397,1.45,3.76
898,2014-09-05,5.16,3.75,2.451,1.43,3.77
899,2014-09-08,5.13,3.75,2.46,1.42,3.8
900,2014-09-09,5.17,3.75,2.472,1.44,3.8
901,2014-09-10,5.19,3.75,2.504,1.47,3.81
902,2014-09-11,5.2,3.75,2.542,1.49,3.82
903,2014-09-12,5.28,3.5,2.551,1.5,3.66
904,2014-09-15,5.35,3.5,2.611,1.56,3.52
905,2014-09-16,5.32,3.5,2.59,1.56,3.5
906,2014-09-17,5.32,3.5,2.593,1.53,3.53
907,2014-09-18,5.4,3.5,2.621,1.46,3.5
908,2014-09-19,5.38,3.5,2.615,1.45,3.5
909,2014-09-22,5.39,3.5,2.575,1.48,3.6
910,2014-09-23,5.46,3.5,2.565,1.49,3.61
911,2014-09-24,5.49,3.5,2.528,1.47,3.73
912,2014-09-25,5.57,3.5,2.565,1.54,3.7
913,2014-09-26,5.6,3.5,2.503,1.55,3.8
914,2014-09-29,5.64,3.5,2.529,1.63,4.02
915,2014-09-30,5.61,3.5,2.478,1.62,4.0
916,2014-10-01,5.57,3.5,2.49,1.66,4.14
917,2014-10-02,5.56,3.5,2.386,1.66,3.95
918,2014-10-03,5.54,3.5,2.426,1.64,3.62
919,2014-10-06,5.46,3.5,2.435,1.65,3.6
920,2014-10-07,5.39,3.5,2.421,1.7,3.6
921,2014-10-09,5.28,3.5,2.322,1.67,3.59
922,2014-10-10,5.34,3.5,2.314,1.72,3.6
923,2014-10-13,5.34,3.5,2.281,1.72,3.59
924,2014-10-14,5.32,3.5,2.281,1.8,3.5
925,2014-10-15,5.27,3.5,2.198,1.82,3.5
926,2014-10-16,5.3,3.5,2.137,1.79,3.52
927,2014-10-17,5.25,3.5,2.157,1.7,3.52
928,2014-10-20,5.279,3.5,2.194,1.72,3.51
929,2014-10-21,5.25,3.5,2.192,1.71,3.5
930,2014-10-22,5.24,3.5,2.223,1.69,3.5
931,2014-10-23,5.35,3.5,2.217,1.67,3.5
932,2014-10-24,5.34,3.5,2.272,1.7,3.5
933,2014-10-27,5.34,3.5,2.269,1.71,3.5
934,2014-10-28,5.36,3.5,2.261,1.69,3.5
935,2014-10-29,5.35,3.5,2.297,1.67,3.5
936,2014-10-30,5.46,3.5,2.318,1.68,3.5
937,2014-11-03,5.43,3.5,2.336,1.67,3.76
938,2014-11-04,5.47,3.5,2.343,1.7,3.81
939,2014-11-05,5.55,3.5,2.334,1.67,3.8
940,2014-11-06,5.55,3.5,2.343,1.65,3.69
941,2014-11-07,5.48,3.5,2.387,1.69,3.51
942,2014-11-10,5.46,3.5,2.298,1.65,3.5
943,2014-11-11,5.47,3.5,2.361,1.65,3.5
944,2014-11-12,5.48,3.5,2.361,1.6,3.55
945,2014-11-13,5.51,3.5,2.372,1.62,3.57
946,2014-11-14,5.47,3.5,2.341,1.64,3.79
947,2014-11-17,5.43,3.5,2.321,1.64,4.22
948,2014-11-18,5.42,3.5,2.341,1.66,4.45
949,2014-11-19,5.46,3.5,2.316,1.63,3.76
950,2014-11-20,5.45,3.5,2.36,1.64,3.57
951,2014-11-21,5.43,3.5,2.338,1.64,3.62
952,2014-11-24,5.43,3.5,2.311,1.66,3.5
953,2014-11-25,5.36,3.5,2.307,1.65,3.5
954,2014-11-26,5.3,3.5,2.258,1.67,3.51
955,2014-11-27,5.326,3.5,2.246,1.67,3.59
956,2014-11-28,5.311,3.5,2.246,1.67,3.65
957,2014-12-01,5.21,3.5,2.165,1.69,3.69
958,2014-12-02,5.24,3.5,2.236,1.62,3.67
959,2014-12-03,5.24,3.5,2.293,1.61,3.88
960,2014-12-04,5.26,3.5,2.281,1.65,4.2
961,2014-12-05,5.28,3.5,2.235,1.66,4.7
962,2014-12-09,5.27,3.5,2.258,1.83,3.96
963,2014-12-10,5.29,3.5,2.214,1.92,3.7
964,2014-12-11,5.4,3.5,2.165,1.92,3.73
965,2014-12-12,5.39,3.5,2.163,2.07,3.71
966,2014-12-15,5.428,3.5,2.083,2.15,3.74
967,2014-12-16,5.49,3.5,2.119,2.22,3.73
968,2014-12-18,5.37,3.5,2.137,1.86,3.61
969,2014-12-19,5.39,3.5,2.208,1.84,3.77
970,2014-12-22,5.38,3.5,2.163,1.8,3.75
971,2014-12-23,5.39,3.5,2.159,1.7,3.85
972,2014-12-24,5.4,3.5,2.262,1.69,3.85
973,2014-12-26,5.443,3.5,2.264,1.77,3.53
974,2014-12-29,5.4,3.5,2.251,1.77,3.5
975,2014-12-30,5.433,3.5,2.203,1.79,3.5
976,2014-12-31,5.44,3.5,2.188,1.82,3.55
977,2015-01-05,5.45,3.5,2.172,1.96,3.5
978,2015-01-06,5.4,3.5,2.033,2.01,3.5
979,2015-01-07,5.41,3.5,2.033,1.97,3.5
980,2015-01-08,5.43,3.5,1.969,1.92,3.5
981,2015-01-09,5.45,3.5,1.969,1.94,3.5
982,2015-01-12,5.47,3.5,1.946,2.02,3.5
983,2015-01-13,5.465,3.5,1.946,2.04,3.5
984,2015-01-14,5.41,3.5,1.901,2.06,3.5
985,2015-01-15,5.437,3.5,1.901,2.12,3.5
986,2015-01-16,5.22,3.25,1.716,2.09,3.25
987,2015-01-19,5.22,3.25,1.716,2.09,3.23
988,2015-01-20,5.19,3.25,1.838,2.08,3.24
989,2015-01-21,5.25,3.25,1.838,2.06,3.25
990,2015-01-22,5.25,3.25,1.873,2.0,3.24
991,2015-01-23,5.17,3.25,1.873,1.99,3.2
992,2015-01-26,5.19,3.25,1.798,1.98,3.2
993,2015-01-27,5.08,3.25,1.798,2.04,3.25
994,2015-01-28,5.12,3.25,1.824,2.1,3.25
995,2015-01-29,5.17,3.25,1.824,2.02,3.25
996,2015-01-30,5.15,3.25,1.752,2.08,3.25
997,2015-02-02,5.2,3.25,1.752,2.04,3.25
998,2015-02-03,5.18,3.25,1.665,1.95,3.25
999,2015-02-04,5.19,3.25,1.665,1.96,3.25
1000,2015-02-05,5.23,3.25,1.752,1.95,3.25
1001,2015-02-06,5.27,3.25,1.752,1.88,3.25
1002,2015-02-09,5.31,3.25,1.958,1.87,3.25
1003,2015-02-10,5.27,3.25,1.958,1.93,3.25
1004,2015-02-11,5.25,3.25,1.998,1.92,3.26
1005,2015-02-12,5.24,3.25,1.998,1.88,3.25
1006,2015-02-13,5.26,3.25,2.018,1.83,3.25
1007,2015-02-16,5.17,3.25,1.985,1.83,3.33
1008,2015-02-17,5.28,3.25,2.051,1.73,3.57
1009,2015-02-18,5.36,3.25,2.051,1.78,3.79
1010,2015-02-19,5.4,3.25,2.139,1.71,3.83
1011,2015-02-20,5.38,3.25,2.081,1.68,3.81
1012,2015-02-23,5.38,3.25,2.115,1.74,3.67
1013,2015-02-24,5.36,3.25,2.113,1.77,3.28
1014,2015-02-25,5.35,3.25,2.058,1.73,3.27
1015,2015-02-26,5.34,3.25,1.981,1.69,3.26
1016,2015-02-27,5.29,3.25,1.97,1.7,3.31
1017,2015-03-03,5.35,3.25,1.994,1.59,3.35
1018,2015-03-04,5.403,3.25,2.083,1.64,3.32
1019,2015-03-05,5.39,3.25,2.12,1.68,3.26
1020,2015-03-06,5.39,3.25,2.118,1.69,3.4
1021,2015-03-09,5.39,3.25,2.116,1.74,3.3
1022,2015-03-10,5.39,3.25,2.242,1.85,3.3
1023,2015-03-11,5.39,3.25,2.192,1.86,3.35
1024,2015-03-12,5.5,3.25,2.131,1.85,3.36
1025,2015-03-13,5.61,3.25,2.109,1.92,3.35
1026,2015-03-16,5.7,3.25,2.117,1.98,3.35
1027,2015-03-17,5.65,3.25,2.115,2.05,3.4
1028,2015-03-18,5.63,3.25,2.073,2.11,3.32
1029,2015-03-19,5.67,3.25,2.051,2.02,3.33
1030,2015-03-20,5.62,3.25,1.921,2.0,3.25
1031,2015-03-23,5.614,3.25,1.969,1.93,3.25
1032,2015-03-24,5.61,3.25,1.931,1.92,3.25
1033,2015-03-25,5.57,3.25,1.912,1.87,3.25
1034,2015-03-26,5.63,3.25,1.874,1.82,3.4
1035,2015-03-27,5.63,3.25,1.926,1.85,3.41
1036,2015-03-30,5.57,3.25,1.99,1.79,3.58
1037,2015-03-31,5.57,3.25,1.962,1.81,3.7
1038,2015-04-06,5.39,3.25,1.912,1.71,3.35
1039,2015-04-07,5.452,3.25,1.84,1.77,3.38
1040,2015-04-08,5.43,3.25,1.896,1.76,3.3
1041,2015-04-09,5.45,3.25,1.886,1.74,3.25
1042,2015-04-10,5.46,3.25,1.906,1.76,3.29
1043,2015-04-13,5.485,3.25,1.96,1.77,3.27
1044,2015-04-14,5.47,3.25,1.948,1.79,3.35
1045,2015-04-15,5.5,3.25,1.928,1.81,3.33
1046,2015-04-16,5.55,3.25,1.899,1.86,3.33
1047,2015-04-17,5.53,3.25,1.889,1.9,3.4
1048,2015-04-20,5.56,3.25,1.891,1.84,3.36
1049,2015-04-21,5.59,3.25,1.866,1.79,3.36
1050,2015-04-22,5.6,3.25,1.89,1.72,3.63
1051,2015-04-23,5.63,3.25,1.91,1.74,3.93
1052,2015-04-24,5.64,3.25,1.98,1.73,4.0
1053,2015-04-27,5.65,3.25,1.959,1.74,4.0
1054,2015-04-28,5.63,3.25,1.909,1.7,3.97
1055,2015-04-29,5.67,3.25,1.922,1.68,3.29
1056,2015-04-30,5.68,3.25,2.004,1.71,3.44
1057,2015-05-04,5.8,3.25,2.033,1.67,4.0
1058,2015-05-05,5.85,3.25,2.114,1.67,4.03
1059,2015-05-06,5.9,3.25,2.145,1.62,4.0
1060,2015-05-07,5.9,3.25,2.186,1.7,3.64
1061,2015-05-08,5.84,3.25,2.244,1.65,3.65
1062,2015-05-11,5.9,3.25,2.181,1.59,3.55
1063,2015-05-12,5.89,3.25,2.149,1.64,3.5
1064,2015-05-13,5.917,3.25,2.281,1.64,3.5
1065,2015-05-14,5.921,3.25,2.25,1.64,3.5
1066,2015-05-15,5.87,3.25,2.294,1.71,3.5
1067,2015-05-18,5.9,3.25,2.235,1.62,3.28
1068,2015-05-19,5.91,3.25,2.289,1.63,3.25
1069,2015-05-20,5.94,3.25,2.249,1.6,3.23
1070,2015-05-21,5.93,3.25,2.191,1.64,3.25
1071,2015-05-22,5.93,3.25,2.21,1.64,3.25
1072,2015-05-25,5.92,3.25,2.21,1.64,3.25
1073,2015-05-26,5.94,3.25,2.14,1.7,3.25
1074,2015-05-27,5.93,3.25,2.129,1.7,3.25
1075,2015-06-01,5.96,3.25,2.18,1.69,3.51
1076,2015-06-02,6.02,3.25,2.263,1.64,3.5
1077,2015-06-03,6.1,3.25,2.365,1.62,3.5
1078,2015-06-04,6.05,3.25,2.308,1.69,3.44
1079,2015-06-05,6.05,3.25,2.408,1.66,3.33
1080,2015-06-08,6.09,3.25,2.383,1.72,3.25
1081,2015-06-09,6.2,3.25,2.439,1.73,3.25
1082,2015-06-10,6.17,3.25,2.485,1.77,3.25
1083,2015-06-11,6.17,3.25,2.378,1.79,3.25
1084,2015-06-12,6.14,3.25,2.393,1.79,3.25
1085,2015-06-15,6.15,3.25,2.357,1.85,3.25
1086,2015-06-16,6.17,3.25,2.31,1.91,3.25
1087,2015-06-17,6.19,3.25,2.317,1.91,3.25
1088,2015-06-18,6.2,3.25,2.335,1.79,3.25
1089,2015-06-19,6.16,3.25,2.259,1.85,3.25
1090,2015-06-22,6.22,3.25,2.373,1.76,3.26
1091,2015-06-23,6.19,3.25,2.41,1.72,3.6
1092,2015-06-24,6.28,3.25,2.368,1.76,3.68
1093,2015-06-25,6.32,3.25,2.41,1.78,3.75
1094,2015-06-26,6.35,3.25,2.474,1.72,3.86
1095,2015-06-30,6.425,3.25,2.354,1.82,3.8
1096,2015-07-01,6.46,3.25,2.423,1.73,3.84
1097,2015-07-02,6.51,3.25,2.383,1.73,3.5
1098,2015-07-03,6.51,3.25,2.383,1.73,3.25
1099,2015-07-06,6.5,3.25,2.286,1.87,3.25
1100,2015-07-07,6.54,3.25,2.259,1.89,3.25
1101,2015-07-08,6.53,3.25,2.193,1.9,3.25
1102,2015-07-09,6.54,3.25,2.322,1.83,3.25
1103,2015-07-10,6.56,3.25,2.398,1.74,3.25
1104,2015-07-13,6.56,3.25,2.435,1.75,3.25
1105,2015-07-14,6.51,3.25,2.402,1.76,3.19
1106,2015-07-15,6.54,3.25,2.353,1.85,3.2
1107,2015-07-16,6.53,3.25,2.351,1.85,3.25
1108,2015-07-17,6.42,3.25,2.348,1.85,3.25
1109,2015-07-20,6.4,3.25,2.377,1.83,3.25
1110,2015-07-21,6.41,3.25,2.326,1.86,3.25
1111,2015-07-22,6.33,3.25,2.324,1.9,3.25
1112,2015-07-23,6.32,3.25,2.269,1.97,3.36
1113,2015-07-24,6.37,3.25,2.263,2.0,3.82
1114,2015-07-30,6.453,3.25,2.26,1.92,3.97
1115,2015-07-31,6.44,3.25,2.181,1.96,3.65
1116,2015-08-03,6.45,3.25,2.149,2.0,3.77
1117,2015-08-04,6.43,3.25,2.222,1.99,3.26
1118,2015-08-05,6.43,3.25,2.271,1.97,3.36
1119,2015-08-06,6.45,3.25,2.222,2.03,3.73
1120,2015-08-07,6.44,3.25,2.163,2.07,3.99
1121,2015-08-10,6.473,3.25,2.228,2.05,4.0
1122,2015-08-11,6.474,3.25,2.142,2.11,4.0
1123,2015-08-12,6.482,3.25,2.149,2.1,3.8
1124,2015-08-13,6.53,3.25,2.186,2.06,3.25
1125,2015-08-14,6.57,3.25,2.199,2.09,3.25
1126,2015-08-17,6.63,3.25,2.163,2.12,3.26
1127,2015-08-18,6.74,3.25,2.193,2.15,3.31
1128,2015-08-19,6.63,3.25,2.126,2.23,3.36
1129,2015-08-20,6.67,3.25,2.069,2.29,3.99
1130,2015-08-21,6.74,3.25,2.037,2.36,5.07
1131,2015-08-24,6.88,3.25,2.004,2.47,3.92
1132,2015-08-25,6.81,3.25,2.072,2.37,3.26
1133,2015-08-26,6.98,3.25,2.176,2.38,3.26
1134,2015-08-27,6.99,3.25,2.185,2.31,3.27
1135,2015-08-28,7.068,3.25,2.182,2.27,3.29
1136,2015-08-31,7.06,3.25,2.219,2.25,3.3
1137,2015-09-01,7.17,3.25,2.153,2.32,3.83
1138,2015-09-02,7.16,3.25,2.185,2.32,4.43
1139,2015-09-03,7.28,3.25,2.16,2.34,4.75
1140,2015-09-04,7.22,3.25,2.125,2.39,4.5
1141,2015-09-07,7.16,3.25,2.125,2.39,3.25
1142,2015-09-08,7.29,3.25,2.184,2.31,3.16
1143,2015-09-09,7.303,3.25,2.202,2.27,3.15
1144,2015-09-10,7.303,3.25,2.223,2.26,3.1
1145,2015-09-11,7.38,3.5,2.189,2.32,3.5
1146,2015-09-14,7.34,3.5,2.184,2.31,3.5
1147,2015-09-15,7.35,3.5,2.288,2.18,3.43
1148,2015-09-16,7.29,3.5,2.295,2.16,3.15
1149,2015-09-17,7.27,3.5,2.284,2.2,3.3
1150,2015-09-18,7.08,3.5,2.134,2.21,3.3
1151,2015-09-21,7.11,3.5,2.202,2.18,3.5
1152,2015-09-22,7.151,3.5,2.135,2.32,3.5
1153,2015-09-23,7.21,3.5,2.151,2.31,3.5
1154,2015-09-24,7.21,3.5,2.128,2.45,3.5
1155,2015-09-25,7.23,3.5,2.163,2.45,3.5
1156,2015-09-28,7.24,3.5,2.096,2.61,3.5
1157,2015-09-29,7.27,3.5,2.052,2.66,3.5
1158,2015-09-30,7.17,3.5,2.038,2.58,3.5
1159,2015-10-01,7.17,3.5,2.038,2.56,3.5
1160,2015-10-02,7.16,3.5,1.994,2.49,3.6
1161,2015-10-05,7.207,3.5,2.057,2.31,3.65
1162,2015-10-06,7.15,3.5,2.032,2.31,3.5
1163,2015-10-07,7.17,3.5,2.068,2.29,3.4
1164,2015-10-12,7.17,3.5,2.089,2.22,3.44
1165,2015-10-13,7.17,3.5,2.045,2.29,3.5
1166,2015-10-14,7.13,3.5,1.973,2.33,3.53
1167,2015-10-15,7.06,3.5,2.022,2.26,3.5
1168,2015-10-16,7.0,3.5,2.034,2.19,3.5
1169,2015-10-19,7.221,3.5,2.024,2.22,3.5
1170,2015-10-20,6.94,3.5,2.068,2.25,3.5
1171,2015-10-21,6.9,3.5,2.024,2.25,3.52
1172,2015-10-22,6.86,3.5,2.027,2.24,3.5
1173,2015-10-23,6.76,3.5,2.088,2.16,3.58
1174,2015-10-26,6.78,3.5,2.057,2.16,3.56
1175,2015-10-27,6.69,3.5,2.038,2.21,3.6
1176,2015-10-28,6.806,3.5,2.102,2.17,3.5
1177,2015-10-29,6.75,3.5,2.173,2.13,3.5
1178,2015-10-30,6.7,3.5,2.143,2.2,3.5
1179,2015-11-02,6.806,3.5,2.172,2.14,3.5
1180,2015-11-03,6.71,3.5,2.211,2.06,3.5
1181,2015-11-04,6.79,3.5,2.226,2.08,3.5
1182,2015-11-05,6.85,3.5,2.233,2.1,3.5
1183,2015-11-06,6.85,3.5,2.326,2.09,3.5
1184,2015-11-09,6.89,3.5,2.344,2.13,3.5
1185,2015-11-10,6.83,3.5,2.343,2.18,3.5
1186,2015-11-11,6.81,3.5,2.333,2.18,3.5
1187,2015-11-12,6.75,3.5,2.312,2.22,3.5
1188,2015-11-13,6.85,3.5,2.267,2.26,3.5
1189,2015-11-16,6.85,3.5,2.268,2.24,3.5
1190,2015-11-17,6.61,3.5,2.267,2.26,3.5
1191,2015-11-18,6.62,3.5,2.274,2.24,3.5
1192,2015-11-19,6.638,3.5,2.249,2.23,3.5
1193,2015-11-20,6.638,3.5,2.263,2.21,3.5
1194,2015-11-23,6.49,3.5,2.239,2.2,3.5
1195,2015-11-24,6.48,3.5,2.239,2.21,3.5
1196,2015-11-25,6.518,3.5,2.235,2.23,3.5
1197,2015-11-26,6.536,3.5,2.235,2.23,3.5
1198,2015-11-27,6.529,3.5,2.221,2.24,3.5
1199,2015-11-30,6.5,3.5,2.207,2.24,3.5
1200,2015-12-01,6.565,3.5,2.144,2.3,3.68
1201,2015-12-02,6.55,3.5,2.181,2.28,3.85
1202,2015-12-03,6.55,3.5,2.314,2.2,3.9
1203,2015-12-04,6.55,3.5,2.27,2.21,3.84
1204,2015-12-07,6.573,3.5,2.23,2.3,3.7
1205,2015-12-09,6.568,3.5,2.217,2.33,3.6
1206,2015-12-10,6.6,3.5,2.231,2.33,3.5
1207,2015-12-11,6.52,3.75,2.128,2.5,3.71
1208,2015-12-14,6.675,3.75,2.223,2.42,3.75
1209,2015-12-15,6.675,3.75,2.267,2.36,3.75
1210,2015-12-16,6.795,3.75,2.297,2.37,3.75
1211,2015-12-17,6.79,3.75,2.224,2.38,3.75
1212,2015-12-18,6.76,3.75,2.205,2.46,3.75
1213,2015-12-21,6.793,3.75,2.193,2.46,3.75
1214,2015-12-22,6.779,3.75,2.237,2.43,3.75
1215,2015-12-23,6.79,3.75,2.254,2.4,3.75
1216,2015-12-24,6.8,3.75,2.242,2.42,3.75
1217,2015-12-28,6.796,3.75,2.231,2.44,3.85
1218,2015-12-29,6.847,3.75,2.306,2.33,4.0
1219,2015-12-30,6.95,3.75,2.295,2.37,4.0
1220,2015-12-31,6.847,3.75,2.27,2.4,4.21
1221,2016-01-04,7.01,3.75,2.244,2.44,4.1
1222,2016-01-05,6.88,3.75,2.237,2.36,4.06
1223,2016-01-06,6.9,3.75,2.171,2.43,3.76
1224,2016-01-07,6.93,3.75,2.146,2.47,3.75
1225,2016-01-08,7.0,3.75,2.116,2.54,3.75
1226,2016-01-11,7.0,3.75,2.176,2.57,3.75
1227,2016-01-12,7.054,3.75,2.104,2.65,3.75
1228,2016-01-13,7.051,3.75,2.094,2.74,3.75
1229,2016-01-14,7.01,3.75,2.088,2.68,3.75
1230,2016-01-15,7.01,4.0,2.036,2.81,4.0
1231,2016-01-18,7.05,4.0,2.036,2.81,4.0
1232,2016-01-19,7.056,4.0,2.057,2.84,4.0
1233,2016-01-20,7.063,4.0,1.983,2.88,4.0
1234,2016-01-21,7.062,4.0,2.032,2.83,4.0
1235,2016-01-22,7.087,4.0,2.053,2.73,4.0
1236,2016-01-25,7.1,4.0,2.002,2.76,4.0
1237,2016-01-26,7.14,4.0,1.995,2.75,4.0
1238,2016-01-27,7.17,4.0,2.0,2.7,4.0
1239,2016-01-28,7.25,4.0,1.979,2.69,4.0
1240,2016-01-29,6.58,4.0,1.922,2.73,4.0
1241,2016-02-01,7.287,4.0,1.949,2.71,4.0
1242,2016-02-02,7.2,4.0,1.846,2.85,4.0
1243,2016-02-03,7.15,4.0,1.887,2.81,4.01
1244,2016-02-04,7.07,4.0,1.84,2.81,4.0
1245,2016-02-05,7.0,4.0,1.837,2.81,4.0
1246,2016-02-08,7.05,4.0,1.749,2.98,4.0
1247,2016-02-09,7.08,4.0,1.727,2.96,4.0
1248,2016-02-10,7.11,4.0,1.669,2.99,4.0
1249,2016-02-11,7.156,4.0,1.66,3.13,4.0
1250,2016-02-12,7.65,4.25,1.749,2.96,4.25
1251,2016-02-15,7.48,4.25,1.749,2.96,4.25
1252,2016-02-16,7.49,4.25,1.773,2.89,4.25
1253,2016-02-17,7.51,4.25,1.82,2.76,4.31
1254,2016-02-18,7.51,4.25,1.74,2.81,4.67
1255,2016-02-19,7.49,4.25,1.746,2.77,5.2
1256,2016-02-22,7.51,4.25,1.753,2.75,5.03
1257,2016-02-23,7.48,4.25,1.723,2.76,5.23
1258,2016-02-24,7.52,4.25,1.749,2.7,5.33
1259,2016-02-25,7.55,4.25,1.717,2.68,5.11
1260,2016-02-26,7.51,4.25,1.763,2.61,5.16
1261,2016-02-29,7.46,4.25,1.736,2.6,5.09
1262,2016-03-01,7.47,4.25,1.826,2.44,5.5
1263,2016-03-02,7.41,4.25,1.841,2.4,5.5
1264,2016-03-03,7.39,4.25,1.835,2.38,5.15
1265,2016-03-04,7.31,4.25,1.875,2.34,4.26
1266,2016-03-07,7.3,4.25,1.907,2.34,4.25
1267,2016-03-08,7.27,4.25,1.83,2.38,4.26
1268,2016-03-09,7.2,4.25,1.877,2.27,4.26
1269,2016-03-10,7.18,4.25,1.933,2.26,4.29
1270,2016-03-11,7.1,4.25,1.985,2.18,4.25
1271,2016-03-14,7.14,4.25,1.96,2.23,4.25
1272,2016-03-15,7.14,4.25,1.971,2.26,4.29
1273,2016-03-16,7.11,4.25,1.909,2.25,4.32
1274,2016-03-17,6.95,4.25,1.897,2.18,5.0
1275,2016-03-18,6.94,4.25,1.874,2.15,5.27
1276,2016-03-21,7.02,4.25,1.916,2.13,5.17
1277,2016-03-22,7.062,4.25,1.941,2.13,5.41
1278,2016-03-23,7.03,4.25,1.88,2.24,5.49
1279,2016-03-28,7.087,4.25,1.887,2.28,5.5
1280,2016-03-29,7.01,4.25,1.804,2.32,5.25
1281,2016-03-30,6.95,4.25,1.824,2.25,4.95
1282,2016-03-31,6.85,4.25,1.77,2.26,4.25
1283,2016-04-01,6.9,4.25,1.771,2.24,5.12
1284,2016-04-04,6.95,4.25,1.763,2.27,5.1
1285,2016-04-05,7.05,4.25,1.721,2.37,4.9
1286,2016-04-06,7.002,4.25,1.756,2.32,4.5
1287,2016-04-07,7.02,4.25,1.69,2.4,4.5
1288,2016-04-08,6.94,4.25,1.718,2.37,4.25
1289,2016-04-11,6.57,4.25,1.726,2.24,4.25
1290,2016-04-12,6.6,4.25,1.777,2.14,4.25
1291,2016-04-13,6.6,4.25,1.765,2.1,4.25
1292,2016-04-14,6.52,4.25,1.793,2.04,4.25
1293,2016-04-15,6.53,4.25,1.753,2.07,4.25
1294,2016-04-18,6.43,4.25,1.772,2.04,4.25
1295,2016-04-19,6.19,4.25,1.786,2.0,4.25
1296,2016-04-20,6.21,4.25,1.846,1.91,4.25
1297,2016-04-21,6.23,4.25,1.862,1.9,4.25
1298,2016-04-22,6.36,4.25,1.889,1.94,4.52
1299,2016-04-25,6.35,4.25,1.914,1.94,4.62
1300,2016-04-26,6.32,4.25,1.928,1.93,4.91
1301,2016-04-27,6.23,4.25,1.852,1.95,4.96
1302,2016-04-28,6.22,4.25,1.825,1.96,4.62
1303,2016-04-29,6.22,4.25,1.834,1.98,4.5
1304,2016-05-02,6.22,4.25,1.873,1.96,4.8
1305,2016-05-03,6.29,4.25,1.797,2.02,4.8
1306,2016-05-04,6.396,4.25,1.776,2.05,4.8
1307,2016-05-05,6.396,4.25,1.746,2.06,4.8
1308,2016-05-06,6.396,4.25,1.78,2.02,4.8
1309,2016-05-09,6.27,4.25,1.752,2.04,4.4
1310,2016-05-10,6.22,4.25,1.762,2.05,4.26
1311,2016-05-11,6.19,4.25,1.738,2.05,4.26
1312,2016-05-12,6.22,4.25,1.752,2.04,4.53
1313,2016-05-13,6.19,4.25,1.701,2.1,4.65
1314,2016-05-16,6.13,4.25,1.754,2.04,4.76
1315,2016-05-17,6.1,4.25,1.773,2.05,4.5
1316,2016-05-18,6.1,4.25,1.855,2.01,4.25
1317,2016-05-19,6.124,4.25,1.85,2.18,4.25
1318,2016-05-20,6.31,4.25,1.839,2.15,4.25
1319,2016-05-23,6.3,4.25,1.836,2.19,4.25
1320,2016-05-24,6.29,4.25,1.864,2.16,4.25
1321,2016-05-25,6.32,4.25,1.867,2.13,4.26
1322,2016-05-26,6.36,4.25,1.829,2.14,4.25
1323,2016-05-27,6.368,4.25,1.852,2.09,4.25
1324,2016-05-30,6.368,4.25,1.852,2.09,4.25
1325,2016-05-31,6.29,4.25,1.847,2.13,4.46
1326,2016-06-01,6.33,4.25,1.836,2.11,4.8
1327,2016-06-02,6.19,4.25,1.8,2.11,4.88
1328,2016-06-03,6.08,4.25,1.701,2.12,4.83
1329,2016-06-06,6.09,4.25,1.738,2.05,4.8
1330,2016-06-07,6.04,4.25,1.719,2.03,4.3
1331,2016-06-08,6.01,4.25,1.703,2.04,4.25
1332,2016-06-09,6.07,4.25,1.688,2.07,4.25
1333,2016-06-10,6.1,4.25,1.641,2.13,4.25
1334,2016-06-13,6.08,4.25,1.61,2.16,4.25
1335,2016-06-14,6.12,4.25,1.614,2.2,4.25
1336,2016-06-15,6.11,4.25,1.573,2.16,4.25
1337,2016-06-16,6.16,4.25,1.58,2.18,4.25
1338,2016-06-17,6.09,4.25,1.609,2.12,4.25
1339,2016-06-20,6.08,4.25,1.689,2.05,4.25
1340,2016-06-21,6.09,4.25,1.707,2.02,4.25
1341,2016-06-22,6.09,4.25,1.686,2.03,4.25
1342,2016-06-23,6.04,4.25,1.747,1.98,4.25
1343,2016-06-24,6.11,4.25,1.561,2.14,4.25
1344,2016-06-27,6.04,4.25,1.439,2.25,4.25
1345,2016-06-28,6.0,4.25,1.467,2.18,4.25
1346,2016-06-30,5.83,4.25,1.471,2.0,4.25
1347,2016-07-01,5.7,4.25,1.445,1.93,4.64
1348,2016-07-04,6.106,4.25,1.445,1.93,4.7
1349,2016-07-05,5.75,4.25,1.376,1.99,4.61
1350,2016-07-06,5.77,4.25,1.369,1.96,4.41
1351,2016-07-07,5.79,4.25,1.386,1.95,4.25
1352,2016-07-08,5.74,4.25,1.359,1.91,4.25
1353,2016-07-11,5.74,4.25,1.431,1.84,4.25
1354,2016-07-12,5.759,4.25,1.511,1.77,4.25
1355,2016-07-13,5.772,4.25,1.475,1.81,4.25
1356,2016-07-14,5.73,4.25,1.536,1.77,4.25
1357,2016-07-15,5.7,4.25,1.552,1.72,4.25
1358,2016-07-18,5.753,4.25,1.583,1.71,4.25
1359,2016-07-19,5.7,4.25,1.553,1.76,4.25
1360,2016-07-20,5.743,4.25,1.581,1.73,4.25
1361,2016-07-21,5.69,4.25,1.557,1.76,4.25
1362,2016-07-22,5.71,4.25,1.567,1.78,4.25
1363,2016-07-25,5.73,4.25,1.574,1.8,4.25
1364,2016-07-26,5.74,4.25,1.562,1.85,4.25
1365,2016-07-27,5.76,4.25,1.498,1.88,4.26
1366,2016-08-01,5.68,4.25,1.522,1.91,4.26
1367,2016-08-02,5.66,4.25,1.557,1.87,4.26
1368,2016-08-03,5.752,4.25,1.543,1.84,4.25
1369,2016-08-04,5.6,4.25,1.502,1.85,4.25
1370,2016-08-05,5.6,4.25,1.589,1.74,4.25
1371,2016-08-08,5.62,4.25,1.593,1.75,4.25
1372,2016-08-09,5.65,4.25,1.548,1.78,4.25
1373,2016-08-10,5.64,4.25,1.508,1.78,4.25
1374,2016-08-11,5.65,4.25,1.56,1.7,4.07
1375,2016-08-12,5.64,4.25,1.514,1.73,4.02
1376,2016-08-15,5.6,4.25,1.558,1.67,3.9
1377,2016-08-16,5.57,4.25,1.575,1.63,3.98
1378,2016-08-17,5.6,4.25,1.55,1.63,4.11
1379,2016-08-18,5.6,4.25,1.536,1.63,4.2
1380,2016-08-19,5.58,4.25,1.579,1.6,4.1
1381,2016-08-22,5.6,4.25,1.543,1.64,4.1
1382,2016-08-23,5.61,4.25,1.547,1.63,4.1
1383,2016-08-24,5.58,4.25,1.562,1.61,4.26
1384,2016-08-25,5.63,4.25,1.574,1.61,4.25
1385,2016-08-26,5.64,4.25,1.63,1.56,4.25
1386,2016-08-29,5.67,4.25,1.56,1.61,4.25
1387,2016-08-31,5.79,4.25,1.581,1.62,4.25
1388,2016-09-01,5.85,4.25,1.569,1.65,4.25
1389,2016-09-02,5.85,4.25,1.603,1.6,4.25
1390,2016-09-05,5.85,4.25,1.603,1.6,4.25
1391,2016-09-06,5.8,4.25,1.535,1.64,4.25
1392,2016-09-07,5.67,4.25,1.54,1.58,4.25
1393,2016-09-08,5.64,4.25,1.6,1.51,4.24
1394,2016-09-09,5.75,4.25,1.676,1.59,4.25
1395,2016-09-12,5.8,4.25,1.664,1.6,4.25
1396,2016-09-13,5.82,4.25,1.728,1.56,4.25
1397,2016-09-14,5.85,4.25,1.698,1.64,4.25
1398,2016-09-15,5.84,4.25,1.692,1.69,4.25
1399,2016-09-16,5.84,4.25,1.693,1.75,4.25
1400,2016-09-19,5.87,4.25,1.713,1.73,4.25
1401,2016-09-20,5.86,4.25,1.69,1.69,4.25
1402,2016-09-21,5.79,4.25,1.652,1.6,4.25
1403,2016-09-22,5.77,4.25,1.619,1.54,4.25
1404,2016-09-23,5.819,4.25,1.619,1.57,4.25
1405,2016-09-26,5.819,4.25,1.585,1.66,4.26
1406,2016-09-27,5.79,4.25,1.557,1.68,4.25
1407,2016-09-28,5.77,4.25,1.573,1.59,4.25
1408,2016-09-29,5.69,4.25,1.561,1.58,4.25
1409,2016-09-30,5.72,4.25,1.595,1.54,4.25
1410,2016-10-03,5.71,4.25,1.623,1.52,4.25
1411,2016-10-04,5.7,4.25,1.687,1.48,4.25
1412,2016-10-05,5.68,4.25,1.703,1.46,4.25
1413,2016-10-06,5.73,4.25,1.738,1.46,4.25
1414,2016-10-07,5.74,4.25,1.719,1.45,4.26
1415,2016-10-10,5.73,4.25,1.719,1.45,4.25
1416,2016-10-11,5.7,4.25,1.765,1.46,4.25
1417,2016-10-12,5.71,4.25,1.77,1.43,4.25
1418,2016-10-13,5.71,4.25,1.742,1.45,4.25
1419,2016-10-14,5.68,4.25,1.799,1.44,4.25
1420,2016-10-17,5.726,4.25,1.767,1.46,4.25
1421,2016-10-18,5.75,4.25,1.739,1.47,4.25
1422,2016-10-19,5.74,4.25,1.744,1.45,4.25
1423,2016-10-20,5.7,4.25,1.757,1.44,4.25
1424,2016-10-21,5.7,4.25,1.736,1.46,4.3
1425,2016-10-24,5.89,4.25,1.766,1.44,4.26
1426,2016-10-25,5.89,4.25,1.757,1.48,4.25
1427,2016-10-26,5.9,4.25,1.794,1.47,4.25
1428,2016-10-27,5.94,4.25,1.855,1.47,4.25
1429,2016-10-28,5.942,4.25,1.848,1.48,4.25
1430,2016-10-31,5.92,4.25,1.826,1.55,4.25
1431,2016-11-02,5.9,4.25,1.803,1.65,4.25
1432,2016-11-03,5.89,4.25,1.812,1.61,4.25
1433,2016-11-04,5.88,4.25,1.777,1.65,4.35
1434,2016-11-07,5.88,4.25,1.827,1.57,4.35
1435,2016-11-08,5.87,4.25,1.856,1.53,4.35
1436,2016-11-09,5.91,4.25,2.058,1.51,4.25
1437,2016-11-10,6.29,4.25,2.151,1.63,4.26
1438,2016-11-11,6.37,4.25,2.151,1.63,4.25
1439,2016-11-14,6.65,4.25,2.262,1.82,4.25
1440,2016-11-15,6.67,4.25,2.22,1.62,4.25
1441,2016-11-16,6.64,4.25,2.223,1.71,2.25
1442,2016-11-21,6.49,4.25,2.316,1.71,4.26
1443,2016-11-22,6.43,4.25,2.313,1.73,4.25
1444,2016-11-23,6.47,4.25,2.351,1.76,4.26
1445,2016-11-24,6.54,4.25,2.351,1.76,4.35
1446,2016-11-25,6.46,4.25,2.358,1.76,4.35
1447,2016-11-28,6.43,4.25,2.313,1.77,4.35
1448,2016-11-29,6.43,4.25,2.292,1.78,4.35
1449,2016-11-30,6.44,4.25,2.382,1.73,4.35
1450,2016-12-01,6.48,4.25,2.449,1.72,4.54
1451,2016-12-02,6.46,4.25,2.384,1.74,4.58
1452,2016-12-05,6.43,4.25,2.395,1.73,4.59
1453,2016-12-06,6.41,4.25,2.39,1.69,4.25
1454,2016-12-07,6.39,4.25,2.341,1.66,4.25
1455,2016-12-09,6.39,4.25,2.468,1.59,4.25
1456,2016-12-12,6.38,4.25,2.472,1.64,4.25
1457,2016-12-13,6.39,4.25,2.472,1.64,4.25
1458,2016-12-14,6.38,4.25,2.572,1.61,4.25
1459,2016-12-15,6.5,4.25,2.598,1.61,4.25
1460,2016-12-16,6.5,4.25,2.593,1.59,4.25
1461,2016-12-19,6.45,4.25,2.539,1.64,4.26
1462,2016-12-20,6.474,4.25,2.56,1.61,4.25
1463,2016-12-21,6.45,4.25,2.536,1.62,4.25
1464,2016-12-22,6.46,4.25,2.552,1.63,4.37
1465,2016-12-23,6.46,4.25,2.538,1.63,4.62
1466,2016-12-26,6.43,4.25,2.538,1.63,4.8
1467,2016-12-27,6.45,4.25,2.561,1.6,4.84
1468,2016-12-28,6.48,4.25,2.509,1.65,4.25
1469,2016-12-29,6.49,4.25,2.476,1.68,4.25
1470,2016-12-30,6.53,4.25,2.445,1.7,4.25
1471,2017-01-02,6.6,4.25,2.445,1.7,4.25
1472,2017-01-03,6.53,4.25,2.445,1.71,4.25
1473,2017-01-04,6.57,4.25,2.44,1.67,4.25
1474,2017-01-05,6.5,4.25,2.345,1.64,4.25
1475,2017-01-06,6.47,4.25,2.42,1.6,4.26
1476,2017-01-09,6.44,4.25,2.366,1.63,4.25
1477,2017-01-10,6.43,4.25,2.377,1.62,4.25
1478,2017-01-11,6.41,4.25,2.373,1.61,4.25
1479,2017-01-12,6.3,4.25,2.364,1.56,4.25
1480,2017-01-13,6.3,4.25,2.397,1.51,4.25
1481,2017-01-16,6.34,4.25,2.397,1.51,4.25
1482,2017-01-17,6.27,4.25,2.326,1.52,4.25
1483,2017-01-18,6.34,4.25,2.43,1.48,4.25
1484,2017-01-19,6.33,4.25,2.475,1.51,4.25
1485,2017-01-20,6.3,4.25,2.468,1.52,4.25
1486,2017-01-23,6.23,4.25,2.398,1.57,4.25
1487,2017-01-24,6.24,4.25,2.466,1.54,4.25
1488,2017-01-25,6.261,4.25,2.513,1.51,4.25
1489,2017-01-26,6.24,4.25,2.505,1.56,4.25
1490,2017-01-27,6.24,4.25,2.485,1.55,4.25
1491,2017-01-30,6.2,4.25,2.489,1.56,4.25
1492,2017-01-31,6.18,4.25,2.454,1.59,4.25
1493,2017-02-01,6.18,4.25,2.471,1.54,4.25
1494,2017-02-02,6.22,4.25,2.475,1.52,4.25
1495,2017-02-03,6.25,4.25,2.466,1.48,4.25
1496,2017-02-06,6.26,4.25,2.409,1.52,4.25
1497,2017-02-07,6.29,4.25,2.394,1.55,4.25
1498,2017-02-08,6.28,4.25,2.337,1.57,4.25
1499,2017-02-09,6.27,4.25,2.396,1.49,4.25
1500,2017-02-10,6.25,4.25,2.408,1.48,4.25
1501,2017-02-13,6.29,4.25,2.437,1.46,4.25
1502,2017-02-14,6.27,4.25,2.471,1.47,4.18
1503,2017-02-15,6.26,4.25,2.494,1.48,4.22
1504,2017-02-16,6.27,4.25,2.448,1.54,4.25
1505,2017-02-17,6.28,4.25,2.416,1.55,4.25
1506,2017-02-20,6.3,4.25,2.416,1.55,4.25
1507,2017-02-21,6.29,4.25,2.43,1.54,4.25
1508,2017-02-22,6.26,4.25,2.414,1.54,4.25
1509,2017-02-23,6.25,4.25,2.373,1.55,4.25
1510,2017-02-24,6.23,4.25,2.313,1.58,4.25
1511,2017-02-27,6.247,4.25,2.366,1.52,4.25
1512,2017-02-28,6.26,4.25,2.391,1.52,4.25
1513,2017-03-01,6.27,4.25,2.454,1.44,4.25
1514,2017-03-02,6.26,4.25,2.479,1.43,4.25
1515,2017-03-03,6.25,4.25,2.479,1.43,4.25
1516,2017-03-06,6.23,4.25,2.501,1.41,4.25
1517,2017-03-07,6.24,4.25,2.519,1.39,4.25
1518,2017-03-08,6.25,4.25,2.561,1.41,4.25
1519,2017-03-09,6.27,4.25,2.606,1.43,4.25
1520,2017-03-10,6.26,4.25,2.575,1.41,4.25
1521,2017-03-13,6.24,4.25,2.627,1.41,4.19
1522,2017-03-14,6.23,4.25,2.601,1.43,4.22
1523,2017-03-15,6.19,4.25,2.494,1.4,4.25
1524,2017-03-16,6.09,4.25,2.541,1.35,4.25
1525,2017-03-17,6.08,4.25,2.501,1.36,4.25
1526,2017-03-20,6.07,4.25,2.462,1.38,4.25
1527,2017-03-21,6.0,4.25,2.418,1.41,4.25
1528,2017-03-22,6.0,4.25,2.406,1.44,4.25
1529,2017-03-23,6.0,4.25,2.42,1.42,4.25
1530,2017-03-24,5.96,4.25,2.413,1.41,4.25
1531,2017-03-27,5.9,4.25,2.379,1.42,4.25
1532,2017-03-28,5.85,4.25,2.419,1.39,4.23
1533,2017-03-29,5.86,4.25,2.377,1.42,4.25
1534,2017-03-30,5.87,4.25,2.421,1.4,4.25
1535,2017-03-31,5.87,4.25,2.388,1.46,4.25
1536,2017-04-03,5.87,4.25,2.32,1.49,4.25
1537,2017-04-04,5.92,4.25,2.361,1.46,4.25
1538,2017-04-05,5.91,4.25,2.336,1.47,4.25
1539,2017-04-06,5.9,4.25,2.342,1.48,4.25
1540,2017-04-07,5.78,4.25,2.383,1.46,4.25
1541,2017-04-10,5.89,4.25,2.367,1.46,4.32
1542,2017-04-11,5.91,4.25,2.297,1.52,4.3
1543,2017-04-12,5.92,4.25,2.24,1.5,4.35
1544,2017-04-17,5.88,4.25,2.251,1.53,4.25
1545,2017-04-18,5.86,4.25,2.169,1.59,4.25
1546,2017-04-19,5.87,4.25,2.215,1.55,4.25
1547,2017-04-20,5.88,4.25,2.233,1.54,4.25
1548,2017-04-21,5.87,4.25,2.249,1.53,4.25
1549,2017-04-24,5.87,4.25,2.274,1.46,4.25
1550,2017-04-25,5.86,4.25,2.333,1.43,4.25
1551,2017-04-26,5.88,4.25,2.304,1.44,4.25
1552,2017-04-27,5.84,4.25,2.295,1.45,4.25
1553,2017-04-28,5.76,4.25,2.281,1.44,4.25
1554,2017-05-02,5.68,4.25,2.281,1.43,4.25
1555,2017-05-03,5.68,4.25,2.319,1.4,4.26
1556,2017-05-04,5.7,4.25,2.355,1.4,4.25
1557,2017-05-05,5.71,4.25,2.35,1.41,4.25
1558,2017-05-08,5.79,4.25,2.388,1.38,4.25
1559,2017-05-09,5.78,4.25,2.399,1.38,4.25
1560,2017-05-10,5.74,4.25,2.415,1.36,4.25
1561,2017-05-11,5.73,4.25,2.388,1.35,4.25
1562,2017-05-12,5.72,4.0,2.327,1.39,4.0
1563,2017-05-15,5.72,4.0,2.344,1.39,4.0
1564,2017-05-16,5.69,4.0,2.327,1.39,4.0
1565,2017-05-17,5.7,4.0,2.225,1.47,4.0
1566,2017-05-18,5.71,4.0,2.23,1.48,4.0
1567,2017-05-19,5.7,4.0,2.235,1.47,4.0
1568,2017-05-22,5.72,4.0,2.255,1.47,4.0
1569,2017-05-23,5.74,4.0,2.281,1.41,4.0
1570,2017-05-24,5.74,4.0,2.251,1.37,4.0
1571,2017-05-25,5.72,4.0,2.256,1.41,4.0
1572,2017-05-26,5.71,4.0,2.247,1.4,4.0
1573,2017-05-29,5.74,4.0,2.247,1.4,4.0
1574,2017-05-30,5.71,4.0,2.211,1.44,4.0
1575,2017-05-31,5.66,4.0,2.204,1.45,4.0
1576,2017-06-01,5.63,4.0,2.212,1.44,4.0
1577,2017-06-02,5.6,4.0,2.16,1.44,4.0
1578,2017-06-05,5.62,4.0,2.183,1.39,4.0
1579,2017-06-06,5.621,4.0,2.146,1.39,4.01
1580,2017-06-07,5.63,4.0,2.174,1.36,4.0
1581,2017-06-08,5.61,4.0,2.189,1.37,4.0
1582,2017-06-09,5.62,4.0,2.201,1.37,4.0
1583,2017-06-12,5.63,4.0,2.215,1.37,4.01
1584,2017-06-13,5.64,4.0,2.212,1.36,4.0
1585,2017-06-14,5.58,4.0,2.126,1.42,3.82
1586,2017-06-15,5.56,4.0,2.165,1.43,3.81
1587,2017-06-16,5.54,4.0,2.152,1.45,4.0
1588,2017-06-19,5.53,4.0,2.19,1.42,4.01
1589,2017-06-20,5.53,4.0,2.157,1.48,4.02
1590,2017-06-21,5.55,4.0,2.164,1.5,4.0
1591,2017-06-22,5.54,4.0,2.149,1.51,4.01
1592,2017-06-23,5.54,4.0,2.143,1.51,4.02
1593,2017-06-26,5.54,4.0,2.138,1.5,4.02
1594,2017-06-27,5.54,4.0,2.206,1.46,4.02
1595,2017-06-28,5.53,4.0,2.229,1.46,4.0
1596,2017-07-03,5.61,4.0,2.351,1.42,4.0
1597,2017-07-04,5.62,4.0,2.351,1.42,4.0
1598,2017-07-05,5.69,4.0,2.324,1.43,4.0
1599,2017-07-06,5.73,4.0,2.367,1.45,4.0
1600,2017-07-07,5.84,4.0,2.386,1.44,4.0
1601,2017-07-10,5.86,4.0,2.374,1.43,4.0
1602,2017-07-11,5.8,4.0,2.361,1.43,4.0
1603,2017-07-12,5.69,4.0,2.319,1.44,4.0
1604,2017-07-13,5.67,4.0,2.345,1.41,4.0
1605,2017-07-14,5.66,3.75,2.333,1.42,3.75
1606,2017-07-17,5.64,3.75,2.315,1.42,3.75
1607,2017-07-18,5.65,3.75,2.26,1.42,3.75
1608,2017-07-19,5.65,3.75,2.27,1.41,3.75
1609,2017-07-20,5.6,3.75,2.26,1.41,3.75
1610,2017-07-21,5.58,3.75,2.238,1.42,3.75
1611,2017-07-24,5.58,3.75,2.256,1.41,3.75
1612,2017-07-25,5.58,3.75,2.336,1.39,3.8
1613,2017-07-26,5.56,3.75,2.288,1.38,3.79
1614,2017-07-31,5.52,3.75,2.295,1.52,3.75
1615,2017-08-01,5.52,3.75,2.254,1.52,3.75
1616,2017-08-02,5.48,3.75,2.272,1.52,3.75
1617,2017-08-03,5.46,3.75,2.222,1.53,3.75
1618,2017-08-04,5.46,3.75,2.263,1.5,3.75
1619,2017-08-07,5.46,3.75,2.254,1.51,3.75
1620,2017-08-08,5.45,3.75,2.263,1.49,3.75
1621,2017-08-09,5.529,3.75,2.249,1.54,3.75
1622,2017-08-10,5.47,3.75,2.198,1.6,3.7
1623,2017-08-11,5.47,3.75,2.19,1.61,3.72
1624,2017-08-14,5.45,3.75,2.219,1.56,3.75
1625,2017-08-15,5.48,3.75,2.274,1.53,3.75
1626,2017-08-16,5.49,3.75,2.223,1.56,3.75
1627,2017-08-17,5.48,3.75,2.186,1.6,3.75
1628,2017-08-18,5.47,3.75,2.195,1.6,3.75
1629,2017-08-21,5.508,3.75,2.183,1.61,3.75
1630,2017-08-22,5.46,3.75,2.214,1.58,3.75
1631,2017-08-23,5.46,3.75,2.167,1.61,3.75
1632,2017-08-24,5.45,3.75,2.195,1.56,3.75
1633,2017-08-25,5.43,3.75,2.167,1.55,3.75
1634,2017-08-28,5.41,3.75,2.159,1.55,3.74
1635,2017-08-29,5.4,3.75,2.13,1.55,3.46
1636,2017-08-31,5.42,3.75,2.118,1.53,3.69
1637,2017-09-01,5.45,3.75,2.167,1.49,3.75
1638,2017-09-04,5.49,3.75,2.167,1.49,3.76
1639,2017-09-05,5.45,3.75,2.06,1.53,3.76
1640,2017-09-06,5.45,3.75,2.105,1.51,3.75
1641,2017-09-07,5.47,3.75,2.04,1.5,3.75
1642,2017-09-08,5.45,3.75,2.052,1.5,3.46
1643,2017-09-11,5.38,3.75,2.131,1.44,3.7
1644,2017-09-12,5.38,3.75,2.168,1.43,3.75
1645,2017-09-13,5.37,3.75,2.189,1.39,3.7
1646,2017-09-15,5.38,3.5,2.203,1.41,3.6
1647,2017-09-18,5.29,3.5,2.23,1.39,3.5
1648,2017-09-19,5.27,3.5,2.245,1.39,3.5
1649,2017-09-20,5.26,3.5,2.268,1.39,3.5
1650,2017-09-21,5.18,3.5,2.277,1.44,3.5
1651,2017-09-22,5.19,3.5,2.251,1.43,3.51
1652,2017-09-25,5.21,3.5,2.221,1.46,3.5
1653,2017-09-26,5.24,3.5,2.237,1.45,3.5
1654,2017-09-27,5.29,3.5,2.311,1.43,3.5
1655,2017-09-28,5.3,3.5,2.309,1.42,3.5
1656,2017-09-29,5.29,3.5,2.334,1.4,3.5
1657,2017-10-02,5.3,3.5,2.342,1.4,3.5
1658,2017-10-03,5.28,3.5,2.324,1.4,3.5
1659,2017-10-04,5.27,3.5,2.324,1.4,3.51
1660,2017-10-05,5.26,3.5,2.349,1.4,3.51
1661,2017-10-06,5.29,3.5,2.36,1.4,3.5
1662,2017-10-09,5.2,3.5,2.36,1.4,3.5
1663,2017-10-10,5.17,3.5,2.362,1.42,3.5
1664,2017-10-11,5.18,3.5,2.349,1.42,3.5
1665,2017-10-12,5.19,3.5,2.319,1.43,3.5
1666,2017-10-13,5.19,3.5,2.274,1.46,3.5
1667,2017-10-16,5.21,3.5,2.304,1.43,3.5
1668,2017-10-17,5.26,3.5,2.301,1.44,3.5
1669,2017-10-18,5.25,3.5,2.347,1.4,3.5
1670,2017-10-19,5.22,3.5,2.319,1.41,3.5
1671,2017-10-20,5.25,3.5,2.385,1.38,3.5
1672,2017-10-23,5.273,3.5,2.367,1.37,3.51
1673,2017-10-24,5.29,3.5,2.42,1.35,3.5
1674,2017-10-25,5.29,3.5,2.433,1.36,3.5
1675,2017-10-26,5.3,3.5,2.462,1.35,3.51
1676,2017-10-27,5.38,3.5,2.407,1.36,3.5
1677,2017-10-30,5.37,3.5,2.369,1.38,3.5
1678,2017-10-31,5.37,3.5,2.38,1.36,3.5
1679,2017-11-02,5.33,3.5,2.346,1.38,3.51
1680,2017-11-03,5.33,3.5,2.333,1.4,3.51
1681,2017-11-06,5.26,3.5,2.317,1.41,3.51
1682,2017-11-07,5.24,3.5,2.315,1.42,3.51
1683,2017-11-08,5.23,3.5,2.335,1.41,3.51
1684,2017-11-09,5.27,3.5,2.342,1.41,3.5
1685,2017-11-10,5.22,3.25,2.399,1.37,3.25
1686,2017-11-13,5.23,3.25,2.406,1.37,3.25
1687,2017-11-14,5.28,3.25,2.373,1.39,3.25
1688,2017-11-15,5.35,3.25,2.323,1.44,3.25
1689,2017-11-16,5.365,3.25,2.376,1.4,3.24
1690,2017-11-17,5.34,3.25,2.344,1.4,3.21
1691,2017-11-20,5.36,3.25,2.367,1.4,3.25
1692,2017-11-21,5.36,3.25,2.357,1.4,3.22
1693,2017-11-22,5.35,3.25,2.32,1.4,3.25
1694,2017-11-23,5.34,3.25,2.32,1.4,3.25
1695,2017-11-24,5.31,3.25,2.343,1.39,3.25
1696,2017-11-27,5.3,3.25,2.329,1.37,3.25
1697,2017-11-28,5.27,3.25,2.329,1.35,3.25
1698,2017-11-29,5.28,3.25,2.389,1.34,3.25
1699,2017-11-30,5.28,3.25,2.411,1.33,3.25
1700,2017-12-01,5.25,3.25,2.362,1.37,3.25
1701,2017-12-04,5.27,3.25,2.373,1.35,3.25
1702,2017-12-05,5.29,3.25,2.352,1.38,3.25
1703,2017-12-06,5.26,3.25,2.339,1.39,3.25
1704,2017-12-07,5.25,3.25,2.364,1.37,3.25
1705,2017-12-11,5.22,3.25,2.389,1.36,3.25
1706,2017-12-12,5.18,3.25,2.402,1.35,3.25
1707,2017-12-13,5.16,3.25,2.343,1.37,3.25
1708,2017-12-14,5.21,3.25,2.35,1.38,3.21
1709,2017-12-15,5.34,3.25,2.354,1.44,3.25
1710,2017-12-18,5.37,3.25,2.395,1.4,3.25
1711,2017-12-19,5.27,3.25,2.465,1.35,3.25
1712,2017-12-20,5.29,3.25,2.498,1.32,3.25
1713,2017-12-21,5.33,3.25,2.484,1.35,3.32
1714,2017-12-22,5.27,3.25,2.482,1.31,3.32
1715,2017-12-26,5.24,3.25,2.477,1.32,3.25
1716,2017-12-27,5.19,3.25,2.412,1.36,3.25
1717,2017-12-28,5.17,3.25,2.431,1.35,3.25
1718,2017-12-29,5.18,3.25,2.406,1.36,3.25
1719,2018-01-03,5.13,3.25,2.448,1.31,3.25
1720,2018-01-04,4.98,3.25,2.453,1.29,3.25
1721,2018-01-05,4.92,3.25,2.477,1.25,3.25
1722,2018-01-08,4.97,3.25,2.481,1.23,3.25
1723,2018-01-09,5.01,3.25,2.554,1.18,3.25
1724,2018-01-10,5.04,3.25,2.558,1.21,3.15
1725,2018-01-11,4.94,3.25,2.538,1.21,3.0
1726,2018-01-12,4.81,3.0,2.548,1.21,3.0
1727,2018-01-15,4.72,3.0,2.548,1.21,3.0
1728,2018-01-16,4.7,3.0,2.538,1.21,3.0
1729,2018-01-17,4.75,3.0,2.591,1.22,3.0
1730,2018-01-18,4.72,3.0,2.627,1.19,3.0
1731,2018-01-19,4.71,3.0,2.66,1.2,3.0
1732,2018-01-22,4.74,3.0,2.651,1.18,3.0
1733,2018-01-23,4.73,3.0,2.614,1.2,3.0
1734,2018-01-24,4.72,3.0,2.647,1.2,3.0
1735,2018-01-25,4.71,3.0,2.618,1.22,3.0
1736,2018-01-26,4.72,3.0,2.661,1.19,3.0
1737,2018-01-29,4.74,3.0,2.695,1.19,3.0
1738,2018-01-30,4.72,3.0,2.721,1.2,3.01
1739,2018-01-31,4.7,3.0,2.706,1.19,3.01
1740,2018-02-01,4.67,3.0,2.791,1.19,3.0
1741,2018-02-02,4.68,3.0,2.842,1.19,3.0
1742,2018-02-05,4.7,3.0,2.707,1.31,3.0
1743,2018-02-06,4.72,3.0,2.803,1.26,3.01
1744,2018-02-07,4.71,3.0,2.837,1.19,3.01
1745,2018-02-08,4.75,3.0,2.825,1.26,3.01
1746,2018-02-09,4.82,3.0,2.852,1.38,3.0
1747,2018-02-12,4.8,3.0,2.859,1.37,3.01
1748,2018-02-13,4.8,3.0,2.83,1.42,3.0
1749,2018-02-14,4.8,3.0,2.903,1.42,3.0
1750,2018-02-15,4.81,3.0,2.91,1.36,3.01
1751,2018-02-16,4.81,3.0,2.876,1.33,3.01
1752,2018-02-19,4.87,3.0,2.876,1.33,3.0
1753,2018-02-20,4.85,3.0,2.89,1.34,3.0
1754,2018-02-21,4.84,3.0,2.951,1.33,3.01
1755,2018-02-22,4.86,3.0,2.922,1.36,3.1
1756,2018-02-23,4.86,3.0,2.868,1.37,3.02
1757,2018-02-26,4.87,3.0,2.863,1.34,3.01
1758,2018-02-27,4.84,3.0,2.894,1.31,3.0
1759,2018-02-28,4.83,3.0,2.862,1.37,3.0
1760,2018-03-01,4.81,3.0,2.809,1.46,3.0
1761,2018-03-02,4.8,3.0,2.865,1.43,3.0
1762,2018-03-05,4.79,3.0,2.882,1.39,3.0
1763,2018-03-06,4.78,3.0,2.887,1.38,3.0
1764,2018-03-07,4.8,3.0,2.884,1.39,3.0
1765,2018-03-08,4.8,3.0,2.858,1.42,2.97
1766,2018-03-09,4.8,2.75,2.895,1.39,2.75
1767,2018-03-12,4.84,2.75,2.869,1.4,2.75
1768,2018-03-13,4.89,2.75,2.843,1.43,2.75
1769,2018-03-14,4.86,2.75,2.818,1.46,2.75
1770,2018-03-15,4.92,2.75,2.829,1.47,2.56
1771,2018-03-16,4.98,2.75,2.845,1.46,2.73
1772,2018-03-19,4.96,2.75,2.856,1.5,2.75
1773,2018-03-20,4.9,2.75,2.897,1.49,2.75
1774,2018-03-21,4.89,2.75,2.884,1.47,2.75
1775,2018-03-22,4.79,2.75,2.825,1.51,2.75
1776,2018-03-23,4.81,2.75,2.814,1.56,2.75
1777,2018-03-26,4.84,2.75,2.853,1.53,2.75
1778,2018-03-27,4.83,2.75,2.776,1.54,2.75
1779,2018-03-28,4.81,2.75,2.782,1.55,2.76
1780,2018-04-02,4.83,2.75,2.731,1.55,2.76
1781,2018-04-03,4.82,2.75,2.776,1.49,2.75
1782,2018-04-04,4.83,2.75,2.804,1.47,2.75
1783,2018-04-05,4.82,2.75,2.833,1.42,2.75
1784,2018-04-06,4.884,2.75,2.774,1.46,2.75
1785,2018-04-09,4.91,2.75,2.78,1.47,2.75
1786,2018-04-10,4.93,2.75,2.802,1.47,2.75
1787,2018-04-11,4.98,2.75,2.782,1.46,2.75
1788,2018-04-12,4.98,2.75,2.837,1.43,2.75
1789,2018-04-16,5.01,2.75,2.828,1.43,2.75
1790,2018-04-17,5.05,2.75,2.829,1.45,2.75
1791,2018-04-18,5.15,2.75,2.874,1.41,2.75
1792,2018-04-19,5.07,2.75,2.911,1.43,2.75
1793,2018-04-20,5.07,2.75,2.961,1.41,2.75
1794,2018-04-23,5.1,2.75,2.976,1.41,2.75
1795,2018-04-24,5.17,2.75,3.0,1.41,2.75
1796,2018-04-25,5.23,2.75,3.027,1.42,2.75
1797,2018-04-26,5.23,2.75,2.982,1.46,2.75
1798,2018-04-27,5.22,2.75,2.958,1.5,2.75
1799,2018-04-30,5.2,2.75,2.954,1.52,2.75
1800,2018-05-02,5.21,2.75,2.967,1.58,2.75
1801,2018-05-03,5.22,2.75,2.947,1.63,2.75
1802,2018-05-04,5.25,2.75,2.951,1.58,2.75
1803,2018-05-07,5.29,2.75,2.951,1.57,2.75
1804,2018-05-08,5.35,2.75,2.977,1.61,2.75
1805,2018-05-09,5.38,2.75,3.005,1.58,2.75
1806,2018-05-10,5.31,2.75,2.963,1.51,2.75
1807,2018-05-11,5.27,2.75,2.971,1.51,2.75
1808,2018-05-14,5.24,2.75,3.003,1.5,2.75
1809,2018-05-15,5.32,2.75,3.073,1.51,2.75
1810,2018-05-16,5.36,2.75,3.097,1.49,2.75
1811,2018-05-17,5.51,2.75,3.112,1.52,2.75
1812,2018-05-18,5.63,2.75,3.057,1.6,2.75
1813,2018-05-21,5.79,2.75,3.061,1.6,2.75
1814,2018-05-22,5.72,2.75,3.061,1.55,2.75
1815,2018-05-23,5.67,2.75,2.994,1.57,2.75
1816,2018-05-24,5.63,2.75,2.978,1.57,2.76
1817,2018-05-25,5.64,2.75,2.932,1.6,2.75
1818,2018-05-28,5.63,2.75,2.932,1.6,2.75
1819,2018-05-29,5.67,2.75,2.782,1.73,2.76
1820,2018-05-30,5.65,2.75,2.856,1.66,2.79
1821,2018-05-31,5.65,2.75,2.859,1.68,2.87
1822,2018-06-01,5.69,2.75,2.903,1.62,2.9
1823,2018-06-04,5.66,2.75,2.943,1.57,2.75
1824,2018-06-05,5.64,2.75,2.929,1.59,2.75
1825,2018-06-06,5.6,2.75,2.973,1.58,2.75
1826,2018-06-07,5.63,2.75,2.921,1.63,2.75
1827,2018-06-08,5.64,2.75,2.947,1.64,2.78
1828,2018-06-11,5.62,2.75,2.953,1.63,2.75
1829,2018-06-12,5.65,2.75,2.962,1.64,2.75
1830,2018-06-13,5.65,2.75,2.967,1.61,2.75
1831,2018-06-14,5.65,2.75,2.936,1.64,2.75
1832,2018-06-15,5.72,2.75,2.921,1.63,2.78
1833,2018-06-18,5.76,2.75,2.918,1.64,2.75
1834,2018-06-19,5.74,2.75,2.898,1.68,2.75
1835,2018-06-20,5.75,2.75,2.94,1.64,2.77
1836,2018-06-21,5.71,2.75,2.898,1.64,2.76
1837,2018-06-22,5.68,2.75,2.896,1.62,2.84
1838,2018-06-25,5.68,2.75,2.881,1.64,2.8
1839,2018-06-26,5.64,2.75,2.878,1.63,2.75
1840,2018-06-27,5.58,2.75,2.826,1.69,2.75
1841,2018-06-28,5.562,2.75,2.837,1.68,2.75
1842,2018-07-02,5.58,2.75,2.872,1.66,2.75
1843,2018-07-03,5.54,2.75,2.832,1.66,2.75
1844,2018-07-04,5.545,2.75,2.832,1.66,2.75
1845,2018-07-05,5.54,2.75,2.83,1.64,2.75
1846,2018-07-06,5.525,2.75,2.823,1.61,2.75
1847,2018-07-09,5.47,2.75,2.857,1.53,2.75
1848,2018-07-10,5.44,2.75,2.851,1.49,2.75
1849,2018-07-11,5.47,2.75,2.85,1.54,2.75
1850,2018-07-12,5.48,2.75,2.847,1.52,2.74
1851,2018-07-13,5.46,2.75,2.828,1.51,2.74
1852,2018-07-16,5.47,2.75,2.859,1.49,2.68
1853,2018-07-17,5.47,2.75,2.861,1.48,2.7
1854,2018-07-18,5.46,2.75,2.87,1.45,2.75
1855,2018-07-19,5.5,2.75,2.839,1.5,2.75
1856,2018-07-20,5.51,2.75,2.894,1.47,2.75
1857,2018-07-23,5.51,2.75,2.956,1.46,2.75
1858,2018-07-24,5.48,2.75,2.949,1.47,2.75
1859,2018-07-25,5.44,2.75,2.975,1.45,2.75
1860,2018-07-26,5.43,2.75,2.977,1.39,2.75
1861,2018-07-30,5.43,2.75,2.974,1.4,2.75
1862,2018-07-31,5.43,2.75,2.961,1.43,2.75
1863,2018-08-01,5.42,2.75,3.007,1.41,2.75
1864,2018-08-02,5.39,2.75,2.987,1.43,2.75
1865,2018-08-03,5.35,2.75,2.95,1.43,2.75
1866,2018-08-06,5.34,2.75,2.94,1.45,2.75
1867,2018-08-07,5.36,2.75,2.974,1.43,2.75
1868,2018-08-08,5.37,2.75,2.961,1.47,2.75
1869,2018-08-09,5.38,2.75,2.927,1.5,2.75
1870,2018-08-10,5.4,2.75,2.874,1.58,2.75
1871,2018-08-13,5.43,2.75,2.88,1.57,2.75
1872,2018-08-14,5.43,2.75,2.899,1.53,2.75
1873,2018-08-15,5.48,2.75,2.863,1.57,2.75
1874,2018-08-16,5.49,2.75,2.867,1.54,2.75
1875,2018-08-17,5.54,2.75,2.861,1.52,2.75
1876,2018-08-20,5.5,2.75,2.82,1.54,2.76
1877,2018-08-21,5.47,2.75,2.831,1.51,2.75
1878,2018-08-22,5.43,2.75,2.82,1.52,2.75
1879,2018-08-23,5.44,2.75,2.827,1.53,2.75
1880,2018-08-24,5.42,2.75,2.811,1.52,2.75
1881,2018-08-27,5.41,2.75,2.847,1.48,2.75
1882,2018-08-28,5.43,2.75,2.881,1.43,2.75
1883,2018-08-29,5.45,2.75,2.885,1.44,2.75
1884,2018-09-03,5.43,2.75,2.861,1.47,2.75
1885,2018-09-04,5.44,2.75,2.899,1.46,2.75
1886,2018-09-05,5.42,2.75,2.903,1.45,2.75
1887,2018-09-06,5.46,2.75,2.874,1.46,2.75
1888,2018-09-07,5.48,2.75,2.941,1.43,2.74
1889,2018-09-10,5.48,2.75,2.932,1.47,2.75
1890,2018-09-11,5.5,2.75,2.976,1.45,2.75
1891,2018-09-12,5.5,2.75,2.964,1.44,2.75
1892,2018-09-13,5.5,2.75,2.971,1.41,2.75
1893,2018-09-14,5.48,2.75,2.997,1.39,2.75
1894,2018-09-17,5.5,2.75,2.988,1.39,2.75
1895,2018-09-18,5.51,2.75,3.056,1.37,2.75
1896,2018-09-19,5.51,2.75,3.064,1.36,2.75
1897,2018-09-20,5.54,2.75,3.064,1.37,2.75
1898,2018-09-21,5.55,2.75,3.064,1.34,2.75
1899,2018-09-24,5.6,2.75,3.09,1.35,2.75
1900,2018-09-25,5.62,2.75,3.097,1.34,2.75
1901,2018-09-26,5.62,2.75,3.049,1.36,2.75
1902,2018-09-27,5.61,2.75,3.053,1.34,2.75
1903,2018-09-28,5.6,2.75,3.062,1.33,2.75
1904,2018-10-01,5.58,2.75,3.085,1.32,2.75
1905,2018-10-02,5.57,2.75,3.064,1.34,2.75
1906,2018-10-03,5.62,2.75,3.183,1.26,2.75
1907,2018-10-04,5.68,2.75,3.188,1.3,2.75
1908,2018-10-05,5.68,2.75,3.234,1.29,2.75
1909,2018-10-09,5.67,2.75,3.207,1.35,2.75
1910,2018-10-10,5.7,2.75,3.164,1.36,2.75
1911,2018-10-11,5.73,2.75,3.151,1.47,2.7
1912,2018-10-12,5.75,2.75,3.162,1.44,2.81
1913,2018-10-15,5.76,2.75,3.157,1.42,2.75
1914,2018-10-16,5.7,2.75,3.164,1.42,2.71
1915,2018-10-17,5.7,2.75,3.206,1.39,2.75
1916,2018-10-18,5.74,2.75,3.18,1.45,2.75
1917,2018-10-19,5.72,2.75,3.193,1.47,2.76
1918,2018-10-22,5.74,2.75,3.199,1.49,2.76
1919,2018-10-23,5.77,2.75,3.169,1.5,2.75
1920,2018-10-24,5.8,2.75,3.104,1.54,2.78
1921,2018-10-25,5.79,2.75,3.118,1.52,2.84
1922,2018-10-26,5.78,2.75,3.076,1.56,2.84
1923,2018-10-29,5.83,2.75,3.086,1.57,2.76
1924,2018-10-30,5.9,2.75,3.124,1.55,2.75
1925,2018-10-31,5.89,2.75,3.144,1.52,2.75
1926,2018-11-05,5.83,2.75,3.202,1.47,2.76
1927,2018-11-06,5.81,2.75,3.229,1.47,2.76
1928,2018-11-07,5.78,2.75,3.236,1.46,2.77
1929,2018-11-08,5.78,2.75,3.238,1.46,2.77
1930,2018-11-09,5.78,2.75,3.183,1.49,2.76
1931,2018-11-12,5.8,2.75,3.183,1.49,2.75
1932,2018-11-13,5.82,2.75,3.141,1.54,2.76
1933,2018-11-14,5.8,2.75,3.126,1.56,2.75
1934,2018-11-15,5.79,2.75,3.111,1.57,2.76
1935,2018-11-16,5.76,2.75,3.064,1.6,2.75
1936,2018-11-19,5.72,2.75,3.064,1.64,2.76
1937,2018-11-20,5.72,2.75,3.064,1.67,2.75
1938,2018-11-21,5.66,2.75,3.064,1.64,2.75
1939,2018-11-22,5.64,2.75,3.064,1.64,2.75
1940,2018-11-23,5.62,2.75,3.041,1.65,2.75
1941,2018-11-26,5.64,2.75,3.054,1.63,2.75
1942,2018-11-27,5.63,2.75,3.058,1.68,2.75
1943,2018-11-28,5.6,2.75,3.06,1.63,2.75
1944,2018-11-29,5.69,2.75,3.032,1.61,2.75
1945,2018-11-30,5.67,2.75,2.989,1.62,2.75
1946,2018-12-03,5.67,2.75,2.971,1.62,2.75
1947,2018-12-04,5.75,2.75,2.914,1.7,2.75
1948,2018-12-05,5.74,2.75,2.914,1.7,2.75
1949,2018-12-06,5.75,2.75,2.896,1.72,2.75
1950,2018-12-07,5.78,2.75,2.847,1.69,2.75
1951,2018-12-10,5.84,2.75,2.859,1.68,2.77
1952,2018-12-11,5.83,2.75,2.88,1.63,2.76
1953,2018-12-12,5.823,2.75,2.91,1.57,2.76
1954,2018-12-13,5.848,2.75,2.914,1.55,2.75
1955,2018-12-14,5.838,2.75,2.891,1.55,2.75
1956,2018-12-17,5.79,2.75,2.858,1.56,2.75
1957,2018-12-18,5.76,2.75,2.818,1.59,2.75
1958,2018-12-19,5.77,2.75,2.756,1.65,2.75
1959,2018-12-20,5.71,2.75,2.807,1.62,2.75
1960,2018-12-21,5.69,2.75,2.792,1.61,2.79
1961,2018-12-26,5.66,2.75,2.809,1.61,2.75
1962,2018-12-27,5.62,2.75,2.768,1.63,2.75
1963,2018-12-28,5.65,2.75,2.72,1.64,2.75
1964,2018-12-31,5.61,2.75,2.685,1.68,2.75
1965,2019-01-02,5.62,2.75,2.621,1.71,2.75
1966,2019-01-03,5.62,2.75,2.554,1.77,2.75
1967,2019-01-04,5.61,2.75,2.669,1.64,2.76
1968,2019-01-07,5.61,2.75,2.697,1.57,2.75
1969,2019-01-08,5.6,2.75,2.729,1.55,2.75
1970,2019-01-09,5.56,2.75,2.711,1.5,2.75
1971,2019-01-10,5.55,2.75,2.743,1.49,2.75
1972,2019-01-11,5.55,2.75,2.702,1.51,2.75
1973,2019-01-14,5.57,2.75,2.703,1.51,2.76
1974,2019-01-15,5.57,2.75,2.713,1.51,2.75
1975,2019-01-16,5.59,2.75,2.723,1.5,2.75
1976,2019-01-17,5.6,2.75,2.751,1.51,2.75
1977,2019-01-18,5.57,2.75,2.785,1.47,2.76
1978,2019-01-21,5.58,2.75,2.785,1.47,2.76
1979,2019-01-22,5.58,2.75,2.74,1.49,2.76
1980,2019-01-23,5.61,2.75,2.742,1.47,2.76
1981,2019-01-24,5.64,2.75,2.717,1.48,2.76
1982,2019-01-25,5.6,2.75,2.759,1.43,2.75
1983,2019-01-28,5.6,2.75,2.746,1.43,2.75
1984,2019-01-29,5.6,2.75,2.711,1.46,2.75
1985,2019-01-30,5.62,2.75,2.678,1.45,2.75
1986,2019-01-31,5.48,2.75,2.63,1.45,2.75
1987,2019-02-01,5.5,2.75,2.685,1.37,2.75
1988,2019-02-04,5.49,2.75,2.724,1.34,2.75
1989,2019-02-05,5.47,2.75,2.699,1.33,2.75
1990,2019-02-06,5.47,2.75,2.696,1.36,2.75
1991,2019-02-07,5.47,2.75,2.658,1.42,2.75
1992,2019-02-08,5.47,2.75,2.636,1.45,2.75
1993,2019-02-11,5.48,2.75,2.655,1.44,2.75
1994,2019-02-12,5.51,2.75,2.689,1.42,2.74
1995,2019-02-13,5.54,2.75,2.703,1.39,2.75
1996,2019-02-14,5.54,2.75,2.655,1.42,2.75
1997,2019-02-15,5.51,2.75,2.664,1.43,2.75
1998,2019-02-18,5.5,2.75,2.664,1.43,2.75
1999,2019-02-19,5.5,2.75,2.635,1.42,2.75
2000,2019-02-20,5.5,2.75,2.646,1.42,2.75
2001,2019-02-21,5.52,2.75,2.693,1.4,2.75
2002,2019-02-22,5.48,2.75,2.654,1.41,2.75
2003,2019-02-25,5.48,2.75,2.664,1.4,2.75
2004,2019-02-26,5.5,2.75,2.637,1.4,2.75
2005,2019-02-27,5.48,2.75,2.683,1.34,2.75
2006,2019-02-28,5.48,2.75,2.716,1.31,2.75
2007,2019-03-01,5.49,2.75,2.755,1.3,2.75
2008,2019-03-04,5.47,2.75,2.723,1.33,2.75
2009,2019-03-05,5.46,2.75,2.719,1.34,2.76
2010,2019-03-06,5.46,2.75,2.694,1.34,2.75
2011,2019-03-07,5.43,2.75,2.64,1.37,2.75
2012,2019-03-08,5.41,2.75,2.63,1.4,2.75
2013,2019-03-11,5.39,2.75,2.64,1.37,2.75
2014,2019-03-12,5.3,2.75,2.602,1.39,2.75
2015,2019-03-13,5.29,2.75,2.622,1.38,2.75
2016,2019-03-14,5.26,2.75,2.631,1.35,2.75
2017,2019-03-15,5.2,2.75,2.589,1.38,2.75
2018,2019-03-18,5.24,2.75,2.605,1.35,2.75
2019,2019-03-19,5.25,2.75,2.613,1.31,2.75
2020,2019-03-20,5.26,2.75,2.527,1.37,2.75
2021,2019-03-21,5.16,2.75,2.539,1.34,2.75
2022,2019-03-22,5.19,2.75,2.441,1.39,2.75
2023,2019-03-25,5.18,2.75,2.4,1.42,2.75
2024,2019-03-26,5.19,2.75,2.424,1.38,2.75
2025,2019-03-27,5.174,2.75,2.368,1.36,2.75
2026,2019-03-28,5.24,2.75,2.396,1.32,2.75
2027,2019-03-29,5.24,2.75,2.406,1.3,2.75
2028,2019-04-01,5.21,2.75,2.502,1.26,2.75
2029,2019-04-02,5.21,2.75,2.475,1.26,2.75
2030,2019-04-03,5.2,2.75,2.525,1.23,2.75
2031,2019-04-04,5.18,2.75,2.516,1.22,2.75
2032,2019-04-05,5.18,2.75,2.496,1.22,2.75
2033,2019-04-08,5.17,2.75,2.523,1.21,2.75
2034,2019-04-09,5.176,2.75,2.502,1.22,2.75
2035,2019-04-10,5.177,2.75,2.467,1.25,2.76
2036,2019-04-11,5.203,2.75,2.498,1.23,2.75
2037,2019-04-12,5.27,2.75,2.566,1.2,2.75
2038,2019-04-15,5.26,2.75,2.555,1.21,2.75
2039,2019-04-16,5.29,2.75,2.591,1.18,2.75
2040,2019-04-17,5.27,2.75,2.595,1.19,2.75
2041,2019-04-22,5.26,2.75,2.589,1.19,2.75
2042,2019-04-23,5.22,2.75,2.566,1.2,2.75
2043,2019-04-24,5.26,2.75,2.519,1.25,2.75
2044,2019-04-25,5.26,2.75,2.533,1.25,2.75
2045,2019-04-26,5.21,2.75,2.499,1.25,2.75
2046,2019-04-29,5.17,2.75,2.527,1.22,2.75
2047,2019-04-30,5.14,2.75,2.503,1.26,2.75
2048,2019-05-02,5.18,2.75,2.542,1.25,2.75
2049,2019-05-03,5.16,2.75,2.526,1.25,2.75
2050,2019-05-06,5.18,2.75,2.471,1.27,2.75
2051,2019-05-07,5.21,2.75,2.458,1.31,2.75
2052,2019-05-08,5.21,2.75,2.484,1.28,2.75
2053,2019-05-09,5.24,2.75,2.444,1.33,2.75
2054,2019-05-10,5.2,2.75,2.468,1.32,2.75
2055,2019-05-13,5.23,2.75,2.402,1.38,2.76
2056,2019-05-14,5.19,2.75,2.411,1.36,2.75
2057,2019-05-15,5.16,2.75,2.374,1.4,2.75
2058,2019-05-16,5.16,2.75,2.395,1.37,2.75
2059,2019-05-17,5.15,2.75,2.392,1.39,2.75
2060,2019-05-20,5.13,2.75,2.417,1.36,2.75
2061,2019-05-21,5.1147,2.75,2.427,1.33,2.75
2062,2019-05-22,5.126,2.75,2.383,1.35,2.75
2063,2019-05-23,5.1109,2.75,2.319,1.43,2.75
2064,2019-05-24,5.0727,2.75,2.321,1.41,2.75
2065,2019-05-27,5.0738,2.75,2.321,1.41,2.75
2066,2019-05-28,5.0177,2.75,2.267,1.43,2.75
2067,2019-05-29,5.0094,2.75,2.263,1.41,2.75
2068,2019-05-30,5.0436,2.75,2.214,1.43,2.75
2069,2019-05-31,5.053,2.75,2.125,1.48,2.75
2070,2019-06-03,5.0715,2.75,2.072,1.51,2.75
2071,2019-06-04,5.0259,2.75,2.131,1.41,2.75
2072,2019-06-05,5.0599,2.75,2.136,1.37,2.75
2073,2019-06-06,5.0064,2.75,2.118,1.34,2.75
2074,2019-06-07,4.9539,2.75,2.083,1.35,2.75
2075,2019-06-10,5.0136,2.75,2.15,1.28,2.75
2076,2019-06-11,4.944,2.75,2.144,1.28,2.75
2077,2019-06-12,4.8562,2.75,2.121,1.27,2.75
2078,2019-06-13,4.8243,2.75,2.096,1.31,2.75
2079,2019-06-14,4.7111,2.75,2.081,1.28,2.75
2080,2019-06-17,4.7591,2.75,2.095,1.29,2.75
2081,2019-06-18,4.717,2.75,2.06,1.26,2.75
2082,2019-06-19,4.7315,2.75,2.024,1.27,2.75
2083,2019-06-20,4.5651,2.75,2.029,1.24,2.75
2084,2019-06-21,4.6098,2.75,2.056,1.18,2.75
2085,2019-06-24,4.6191,2.75,2.015,1.22,2.75
2086,2019-06-25,4.6305,2.75,1.986,1.25,2.75
2087,2019-06-26,4.7199,2.75,2.048,1.23,2.75
2088,2019-06-27,4.768,2.75,2.015,1.25,2.75
2089,2019-06-28,4.757,2.75,2.006,1.24,3.26
2090,2019-07-01,4.6586,2.75,2.026,1.2,2.75
2091,2019-07-02,4.6212,2.75,1.975,1.22,2.79
2092,2019-07-03,4.548,2.75,1.951,1.23,2.77
2093,2019-07-04,4.5375,2.75,1.951,1.23,2.75
2094,2019-07-05,4.5464,2.75,2.035,1.18,2.75
2095,2019-07-08,4.5267,2.75,2.048,1.17,2.75
2096,2019-07-09,4.5409,2.75,2.066,1.14,2.75
2097,2019-07-10,4.5391,2.75,2.062,1.12,2.75
2098,2019-07-11,4.5631,2.75,2.139,1.09,2.76
2099,2019-07-12,4.5381,2.75,2.123,1.1,2.75
2100,2019-07-15,4.459,2.75,2.09,1.13,2.75
2101,2019-07-16,4.4361,2.75,2.103,1.12,2.75
2102,2019-07-17,4.3717,2.75,2.046,1.18,2.76
2103,2019-07-18,4.2933,2.75,2.025,1.2,2.76
2104,2019-07-19,4.2351,2.75,2.056,1.19,2.75
2105,2019-07-22,4.2479,2.75,2.047,1.18,2.75
2106,2019-07-23,4.2804,2.75,2.082,1.15,2.75
2107,2019-07-24,4.3298,2.75,2.045,1.16,2.75
2108,2019-07-25,4.28,2.75,2.082,1.13,2.75
2109,2019-07-26,4.2772,2.75,2.071,1.13,2.75
2110,2019-07-31,4.412,2.75,2.015,1.17,2.75
2111,2019-08-01,4.4122,2.75,1.894,1.28,2.75
2112,2019-08-02,4.4359,2.75,1.847,1.25,2.75
2113,2019-08-05,4.4829,2.75,1.709,1.31,2.76
2114,2019-08-06,4.3771,2.75,1.704,1.31,2.75
2115,2019-08-07,4.3376,2.75,1.735,1.27,2.75
2116,2019-08-08,4.319,2.75,1.718,1.25,2.75
2117,2019-08-09,4.2042,2.5,1.746,1.22,2.5
2118,2019-08-12,4.1177,2.5,1.646,1.32,2.5
2119,2019-08-13,4.1136,2.5,1.705,1.27,2.5
2120,2019-08-14,4.1078,2.5,1.58,1.3,2.5
2121,2019-08-15,4.1433,2.5,1.529,1.35,2.5
2122,2019-08-16,4.0993,2.5,1.555,1.31,2.5
2123,2019-08-19,4.175,2.5,1.607,1.25,2.5
2124,2019-08-20,4.172,2.5,1.556,1.29,2.5
2125,2019-08-21,4.173,2.5,1.59,1.25,2.5
2126,2019-08-22,4.173,2.5,1.615,1.21,2.5
2127,2019-08-23,4.163,2.5,1.536,1.27,2.5
2128,2019-08-26,4.199,2.5,1.536,1.25,2.5
2129,2019-08-27,4.196,2.5,1.473,1.29,2.5
2130,2019-08-28,4.1781,2.5,1.481,1.27,2.5
2131,2019-09-02,4.1983,2.5,1.498,1.22,2.5
2132,2019-09-03,4.1641,2.5,1.458,1.21,2.5
2133,2019-09-04,4.0927,2.5,1.467,1.2,2.51
2134,2019-09-05,4.0808,2.5,1.559,1.13,2.5
2135,2019-09-06,4.0455,2.5,1.561,1.16,2.51
2136,2019-09-09,4.064,2.5,1.645,1.12,2.5
2137,2019-09-10,4.0758,2.5,1.732,1.09,2.51
2138,2019-09-11,4.0462,2.5,1.74,1.1,2.51
2139,2019-09-12,4.0534,2.5,1.772,1.04,2.51
2140,2019-09-13,4.0914,2.5,1.898,1.07,2.5
2141,2019-09-16,4.1539,2.5,1.848,1.12,2.51
2142,2019-09-17,4.1607,2.5,1.803,1.15,2.5
2143,2019-09-18,4.1786,2.5,1.798,1.12,2.5
2144,2019-09-19,4.215,2.5,1.786,1.13,2.51
2145,2019-09-20,4.2102,2.5,1.723,1.15,2.5
2146,2019-09-23,4.1889,2.5,1.728,1.17,2.5
2147,2019-09-24,4.1725,2.5,1.646,1.24,2.5
2148,2019-09-25,4.2104,2.5,1.738,1.21,2.5
2149,2019-09-26,4.25,2.5,1.694,1.24,2.5
2150,2019-09-27,4.2955,2.5,1.683,1.3,2.5
2151,2019-09-30,4.2467,2.5,1.666,1.31,2.5
2152,2019-10-01,4.1848,2.5,1.637,1.39,2.5
2153,2019-10-02,4.2168,2.5,1.6,1.43,2.5
2154,2019-10-03,4.1607,2.5,1.535,1.4,2.5
2155,2019-10-04,4.1236,2.5,1.53,1.34,2.5
2156,2019-10-07,4.0653,2.5,1.56,1.28,2.5
2157,2019-10-09,4.022,2.5,1.585,1.29,2.5
2158,2019-10-10,3.9285,2.5,1.67,1.25,2.5
2159,2019-10-11,4.0036,2.5,1.731,1.22,2.5
2160,2019-10-14,3.98,2.5,1.731,1.22,2.5
2161,2019-10-15,4.0367,2.5,1.773,1.23,2.51
2162,2019-10-16,3.9359,2.5,1.74,1.25,2.5
2163,2019-10-17,3.9246,2.5,1.753,1.26,2.5
2164,2019-10-18,3.9505,2.5,1.755,1.25,2.51
2165,2019-10-21,4.0133,2.5,1.801,1.21,2.5
2166,2019-10-22,4.0579,2.5,1.762,1.23,2.5
2167,2019-10-23,4.0929,2.5,1.765,1.23,2.5
2168,2019-10-24,4.0996,2.5,1.767,1.23,2.58
2169,2019-10-25,4.1385,2.5,1.796,1.2,2.51
2170,2019-10-28,4.1865,2.5,1.843,1.18,2.5
2171,2019-10-29,4.1932,2.5,1.839,1.21,2.5
2172,2019-10-30,4.2505,2.5,1.772,1.28,2.5
2173,2019-11-04,4.1575,2.5,1.778,1.25,2.5
2174,2019-11-05,4.1942,2.5,1.859,1.24,2.5
2175,2019-11-06,4.2193,2.5,1.829,1.27,2.5
2176,2019-11-07,4.2653,2.5,1.918,1.23,2.5
2177,2019-11-08,4.1937,2.25,1.943,1.21,2.26
2178,2019-11-11,4.2135,2.25,1.943,1.21,2.25
2179,2019-11-12,4.2601,2.25,1.936,1.24,2.25
2180,2019-11-13,4.3977,2.25,1.887,1.26,2.25
2181,2019-11-14,4.3578,2.25,1.82,1.28,2.25
2182,2019-11-15,4.2562,2.25,1.832,1.25,2.25
2183,2019-11-18,4.2696,2.25,1.816,1.27,2.25
2184,2019-11-19,4.2219,2.25,1.784,1.31,2.25
2185,2019-11-20,4.2307,2.25,1.747,1.34,2.25
2186,2019-11-21,4.2183,2.25,1.774,1.31,2.25
2187,2019-11-22,4.233,2.25,1.771,1.29,2.25
2188,2019-11-25,4.2008,2.25,1.756,1.29,2.25
2189,2019-11-26,4.1846,2.25,1.742,1.31,2.25
2190,2019-11-27,4.239,2.25,1.767,1.26,2.26
2191,2019-11-28,4.2142,2.25,1.767,1.26,2.26
2192,2019-11-29,4.2664,2.25,1.777,1.26,2.25
2193,2019-12-02,4.2678,2.25,1.82,1.25,2.25
2194,2019-12-03,4.2349,2.25,1.717,1.36,2.26
2195,2019-12-04,4.2119,2.25,1.775,1.28,2.25
2196,2019-12-05,4.2549,2.25,1.811,1.27,2.25
2197,2019-12-06,4.2664,2.25,1.838,1.24,2.25
2198,2019-12-09,4.2305,2.25,1.82,1.23,2.25
2199,2019-12-10,4.1934,2.25,1.842,1.22,2.25
2200,2019-12-11,4.1911,2.25,1.793,1.25,2.25
2201,2019-12-12,4.2121,2.25,1.893,1.14,2.25
2202,2019-12-13,4.1787,2.25,1.823,1.18,2.25
2203,2019-12-16,4.149,2.25,1.872,1.1,2.25
2204,2019-12-17,4.177,2.25,1.881,1.09,2.24
2205,2019-12-18,4.1959,2.25,1.918,1.05,2.25
2206,2019-12-19,4.6092,2.25,1.921,1.08,2.25
2207,2019-12-20,4.5875,2.25,1.918,1.09,2.25
2208,2019-12-23,4.5838,2.25,1.93,1.08,2.25
2209,2019-12-24,4.557,2.25,1.901,1.1,2.25
2210,2019-12-26,4.553,2.25,1.895,1.1,2.25
2211,2019-12-27,4.5644,2.25,1.877,1.12,2.25
2212,2019-12-30,4.6208,2.25,1.88,1.1,2.25
2213,2019-12-31,4.6354,2.25,1.919,1.07,2.25
2214,2020-01-02,4.5598,2.25,1.878,1.1,2.25
2215,2020-01-03,4.5722,2.25,1.789,1.16,2.25
2216,2020-01-06,4.5512,2.25,1.81,1.13,2.25
2217,2020-01-07,4.5319,2.25,1.819,1.12,2.25
2218,2020-01-08,4.5657,2.25,1.875,1.07,2.25
2219,2020-01-09,4.5686,2.25,1.856,1.11,2.25
2220,2020-01-10,4.5471,2.25,1.821,1.12,2.25
2221,2020-01-13,4.5552,2.25,1.847,1.1,2.25
2222,2020-01-14,4.5688,2.25,1.812,1.12,2.25
2223,2020-01-15,4.5623,2.25,1.784,1.13,2.25
2224,2020-01-16,4.5617,2.25,1.808,1.1,2.25
2225,2020-01-17,4.5307,2.25,1.822,1.07,2.24
2226,2020-01-20,4.5141,2.25,1.822,1.07,2.24
2227,2020-01-21,4.4729,2.25,1.775,1.12,2.25
2228,2020-01-22,4.4761,2.25,1.77,1.12,2.25
2229,2020-01-23,4.4761,2.25,1.733,1.16,2.25
2230,2020-01-24,4.4677,2.25,1.685,1.19,2.25
2231,2020-01-27,4.4756,2.25,1.609,1.25,2.25
2232,2020-01-28,4.3942,2.25,1.657,1.21,2.25
2233,2020-01-29,4.3668,2.25,1.585,1.24,2.26
2234,2020-01-30,4.372,2.25,1.586,1.21,2.25
2235,2020-01-31,4.3601,2.25,1.508,1.22,2.25
2236,2020-02-03,4.3029,2.25,1.528,1.24,2.25
2237,2020-02-04,4.3029,2.25,1.6,1.22,2.25
2238,2020-02-05,4.2764,2.25,1.652,1.17,2.25
2239,2020-02-06,4.3124,2.25,1.644,1.16,2.25
2240,2020-02-07,4.3027,2.25,1.584,1.2,2.25
2241,2020-02-10,4.2845,2.25,1.571,1.22,2.25
2242,2020-02-11,4.2873,2.25,1.601,1.18,2.25
2243,2020-02-12,4.2873,2.25,1.634,1.14,2.25
2244,2020-02-13,4.2893,2.25,1.618,1.14,2.25
2245,2020-02-14,4.2721,2.25,1.587,1.15,2.25
2246,2020-02-17,4.2242,2.25,1.587,1.15,2.19
2247,2020-02-18,4.1816,2.25,1.562,1.18,2.24
2248,2020-02-19,4.1899,2.25,1.568,1.15,2.2
2249,2020-02-20,4.2072,2.25,1.516,1.16,2.24
2250,2020-02-21,4.2072,2.25,1.472,1.18,2.25
2251,2020-02-24,4.1439,2.25,1.371,1.23,2.25
2252,2020-02-25,4.1468,2.25,1.354,1.3,2.25
2253,2020-02-26,4.1927,2.25,1.339,1.32,2.25
2254,2020-02-27,4.2349,2.25,1.262,1.39,2.25
2255,2020-02-28,4.5157,2.25,1.15,1.56,2.25
2256,2020-03-02,4.2837,2.25,1.165,1.54,2.25
2257,2020-03-03,4.1779,2.25,1.001,1.53,2.25
2258,2020-03-04,4.0525,2.25,1.054,1.42,2.25
2259,2020-03-05,4.0494,2.25,0.914,1.49,2.25
2260,2020-03-06,4.0952,2.25,0.764,1.68,2.25
2261,2020-03-09,4.2179,2.25,0.543,2.13,2.25
2262,2020-03-10,4.3264,2.25,0.805,1.85,2.25
2263,2020-03-11,4.5106,2.25,0.872,2.05,2.25
2264,2020-03-12,5.214,2.25,0.811,2.31,2.25
2265,2020-03-13,5.2181,2.25,0.964,2.12,2.25
2266,2020-03-16,6.0,2.25,0.721,2.68,2.25
2267,2020-03-17,5.872,2.25,1.082,2.64,2.25
2268,2020-03-18,6.5,2.25,1.195,3.32,2.25
2269,2020-03-19,6.1,2.25,1.144,3.57,2.25
2270,2020-03-20,5.9,1.25,0.848,3.52,1.25
2271,2020-03-23,6.1,1.25,0.789,3.72,1.25
2272,2020-03-24,6.0,1.25,0.85,3.46,1.25
2273,2020-03-25,5.1,1.25,0.87,2.94,1.25
2274,2020-03-26,4.8,1.25,0.849,2.57,1.25
2275,2020-03-27,4.95,1.25,0.679,2.79,1.25
2276,2020-03-30,5.202,1.25,0.729,2.78,1.25
2277,2020-03-31,5.25,1.25,0.67,2.65,1.25
2278,2020-04-01,5.7,1.25,0.584,2.85,1.25
2279,2020-04-02,5.81,1.25,0.599,2.92,1.25
2280,2020-04-03,5.9,1.25,0.597,2.97,1.25
2281,2020-04-06,5.95,1.25,0.672,2.94,1.25
2282,2020-04-07,5.55,1.25,0.714,2.82,1.17
2283,2020-04-08,5.43,1.25,0.773,2.82,1.04
2284,2020-04-13,4.9,0.25,0.774,2.62,0.2
2285,2020-04-14,4.52,0.25,0.754,2.57,0.25
2286,2020-04-15,4.75,0.25,0.632,2.76,0.25
2287,2020-04-16,4.7,0.25,0.628,2.82,0.24
2288,2020-04-17,4.65,0.25,0.643,2.71,0.21
2289,2020-04-20,4.64,0.25,0.607,2.74,0.21
2290,2020-04-21,4.75,0.25,0.571,2.82,0.23
2291,2020-04-22,4.72,0.25,0.621,2.8,0.23
2292,2020-04-23,4.7,0.25,0.603,2.83,0.25
2293,2020-04-24,4.72,0.25,0.602,2.84,0.25
2294,2020-04-27,4.76,0.25,0.661,2.78,0.25
2295,2020-04-28,4.82,0.25,0.614,2.78,0.25
2296,2020-04-29,4.74,0.25,0.628,2.71,0.25
2297,2020-04-30,4.8,0.25,0.64,2.57,0.25
2298,2020-05-04,4.9,0.25,0.636,2.51,0.36
2299,2020-05-05,4.73,0.25,0.663,2.43,0.25
2300,2020-05-06,4.77,0.25,0.704,2.36,0.24
2301,2020-05-07,4.7,0.25,0.642,2.41,0.2
2302,2020-05-08,4.44,0.25,0.685,2.34,0.26
2303,2020-05-11,4.39,0.25,0.711,2.29,0.26
2304,2020-05-12,4.38,0.25,0.666,2.32,0.25
2305,2020-05-13,4.4,0.25,0.653,2.41,0.2
2306,2020-05-14,4.41,0.25,0.623,2.45,0.21
2307,2020-05-15,4.4,0.25,0.644,2.37,0.24
2308,2020-05-18,4.38,0.25,0.727,2.19,0.2
2309,2020-05-19,4.4,0.25,0.69,2.15,0.2
2310,2020-05-20,4.36,0.25,0.681,2.08,0.21
2311,2020-05-21,4.27,0.25,0.673,1.97,0.21
2312,2020-05-22,4.3,0.25,0.66,1.95,0.25
2313,2020-05-25,4.24,0.25,0.66,1.95,0.25
2314,2020-05-26,4.24,0.25,0.698,1.92,0.25
2315,2020-05-27,4.3,0.25,0.683,1.94,0.25
2316,2020-05-28,4.27,0.25,0.692,1.91,0.25
2317,2020-05-29,4.31,0.25,0.653,1.91,0.25
2318,2020-06-01,4.36,0.25,0.66,1.89,0.25
2319,2020-06-02,4.35,0.25,0.686,1.83,0.25
2320,2020-06-03,4.33,0.25,0.747,1.71,0.25
2321,2020-06-04,4.41,0.25,0.825,1.71,0.25
2322,2020-06-05,4.4,0.25,0.896,1.66,0.24
2323,2020-06-08,4.4,0.25,0.876,1.64,0.25
2324,2020-06-09,4.43,0.25,0.826,1.69,0.25
2325,2020-06-10,4.37,0.25,0.728,1.77,0.22
2326,2020-06-11,4.4,0.25,0.671,1.91,0.19
2327,2020-06-12,4.42,0.25,0.705,1.91,0.15
2328,2020-06-15,4.41,0.25,0.722,1.94,0.19
2329,2020-06-16,4.39,0.25,0.754,1.82,0.19
2330,2020-06-17,4.42,0.25,0.739,1.84,0.19
2331,2020-06-18,4.38,0.25,0.709,1.86,0.17
2332,2020-06-19,4.36,0.25,0.695,1.82,0.14
2333,2020-06-22,4.37,0.25,0.709,1.81,0.25
2334,2020-06-23,4.38,0.25,0.713,1.77,0.19
2335,2020-06-24,4.38,0.25,0.68,1.78,0.19
2336,2020-06-25,4.38,0.25,0.686,1.78,0.16
2337,2020-06-26,4.41,0.25,0.642,1.83,0.19
2338,2020-06-30,4.44,0.25,0.657,1.82,0.2
2339,2020-07-01,4.44,0.25,0.677,1.78,0.25
2340,2020-07-02,4.47,0.25,0.67,1.76,0.25
2341,2020-07-03,4.49,0.25,0.67,1.76,0.24
2342,2020-07-06,4.5,0.25,0.678,1.73,0.24
2343,2020-07-07,4.45,0.25,0.641,1.76,0.24
2344,2020-07-08,4.38,0.25,0.665,1.74,0.24
2345,2020-07-09,4.34,0.25,0.614,1.79,0.24
2346,2020-07-10,4.36,0.25,0.646,1.77,0.2
2347,2020-07-13,4.34,0.25,0.619,1.76,0.23
2348,2020-07-14,4.37,0.25,0.624,1.79,0.22
2349,2020-07-15,4.3,0.25,0.631,1.75,0.23
2350,2020-07-16,4.24,0.25,0.618,1.76,0.22
2351,2020-07-17,4.14,0.25,0.627,1.71,0.23
2352,2020-07-20,4.14,0.25,0.612,1.69,0.24
2353,2020-07-21,4.16,0.25,0.602,1.64,0.24
2354,2020-07-22,4.16,0.25,0.599,1.61,0.24
2355,2020-07-23,4.11,0.25,0.579,1.62,0.25
2356,2020-07-24,4.04,0.25,0.59,1.64,0.25
2357,2020-07-27,4.01,0.25,0.616,1.6,0.25
2358,2020-07-29,3.97,0.25,0.576,1.56,0.25
2359,2020-07-30,3.95,0.25,0.548,1.55,0.25
2360,2020-07-31,3.93,0.25,0.529,1.5,0.25
2361,2020-08-03,3.92,0.25,0.556,1.47,0.25
2362,2020-08-04,3.92,0.25,0.508,1.47,0.25
2363,2020-08-05,3.92,0.25,0.549,1.39,0.25
2364,2020-08-06,4.05,0.25,0.537,1.37,0.25
2365,2020-08-07,4.16,0.25,0.565,1.4,0.24
2366,2020-08-10,4.18,0.25,0.577,1.4,0.25
2367,2020-08-11,4.1,0.25,0.642,1.4,0.25
2368,2020-08-12,4.08,0.25,0.671,1.42,0.16
2369,2020-08-13,4.08,0.25,0.716,1.39,0.23
2370,2020-08-14,4.08,0.25,0.709,1.43,0.23
2371,2020-08-17,4.08,0.25,0.683,1.46,0.25
2372,2020-08-18,4.08,0.25,0.669,1.48,0.25
2373,2020-08-19,4.08,0.25,0.676,1.47,0.25
2374,2020-08-20,4.09,0.25,0.644,1.51,0.25
2375,2020-08-21,4.12,0.25,0.64,1.52,0.25
2376,2020-08-24,4.11,0.25,0.682,1.49,0.25
2377,2020-08-25,4.14,0.25,0.687,1.49,0.25
2378,2020-08-26,4.11,0.25,0.687,1.49,0.25
2379,2020-08-27,4.09,0.25,0.746,1.5,0.25
2380,2020-08-28,4.03,0.25,0.729,1.48,0.25
2381,2020-08-31,3.99,0.25,0.671,1.51,0.25
2382,2020-09-01,4.02,0.25,0.671,1.5,0.25
2383,2020-09-02,4.07,0.25,0.651,1.5,0.25
2384,2020-09-03,4.12,0.25,0.622,1.53,0.25
2385,2020-09-04,4.17,0.25,0.721,1.46,0.25
2386,2020-09-07,4.2,0.25,0.723,1.46,0.25
2387,2020-09-08,4.13,0.25,0.684,1.5,0.09
2388,2020-09-09,4.05,0.25,0.703,1.48,0.22
2389,2020-09-10,4.12,0.25,0.684,1.51,0.21
2390,2020-09-11,4.2,0.25,0.667,1.58,0.25
2391,2020-09-14,4.17,0.25,0.669,1.58,0.25
2392,2020-09-15,4.16,0.25,0.68,1.56,0.25
2393,2020-09-16,4.19,0.25,0.687,1.55,0.25
2394,2020-09-17,4.16,0.25,0.682,1.58,0.25
2395,2020-09-18,4.16,0.25,0.694,1.58,0.25
2396,2020-09-21,4.2,0.25,0.671,1.66,0.25
2397,2020-09-22,4.28,0.25,0.676,1.73,0.25
2398,2020-09-23,4.34,0.25,0.676,1.83,0.25
2399,2020-09-24,4.3,0.25,0.668,1.81,0.25
2400,2020-09-25,4.23,0.25,0.659,1.75,0.25
2401,2020-09-28,4.27,0.25,0.663,1.71,0.25
2402,2020-09-29,4.24,0.25,0.651,1.73,0.25
2403,2020-09-30,4.33,0.25,0.686,1.73,0.25
2404,2020-10-01,4.3,0.25,0.679,1.71,0.25
2405,2020-10-02,4.32,0.25,0.704,1.67,0.25
2406,2020-10-05,4.27,0.25,0.778,1.6,0.25
2407,2020-10-06,4.25,0.25,0.74,1.62,0.25
2408,2020-10-07,4.22,0.25,0.784,1.55,0.25
2409,2020-10-08,4.1,0.25,0.779,1.49,0.25
2410,2020-10-09,4.04,0.25,0.779,1.45,0.25
2411,2020-10-12,4.08,0.25,0.764,1.45,0.25
2412,2020-10-13,4.15,0.25,0.729,1.47,0.25
2413,2020-10-14,4.12,0.25,0.727,1.45,0.25
2414,2020-10-15,4.15,0.25,0.739,1.42,0.25
2415,2020-10-16,4.17,0.25,0.749,1.41,0.25
2416,2020-10-19,4.19,0.25,0.772,1.42,0.25
2417,2020-10-20,4.27,0.25,0.792,1.42,0.25
2418,2020-10-21,4.34,0.25,0.821,1.45,0.25
2419,2020-10-22,4.3,0.25,0.861,1.46,0.25
2420,2020-10-23,4.21,0.25,0.841,1.49,0.25
2421,2020-10-26,4.21,0.25,0.803,1.51,0.25
2422,2020-10-27,4.17,0.25,0.771,1.49,0.25
2423,2020-10-28,4.24,0.25,0.774,1.52,0.25
2424,2020-10-29,4.2,0.25,0.831,1.5,0.25
2425,2020-10-30,4.22,0.25,0.874,1.49,0.25
2426,2020-11-02,4.17,0.25,0.852,1.5,0.25
2427,2020-11-03,4.05,0.25,0.896,1.46,0.25
2428,2020-11-04,4.0,0.25,0.771,1.45,0.25
2429,2020-11-05,3.85,0.25,0.766,1.43,0.25
2430,2020-11-06,3.94,0.25,0.82,1.46,0.25
2431,2020-11-09,3.94,0.25,0.924,1.37,0.25
2432,2020-11-10,4.0,0.25,0.96,1.44,0.25
2433,2020-11-11,4.08,0.25,0.977,1.44,0.25
2434,2020-11-12,4.09,0.25,0.883,1.42,0.25
2435,2020-11-13,4.16,0.25,0.898,1.42,0.25
2436,2020-11-16,4.24,0.25,0.911,1.47,0.25
2437,2020-11-17,4.07,0.25,0.862,1.44,0.25
2438,2020-11-18,4.0537,0.25,0.87,1.43,0.25
2439,2020-11-19,4.0657,0.25,0.842,1.44,0.25
2440,2020-11-20,4.02,0.25,0.824,1.42,0.25
2441,2020-11-23,4.0,0.25,0.859,1.49,0.25
2442,2020-11-24,3.9501,0.25,0.885,1.51,0.25
2443,2020-11-25,3.9356,0.25,0.882,1.54,0.25
2444,2020-11-26,3.8817,0.25,0.859,1.54,0.25
2445,2020-11-27,3.9,0.25,0.842,1.59,0.25
2446,2020-11-30,3.9078,0.25,0.842,1.61,0.25
2447,2020-12-01,3.9227,0.25,0.929,1.52,0.25
2448,2020-12-02,3.9028,0.25,0.938,1.49,0.25
2449,2020-12-03,3.87,0.25,0.911,1.51,0.25
2450,2020-12-04,3.81,0.25,0.973,1.48,0.25
2451,2020-12-07,3.763,0.25,0.928,1.52,0.25
2452,2020-12-09,3.72,0.25,0.938,1.51,0.25
2453,2020-12-10,3.69,0.25,0.906,1.54,0.25
2454,2020-12-11,3.67,0.25,0.896,1.55,0.25
2455,2020-12-14,3.66,0.25,0.898,1.52,0.25
2456,2020-12-15,3.57,0.25,0.911,1.44,0.25
2457,2020-12-16,3.56,0.25,0.92,1.41,0.25
2458,2020-12-17,3.52,0.25,0.935,1.37,0.25
2459,2020-12-18,3.5,0.25,0.945,1.35,0.25
2460,2020-12-21,3.51,0.25,0.938,1.37,0.25
2461,2020-12-22,3.55,0.25,0.921,1.37,0.25
2462,2020-12-23,3.51,0.25,0.945,1.34,0.25
2463,2020-12-24,3.512,0.25,0.926,1.37,0.25
2464,2020-12-28,3.514,0.25,0.923,1.36,0.25
2465,2020-12-29,3.511,0.25,0.94,1.35,0.25
2466,2020-12-30,3.52,0.25,0.926,1.36,0.25
2467,2020-12-31,3.5,0.25,0.916,1.32,0.25
2468,2021-01-04,3.49,0.25,0.918,1.31,0.25
2469,2021-01-05,3.51,0.25,0.955,1.3,0.25
2470,2021-01-06,3.61,0.25,1.039,1.28,0.25
2471,2021-01-07,3.64,0.25,1.081,1.28,0.25
2472,2021-01-08,3.65,0.25,1.119,1.25,0.25
2473,2021-01-11,3.7,0.25,1.144,1.29,0.25
2474,2021-01-12,3.62,0.25,1.129,1.38,0.25
2475,2021-01-13,3.58,0.25,1.092,1.35,0.25
2476,2021-01-14,3.59,0.25,1.129,1.31,0.25
2477,2021-01-15,3.62,0.25,1.087,1.34,0.25
2478,2021-01-18,3.64,0.25,1.1,1.34,0.25
2479,2021-01-19,3.66,0.25,1.092,1.34,0.25
2480,2021-01-20,3.67,0.25,1.077,1.34,0.25
2481,2021-01-21,3.68,0.25,1.109,1.33,0.25
2482,2021-01-22,3.72,0.25,1.086,1.31,0.25
2483,2021-01-25,3.73,0.25,1.033,1.33,0.25
2484,2021-01-26,3.78,0.25,1.033,1.32,0.25
2485,2021-01-27,3.88,0.25,1.013,1.33,0.25
2486,2021-01-28,3.73,0.25,1.052,1.31,0.25
2487,2021-01-29,3.66,0.25,1.071,1.28,0.25
2488,2021-02-01,3.71,0.25,1.079,1.31,0.25
2489,2021-02-02,3.74,0.25,1.095,1.3,0.25
2490,2021-02-03,3.77,0.25,1.139,1.32,0.25
2491,2021-02-04,3.78,0.25,1.136,1.37,0.25
2492,2021-02-05,3.77,0.25,1.169,1.35,0.25
2493,2021-02-08,3.77,0.25,1.176,1.36,0.25
2494,2021-02-09,3.76,0.25,1.16,1.35,0.25
2495,2021-02-10,3.73,0.25,1.124,1.37,0.25
2496,2021-02-11,3.75,0.25,1.165,1.34,0.25
2497,2021-02-12,3.77,0.25,1.21,1.33,0.25
2498,2021-02-15,3.79,0.25,1.25,1.33,0.25
2499,2021-02-16,3.87,0.25,1.311,1.36,0.25
2500,2021-02-17,3.89,0.25,1.282,1.36,0.25
2501,2021-02-18,3.99,0.25,1.297,1.38,0.25
2502,2021-02-19,4.11,0.25,1.34,1.37,0.25
2503,2021-02-22,4.21,0.25,1.369,1.41,0.25
2504,2021-02-23,4.15,0.25,1.343,1.45,0.25
2505,2021-02-24,4.15,0.25,1.372,1.45,0.25
2506,2021-02-25,4.29,0.25,1.53,1.47,0.25
2507,2021-02-26,4.23,0.25,1.407,1.64,0.25
2508,2021-03-01,4.27,0.25,1.426,1.59,0.25
2509,2021-03-02,4.42,0.25,1.398,1.65,0.25
2510,2021-03-03,4.57,0.25,1.484,1.66,0.25
2511,2021-03-04,4.75,0.25,1.557,1.7,0.25
2512,2021-03-05,4.76,0.25,1.577,1.78,0.25
2513,2021-03-08,4.9,0.25,1.603,1.85,0.25
2514,2021-03-09,4.79,0.25,1.528,1.84,0.25
2515,2021-03-10,4.7,0.25,1.521,1.8,0.25
2516,2021-03-11,4.56,0.25,1.535,1.73,0.25
2517,2021-03-12,4.7,0.25,1.625,1.66,0.25
2518,2021-03-15,4.68,0.25,1.607,1.66,0.25
2519,2021-03-16,4.7,0.25,1.621,1.6,0.25
2520,2021-03-17,4.68,0.25,1.646,1.59,0.25
2521,2021-03-18,4.66,0.25,1.706,1.57,0.25
2522,2021-03-19,4.6,0.25,1.73,1.56,0.25
2523,2021-03-22,4.54,0.25,1.695,1.6,0.25
2524,2021-03-23,4.62,0.25,1.622,1.61,0.25
2525,2021-03-24,4.68,0.25,1.614,1.61,0.25
2526,2021-03-25,4.71,0.25,1.633,1.62,0.25
2527,2021-03-26,4.73,0.25,1.674,1.6,0.25
2528,2021-03-29,4.8,0.25,1.717,1.56,0.25
2529,2021-03-30,4.99,0.25,1.71,1.61,0.25
2530,2021-03-31,4.97,0.25,1.744,1.52,0.25
2531,2021-04-05,4.91,0.25,1.707,1.48,0.25
2532,2021-04-06,4.79,0.25,1.658,1.48,0.25
2533,2021-04-07,4.78,0.25,1.679,1.49,0.25
2534,2021-04-08,4.74,0.25,1.626,1.51,0.25
2535,2021-04-09,4.81,0.25,1.662,1.52,0.25
2536,2021-04-12,4.8,0.25,1.669,1.59,0.25
2537,2021-04-13,4.78,0.25,1.62,1.64,0.25
2538,2021-04-14,4.88,0.25,1.634,1.6,0.25
2539,2021-04-15,4.87,0.25,1.574,1.61,0.25
2540,2021-04-16,4.89,0.25,1.5904,1.57,0.25
2541,2021-04-19,5.02,0.25,1.61,1.64,0.25
2542,2021-04-20,5.06,0.25,1.566,1.75,0.25
2543,2021-04-21,5.16,0.25,1.559,1.81,0.25
2544,2021-04-22,5.36,0.25,1.5416,1.88,0.25
2545,2021-04-23,5.42,0.25,1.5595,1.8,0.25
2546,2021-04-26,5.65,0.25,1.572,1.85,0.25
2547,2021-04-27,5.61,0.25,1.622,1.81,0.25
2548,2021-04-28,5.47,0.25,1.613,1.77,0.25
2549,2021-04-29,5.4,0.25,1.643,1.7,0.25
2550,2021-04-30,5.4,0.25,1.626,1.65,0.25
2551,2021-05-03,5.43,0.25,1.599,1.64,0.25
2552,2021-05-04,5.39,0.25,1.594,1.67,0.25
2553,2021-05-05,5.31,0.25,1.578,1.75,0.25
2554,2021-05-06,5.12,0.25,1.57,1.74,0.25
2555,2021-05-07,5.05,0.25,1.579,1.64,0.25
2556,2021-05-10,4.88,0.25,1.604,1.59,0.25
2557,2021-05-11,4.89,0.25,1.622,1.58,0.25
2558,2021-05-12,4.92,0.25,1.693,1.57,0.25
2559,2021-05-13,4.79,0.25,1.659,1.55,0.25
2560,2021-05-14,4.8,0.25,1.635,1.54,0.25
2561,2021-05-17,4.89,0.25,1.652,1.53,0.25
2562,2021-05-18,4.95,0.25,1.64,1.52,0.25
2563,2021-05-19,4.99,0.25,1.676,1.55,0.25
2564,2021-05-20,4.97,0.25,1.628,1.59,0.25
2565,2021-05-21,4.85,0.25,1.623,1.64,0.25
2566,2021-05-24,4.98,0.25,1.603,1.72,0.25
2567,2021-05-25,4.98,0.25,1.56,1.74,0.25
2568,2021-05-26,5.08,0.25,1.581,1.71,0.25
2569,2021-05-27,4.93,0.25,1.606,1.7,0.25
2570,2021-05-28,4.82,0.25,1.581,1.69,0.25
2571,2021-05-31,4.77,0.25,1.61,1.69,0.25
2572,2021-06-01,4.85,0.25,1.606,1.67,0.25
2573,2021-06-02,4.89,0.25,1.589,1.67,0.25
2574,2021-06-03,4.84,0.25,1.625,1.65,0.25
2575,2021-06-04,4.68,0.25,1.557,1.67,0.25
2576,2021-06-07,5.0,0.25,1.569,1.8,0.25
2577,2021-06-08,4.92,0.25,1.538,1.76,0.25
2578,2021-06-09,5.15,0.25,1.492,1.72,0.25
2579,2021-06-10,5.08,0.25,1.437,1.74,0.25
2580,2021-06-11,5.15,0.25,1.454,1.7,0.25
2581,2021-06-14,5.3,0.25,1.497,1.69,0.25
2582,2021-06-15,5.4,0.25,1.489,1.69,0.25
2583,2021-06-16,5.41,0.25,1.581,1.69,0.25
2584,2021-06-17,5.423,0.25,1.511,1.7,0.25
2585,2021-06-18,5.55,0.25,1.443,1.74,0.25
2586,2021-06-21,5.765,0.25,1.495,1.74,0.25
2587,2021-06-22,5.68,0.25,1.467,1.7,0.25
2588,2021-06-23,5.72,0.25,1.485,1.68,0.25
2589,2021-06-24,5.64,0.25,1.499,1.67,0.25
2590,2021-06-25,5.57,0.25,1.524,1.63,0.25
2591,2021-06-30,5.37,0.25,1.468,1.63,0.25
2592,2021-07-01,5.41,0.25,1.459,1.63,0.25
2593,2021-07-02,5.5,0.25,1.431,1.66,0.25
2594,2021-07-05,5.614,0.25,1.436,1.66,0.25
2595,2021-07-06,5.62,0.25,1.352,1.66,0.25
2596,2021-07-07,5.8,0.25,1.323,1.67,0.25
2597,2021-07-08,5.75,0.25,1.294,1.67,0.25
2598,2021-07-09,5.85,0.25,1.361,1.63,0.25
2599,2021-07-13,5.85,0.25,1.418,1.6,0.25
2600,2021-07-14,5.75,0.25,1.349,1.61,0.25
2601,2021-07-15,5.67,0.25,1.301,1.65,0.25
2602,2021-07-16,5.56,0.25,1.3,1.63,0.25
2603,2021-07-19,5.65,0.25,1.199,1.71,0.25
2604,2021-07-20,5.62,0.25,1.222,1.69,0.25
2605,2021-07-21,5.55,0.25,1.292,1.69,0.25
2606,2021-07-22,5.41,0.25,1.277,1.73,0.25
2607,2021-07-23,5.46,0.25,1.281,1.72,0.25
2608,2021-07-26,5.38,0.25,1.295,1.73,0.25
2609,2021-07-27,5.47,0.25,1.239,1.79,0.25
2610,2021-07-30,6.45,0.25,1.226,1.97,0.25
2611,2021-08-02,6.05,0.25,1.179,1.93,0.25
2612,2021-08-03,5.87,0.25,1.174,1.87,0.25
2613,2021-08-04,6.04,0.25,1.18,1.86,0.25
2614,2021-08-05,6.09,0.25,1.225,1.82,0.25
2615,2021-08-06,6.34,0.25,1.305,1.79,0.25
2616,2021-08-09,6.45,0.25,1.325,1.79,0.25
2617,2021-08-10,6.36,0.25,1.354,1.83,0.25
2618,2021-08-11,6.4,0.25,1.335,1.84,0.25
2619,2021-08-12,6.5,0.25,1.361,1.83,0.25
2620,2021-08-13,6.38,0.5,1.283,1.88,0.5
2621,2021-08-16,6.45,0.5,1.268,1.89,0.5
2622,2021-08-17,6.49,0.5,1.267,1.88,0.5
2623,2021-08-18,6.48,0.5,1.26,1.87,0.5
2624,2021-08-19,6.66,0.5,1.243,1.87,0.5
2625,2021-08-20,6.8,0.5,1.255,1.85,0.5
2626,2021-08-23,6.69,0.5,1.253,1.85,0.5
2627,2021-08-24,6.44,0.5,1.297,1.79,0.5
2628,2021-08-25,6.49,0.5,1.349,1.74,0.5
2629,2021-08-26,6.3,0.5,1.354,1.78,0.5
2630,2021-08-27,6.09,0.5,1.31,1.78,0.5
2631,2021-08-31,6.09,0.5,1.307,1.75,0.5
2632,2021-09-01,6.15,0.5,1.299,1.75,0.5
2633,2021-09-02,6.26,0.5,1.285,1.78,0.5
2634,2021-09-03,6.25,0.5,1.326,1.75,0.5
2635,2021-09-06,6.25,0.5,1.336,1.75,0.5
2636,2021-09-07,6.3,0.5,1.377,1.71,0.5
2637,2021-09-08,6.4,0.5,1.336,1.74,0.5
2638,2021-09-09,6.4,0.5,1.297,1.75,0.5
2639,2021-09-10,6.46,1.0,1.343,1.72,1.0
2640,2021-09-13,6.43,1.0,1.326,1.74,1.0
2641,2021-09-14,6.37,1.0,1.284,1.78,1.0
2642,2021-09-15,6.43,1.0,1.304,1.74,1.0
2643,2021-09-16,6.4,1.0,1.336,1.72,1.0
2644,2021-09-17,6.36,1.0,1.363,1.69,1.0
2645,2021-09-20,6.3,1.0,1.312,1.77,1.0
2646,2021-09-21,6.27,1.0,1.328,1.75,1.0
2647,2021-09-22,6.27,1.0,1.304,1.75,1.0
2648,2021-09-23,6.27,1.0,1.435,1.69,1.0
2649,2021-09-24,6.3,1.0,1.453,1.7,1.0
2650,2021-09-27,6.38,1.0,1.491,1.72,1.0
2651,2021-09-28,6.41,1.0,1.546,1.73,1.0
2652,2021-09-29,6.43,1.0,1.524,1.75,1.0
2653,2021-09-30,6.44,1.0,1.492,1.8,1.0
2654,2021-10-01,6.37,1.0,1.465,1.86,1.0
2655,2021-10-04,6.33,1.0,1.481,1.86,1.0
2656,2021-10-05,6.18,1.0,1.536,1.83,1.0
2657,2021-10-06,6.14,1.0,1.528,1.85,1.0
2658,2021-10-07,5.92,1.0,1.576,1.73,1.0
2659,2021-10-11,5.95,1.5,1.628,1.71,1.5
2660,2021-10-12,5.76,1.5,1.572,1.74,1.5
2661,2021-10-13,5.78,1.5,1.542,1.73,1.5
2662,2021-10-14,5.71,1.5,1.516,1.7,1.5
2663,2021-10-15,5.83,1.5,1.574,1.7,1.5
2664,2021-10-18,5.95,1.5,1.591,1.72,1.5
2665,2021-10-19,5.9,1.5,1.641,1.65,1.5
2666,2021-10-20,5.92,1.5,1.66,1.62,1.5
2667,2021-10-21,5.94,1.5,1.696,1.61,1.5
2668,2021-10-22,5.88,1.5,1.638,1.61,1.5
2669,2021-10-25,5.88,1.5,1.633,1.59,1.5
2670,2021-10-26,5.95,1.5,1.61,1.64,1.5
2671,2021-10-27,5.95,1.5,1.55,1.66,1.5
2672,2021-10-28,5.83,1.5,1.578,1.71,1.5
2673,2021-10-29,5.82,1.5,1.561,1.81,1.5
2674,2021-11-02,5.82,1.5,1.547,1.83,1.5
2675,2021-11-03,5.9,1.5,1.603,1.75,1.5
2676,2021-11-04,5.84,1.5,1.53,1.79,1.5
2677,2021-11-05,5.73,1.5,1.455,1.82,1.5
2678,2021-11-08,5.74,1.5,1.493,1.73,1.5
2679,2021-11-09,5.8,1.5,1.439,1.76,1.5
2680,2021-11-10,5.87,1.5,1.57,1.72,1.5
2681,2021-11-11,5.85,1.5,1.578,1.72,1.5
2682,2021-11-12,5.85,2.0,1.57,1.73,2.0
2683,2021-11-15,5.8,2.0,1.618,1.71,2.0
2684,2021-11-16,5.87,2.0,1.64,1.71,2.0
2685,2021-11-17,5.83,2.0,1.585,1.74,2.0
2686,2021-11-18,5.87,2.0,1.587,1.74,2.0
2687,2021-11-19,5.86,2.0,1.548,1.77,2.0
2688,2021-11-22,5.9,2.0,1.632,1.74,2.0
2689,2021-11-23,5.97,2.0,1.676,1.78,2.0
2690,2021-11-24,5.97,2.0,1.643,1.84,2.0
2691,2021-11-25,5.96,2.0,1.596,1.84,2.0
2692,2021-11-26,5.88,2.0,1.482,2.03,2.0
2693,2021-11-29,5.92,2.0,1.502,1.96,2.0
2694,2021-11-30,5.95,2.0,1.456,1.94,2.0
2695,2021-12-01,5.98,2.0,1.404,1.88,2.0
2696,2021-12-02,5.98,2.0,1.444,1.85,2.0
2697,2021-12-03,5.98,2.0,1.356,1.91,2.0
2698,2021-12-06,5.96,2.0,1.433,1.84,2.0
2699,2021-12-07,5.91,2.0,1.482,1.75,2.0
2700,2021-12-09,5.93,2.0,1.497,1.69,2.0
2701,2021-12-10,5.89,2.5,1.482,1.69,2.5
2702,2021-12-13,5.88,2.5,1.414,1.73,2.5
2703,2021-12-14,5.89,2.5,1.441,1.71,2.5
2704,2021-12-15,5.91,2.5,1.458,1.7,2.5
2705,2021-12-16,5.9,2.5,1.424,1.73,2.5
2706,2021-12-17,5.92,2.5,1.407,1.74,2.5
2707,2021-12-20,5.95,2.5,1.428,1.75,2.5
2708,2021-12-21,6.0,2.5,1.467,1.73,2.5
2709,2021-12-22,5.97,2.5,1.453,1.76,2.5
2710,2021-12-23,5.94,2.5,1.493,1.72,2.5
2711,2021-12-24,5.92,2.5,1.493,1.72,2.5
2712,2021-12-27,5.89,2.5,1.477,1.73,2.5
2713,2021-12-28,5.86,2.5,1.484,1.71,2.5
2714,2021-12-29,5.9,2.5,1.556,1.66,2.5
2715,2021-12-30,5.934,2.5,1.507,1.69,2.5
2716,2021-12-31,5.87,2.5,1.512,1.7,2.5
2717,2022-01-03,5.944,2.5,1.637,1.62,2.5
2718,2022-01-04,5.96,2.5,1.649,1.65,2.5
2719,2022-01-05,6.0,2.5,1.7,1.67,2.5
2720,2022-01-06,6.02,2.5,1.728,1.76,2.5
2721,2022-01-07,6.05,3.0,1.765,1.77,3.0
2722,2022-01-10,6.12,3.0,1.755,1.8,3.0
2723,2022-01-11,6.05,3.0,1.746,1.81,3.0
2724,2022-01-12,6.04,3.0,1.752,1.79,3.0
2725,2022-01-13,6.07,3.0,1.701,1.8,3.0
2726,2022-01-14,6.12,3.0,1.793,1.76,3.0
2727,2022-01-17,6.13,3.0,1.809,1.76,3.0
2728,2022-01-18,6.192,3.0,1.875,1.77,3.0
2729,2022-01-19,6.16,3.0,1.854,1.77,3.0
2730,2022-01-20,6.09,3.0,1.811,1.75,3.0
2731,2022-01-21,6.04,3.0,1.77,1.8,3.0
2732,2022-01-24,6.08,3.0,1.776,1.79,3.0
2733,2022-01-25,6.08,3.0,1.776,1.77,3.0
2734,2022-01-26,6.08,3.0,1.873,1.74,3.0
2735,2022-01-27,6.1,3.0,1.803,1.82,3.0
2736,2022-01-28,6.11,3.0,1.778,1.86,3.0
2737,2022-01-31,6.13,3.0,1.784,1.86,3.0
2738,2022-02-01,6.15,3.0,1.795,1.91,3.02
2739,2022-02-02,6.08,3.0,1.771,1.9,3.0
2740,2022-02-03,6.08,3.0,1.836,1.86,3.0
2741,2022-02-04,6.1,3.0,1.916,1.86,3.01
2742,2022-02-07,6.12,3.0,1.919,1.92,3.0
2743,2022-02-08,6.07,3.0,1.965,1.92,3.0
2744,2022-02-09,6.04,3.0,1.945,1.9,3.0
2745,2022-02-10,6.1,3.0,2.043,1.88,3.0
2746,2022-02-11,6.08,3.5,1.918,2.04,3.5
2747,2022-02-14,6.08,3.5,1.986,2.0,3.5
2748,2022-02-15,6.1,3.5,2.043,1.92,3.5
2749,2022-02-16,6.06,3.5,2.04,1.94,3.5
2750,2022-02-17,6.0,3.5,1.968,1.98,3.5
2751,2022-02-18,6.03,3.5,1.927,2.03,3.5
2752,2022-02-21,6.05,3.5,1.873,2.03,3.5
2753,2022-02-22,6.0,3.5,1.944,2.07,3.5
2754,2022-02-23,6.0,3.5,1.998,2.1,3.5
2755,2022-02-24,6.04,3.5,1.97,2.11,3.5
2756,2022-02-25,6.07,3.5,1.97,2.05,3.5
2757,2022-02-28,6.17,3.5,1.822,2.13,3.52
2758,2022-03-01,6.22,3.5,1.716,2.12,3.58
2759,2022-03-02,6.26,3.5,1.878,2.07,3.58
2760,2022-03-03,6.33,3.5,1.84,2.11,3.58
2761,2022-03-04,6.45,3.5,1.737,2.24,3.73
2762,2022-03-07,6.64,3.5,1.777,2.26,3.65
2763,2022-03-08,6.67,3.5,1.84,2.25,3.61
2764,2022-03-09,6.65,3.5,1.951,2.17,3.55
2765,2022-03-10,6.72,3.5,1.993,2.14,3.7
2766,2022-03-11,6.65,4.0,1.997,2.11,4.0
2767,2022-03-14,6.72,4.0,2.142,2.06,4.0
2768,2022-03-15,6.67,4.0,2.149,2.07,4.0
2769,2022-03-16,6.63,4.0,2.192,2.07,4.0
2770,2022-03-17,6.56,4.0,2.167,1.94,4.0
2771,2022-03-18,6.52,4.0,2.153,1.93,4.0
2772,2022-03-21,6.57,4.0,2.297,1.9,4.0
2773,2022-03-22,6.61,4.0,2.381,1.9,4.0
2774,2022-03-23,6.61,4.0,2.29,1.99,4.0
2775,2022-03-24,6.75,4.0,2.37,1.92,4.0
2776,2022-03-25,6.9,4.0,2.488,1.83,4.0
2777,2022-03-28,6.81,4.0,2.466,1.84,4.0
2778,2022-03-29,6.65,4.0,2.398,1.79,4.11
2779,2022-03-30,6.61,4.0,2.358,1.75,4.0
2780,2022-03-31,6.55,4.0,2.345,1.71,4.0
2781,2022-04-01,6.72,4.0,2.389,1.72,4.14
2782,2022-04-04,6.79,4.0,2.393,1.66,4.09
2783,2022-04-05,6.86,4.0,2.554,1.65,4.19
2784,2022-04-06,6.94,4.0,2.596,1.65,4.3
2785,2022-04-07,6.93,4.0,2.665,1.8,4.28
2786,2022-04-08,6.98,4.5,2.704,1.91,4.51
2787,2022-04-11,7.08,4.5,2.774,1.97,4.5
2788,2022-04-12,7.2,4.5,2.727,1.95,4.5
2789,2022-04-13,7.29,4.5,2.703,1.89,4.5
2790,2022-04-18,7.39,4.5,2.857,1.83,4.5
2791,2022-04-19,7.48,4.5,2.94,1.85,4.5
2792,2022-04-20,7.56,4.5,2.834,1.93,4.5
2793,2022-04-21,7.67,4.5,2.908,1.98,4.59
2794,2022-04-22,7.75,4.5,2.905,2.03,4.82
2795,2022-04-25,8.0,4.5,2.818,2.07,4.62
2796,2022-04-26,8.06,4.5,2.738,2.09,4.61
2797,2022-04-27,7.8,4.5,2.826,2.07,4.5
2798,2022-04-28,7.72,4.5,2.82,2.15,4.5
2799,2022-04-29,7.87,4.5,2.938,2.18,4.5
2800,2022-05-02,8.0,4.5,2.987,2.28,4.79
2801,2022-05-03,7.94,4.5,2.975,2.23,4.8
2802,2022-05-04,7.94,4.5,2.946,2.22,4.91
2803,2022-05-05,8.16,4.5,3.052,2.14,4.99
2804,2022-05-06,8.41,4.5,3.142,2.11,5.0
2805,2022-05-09,8.4,4.5,3.034,2.27,4.5
2806,2022-05-10,8.24,4.5,2.989,2.24,4.5
2807,2022-05-11,8.16,4.5,2.925,2.24,4.5
2808,2022-05-12,8.06,4.5,2.855,2.24,4.5
2809,2022-05-13,8.0,5.0,2.928,2.16,5.0
2810,2022-05-16,7.91,5.0,2.886,2.17,5.0
2811,2022-05-17,7.99,5.0,2.995,2.13,5.0
2812,2022-05-18,8.0,5.0,2.884,2.26,5.0
2813,2022-05-19,7.93,5.0,2.837,2.24,5.0
2814,2022-05-20,7.88,5.0,2.788,2.28,5.02
2815,2022-05-23,7.86,5.0,2.861,2.2,5.0
2816,2022-05-24,7.73,5.0,2.754,2.25,5.0
2817,2022-05-25,7.58,5.0,2.751,2.16,5.0
2818,2022-05-26,7.5,5.0,2.742,2.1,5.0
2819,2022-05-27,7.48,5.0,2.743,2.0,4.97
2820,2022-05-30,7.51,5.0,2.812,2.0,5.29
2821,2022-05-31,7.64,5.0,2.862,1.94,5.35
2822,2022-06-01,7.63,5.0,2.911,1.92,5.14
2823,2022-06-02,7.7,5.0,2.913,1.95,5.0
2824,2022-06-03,7.73,5.0,2.941,1.97,5.0
2825,2022-06-06,7.85,5.0,3.04,1.96,5.0
2826,2022-06-07,7.77,5.0,2.979,1.98,5.0
2827,2022-06-08,7.83,5.0,3.027,1.97,5.0
2828,2022-06-09,7.85,5.0,3.046,2.01,4.99
2829,2022-06-10,7.92,5.5,3.165,2.01,4.59
2830,2022-06-13,8.08,5.5,3.362,2.14,5.05
2831,2022-06-14,8.12,5.5,3.479,2.11,5.5
2832,2022-06-15,8.05,5.5,3.292,2.15,5.5
2833,2022-06-16,7.92,5.5,3.195,2.23,5.5
2834,2022-06-17,7.88,5.5,3.231,2.23,5.5
2835,2022-06-20,7.8,5.5,3.277,2.23,5.5
2836,2022-06-21,7.85,5.5,3.279,2.18,5.5
2837,2022-06-22,7.88,5.5,3.16,2.26,5.5
2838,2022-06-23,7.78,5.5,3.089,2.23,5.5
2839,2022-06-24,7.83,5.5,3.138,2.2,5.5
2840,2022-06-27,7.85,5.5,3.202,2.19,5.5
2841,2022-06-28,7.84,5.5,3.177,2.33,5.5
2842,2022-06-30,7.858,5.5,3.017,2.35,5.5
2843,2022-07-01,7.82,5.5,2.889,2.35,5.5
2844,2022-07-04,7.83,5.5,2.932,2.35,5.5
2845,2022-07-05,7.8,5.5,2.818,2.38,5.5
2846,2022-07-06,7.7,5.5,2.934,2.28,5.48
2847,2022-07-07,7.92,5.5,3.0,2.23,5.47
2848,2022-07-08,8.1,6.0,3.08,2.22,5.98
2849,2022-07-11,8.18,6.0,2.993,2.32,6.0
2850,2022-07-12,8.42,6.0,2.971,2.4,6.0
2851,2022-07-13,8.39,6.0,2.935,2.46,6.0
2852,2022-07-14,8.45,6.0,2.958,2.5,6.0
2853,2022-07-15,8.44,6.0,2.928,2.52,6.0
2854,2022-07-18,8.49,6.0,2.989,2.45,6.06
2855,2022-07-19,8.57,6.0,3.028,2.38,6.01
2856,2022-07-20,8.55,6.0,3.03,2.34,6.0
2857,2022-07-21,8.49,6.0,2.882,2.42,6.0
2858,2022-07-22,8.34,6.0,2.754,2.42,6.0
2859,2022-07-25,8.19,6.0,2.807,2.36,6.0
2860,2022-07-26,8.19,6.0,2.803,2.33,6.0
2861,2022-07-27,8.24,6.0,2.785,2.28,6.06
2862,2022-08-01,8.0,6.0,2.568,2.23,6.04
2863,2022-08-02,8.0,6.0,2.747,2.15,6.0
2864,2022-08-03,8.01,6.0,2.706,2.22,6.0
2865,2022-08-04,7.89,6.0,2.694,2.13,6.0
2866,2022-08-05,7.98,6.0,2.827,2.09,6.2
2867,2022-08-08,7.9,6.0,2.752,2.1,6.46
2868,2022-08-09,7.91,6.0,2.786,2.15,6.15
2869,2022-08-10,7.83,6.0,2.785,2.04,6.01
2870,2022-08-11,7.86,6.0,2.889,1.95,6.0
2871,2022-08-12,7.82,6.5,2.842,2.0,6.5
2872,2022-08-15,7.74,6.5,2.793,2.01,5.83
2873,2022-08-16,7.75,6.5,2.819,2.05,6.25
2874,2022-08-17,7.8,6.5,2.902,2.09,6.32
2875,2022-08-18,7.79,6.5,2.886,2.08,6.18
2876,2022-08-19,7.87,6.5,2.976,2.11,6.4
2877,2022-08-22,7.98,6.5,3.024,2.18,6.48
2878,2022-08-23,7.98,6.5,3.059,2.14,6.5
2879,2022-08-24,8.01,6.5,3.109,2.06,6.48
2880,2022-08-25,7.94,6.5,3.031,2.09,6.5
2881,2022-08-26,7.96,6.5,3.03,2.12,6.5
2882,2022-08-29,7.99,6.5,3.114,2.17,6.47
2883,2022-08-31,7.982,6.5,3.196,2.18,6.5
2884,2022-09-01,8.16,6.5,3.263,2.19,6.5
2885,2022-09-02,8.13,6.5,3.195,2.23,6.5
2886,2022-09-05,8.16,6.5,3.223,2.23,6.5
2887,2022-09-06,8.28,6.5,3.351,2.21,6.5
2888,2022-09-07,8.27,6.5,3.267,2.23,6.5
2889,2022-09-08,8.26,6.5,3.323,2.15,6.5
2890,2022-09-09,8.15,6.75,3.315,2.1,6.75
2891,2022-09-12,8.08,6.75,3.358,2.02,6.71
2892,2022-09-13,8.12,6.75,3.412,2.14,6.75
2893,2022-09-14,8.17,6.75,3.404,2.25,6.75
2894,2022-09-15,8.19,6.75,3.449,2.25,6.75
2895,2022-09-16,8.19,6.75,3.455,2.31,6.75
2896,2022-09-19,8.19,6.75,3.494,2.29,6.75
2897,2022-09-20,8.28,6.75,3.569,2.3,6.74
2898,2022-09-21,8.24,6.75,3.534,2.26,6.75
2899,2022-09-22,8.28,6.75,3.712,2.2,6.65
2900,2022-09-23,8.35,6.75,3.687,2.27,6.58
2901,2022-09-26,8.48,6.75,3.91,2.34,6.75
2902,2022-09-27,8.55,6.75,3.949,2.37,6.75
2903,2022-09-28,8.64,6.75,3.737,2.46,6.75
2904,2022-09-29,8.76,6.75,3.786,2.48,6.75
2905,2022-09-30,8.8,6.75,3.829,2.46,6.81
2906,2022-10-03,8.7,6.75,3.621,2.45,6.83
2907,2022-10-04,8.68,6.75,3.635,2.29,6.75
2908,2022-10-06,8.68,6.75,3.828,2.33,6.9
2909,2022-10-07,8.62,7.0,3.888,2.41,7.13
2910,2022-10-10,8.66,7.0,3.955,2.41,7.0
2911,2022-10-11,8.7,7.0,3.945,2.47,7.0
2912,2022-10-12,8.77,7.0,3.904,2.54,7.0
2913,2022-10-13,8.76,7.0,3.95,2.57,7.0
2914,2022-10-14,8.77,7.0,4.023,2.56,7.0
2915,2022-10-17,8.69,7.0,4.012,2.52,7.0
2916,2022-10-18,8.61,7.0,4.007,2.49,7.0
2917,2022-10-19,8.65,7.0,4.142,2.48,7.0
2918,2022-10-20,8.67,7.0,4.226,2.5,7.0
2919,2022-10-21,8.64,7.0,4.219,2.5,7.0
2920,2022-10-24,8.68,7.0,4.247,2.38,7.01
2921,2022-10-25,8.62,7.0,4.1,2.35,7.0
2922,2022-10-26,8.55,7.0,4.011,2.32,7.0
2923,2022-10-27,8.49,7.0,3.927,2.35,7.0
2924,2022-10-28,8.51,7.0,4.01,2.24,7.0
2925,2022-10-31,8.41,7.0,4.05,2.28,7.0
2926,2022-11-02,8.23,7.0,4.096,2.21,7.0
2927,2022-11-03,8.24,7.0,4.149,2.21,7.0
2928,2022-11-04,8.13,7.0,4.163,2.13,7.05
2929,2022-11-07,7.94,7.0,4.218,2.01,7.0
2930,2022-11-08,7.74,7.0,4.128,2.04,7.0
2931,2022-11-09,7.71,7.0,4.099,2.11,7.0
2932,2022-11-10,7.53,7.0,3.811,2.05,7.0
2933,2022-11-11,7.62,7.25,3.811,2.05,7.25
2934,2022-11-14,7.73,7.25,3.863,1.96,7.28
2935,2022-11-15,7.87,7.25,3.777,1.95,7.27
2936,2022-11-16,7.94,7.25,3.69,2.01,7.25
2937,2022-11-17,8.0,7.25,3.769,2.02,7.25
2938,2022-11-18,8.03,7.25,3.829,2.0,7.26
2939,2022-11-21,7.95,7.25,3.831,1.97,7.36
2940,2022-11-22,7.88,7.25,3.758,1.97,7.28
2941,2022-11-23,7.89,7.25,3.689,2.01,7.25
2942,2022-11-24,7.8,7.25,3.661,2.01,7.27
2943,2022-11-25,7.8,7.25,3.691,2.02,7.25
2944,2022-11-28,7.77,7.25,3.679,1.98,7.25
2945,2022-11-29,7.73,7.25,3.75,1.9,7.3
2946,2022-11-30,7.63,7.25,3.611,1.93,7.45
2947,2022-12-01,7.6,7.25,3.51,1.96,7.25
2948,2022-12-02,7.64,7.25,3.492,1.96,7.25
2949,2022-12-05,7.66,7.25,3.583,1.91,7.31
2950,2022-12-06,7.6,7.25,3.531,1.99,7.33
2951,2022-12-07,7.8,7.25,3.421,2.01,7.27
2952,2022-12-13,7.72,7.5,3.501,1.85,7.56
2953,2022-12-14,7.79,7.5,3.479,1.97,7.5
2954,2022-12-15,7.82,7.5,3.45,2.03,7.5
2955,2022-12-16,7.96,7.5,3.488,2.08,7.5
2956,2022-12-19,8.07,7.5,3.59,2.08,7.5
2957,2022-12-20,8.06,7.5,3.692,2.09,7.5
2958,2022-12-21,8.0,7.5,3.673,2.0,7.54
2959,2022-12-22,7.97,7.5,3.686,1.98,7.51
2960,2022-12-23,7.97,7.5,3.751,1.93,7.63
2961,2022-12-26,7.94,7.5,3.743,1.93,7.5
2962,2022-12-27,7.93,7.5,3.849,1.91,7.51
2963,2022-12-28,7.97,7.5,3.886,1.9,7.5
2964,2022-12-29,7.98,7.5,3.82,1.95,7.5
2965,2022-12-30,7.98,7.5,3.879,1.94,7.5
2966,2023-01-03,8.01,7.5,3.752,2.0,7.52
2967,2023-01-04,8.0,7.5,3.69,2.08,7.61
2968,2023-01-05,7.99,7.5,3.726,2.17,7.65
2969,2023-01-06,7.91,7.5,3.56,2.15,7.53
2970,2023-01-09,7.67,7.5,3.527,2.15,7.5
2971,2023-01-10,7.78,7.5,3.615,2.14,7.5
2972,2023-01-11,7.78,7.5,3.543,2.13,7.5
2973,2023-01-12,7.77,7.5,3.444,2.05,7.5
2974,2023-01-13,7.94,7.75,3.498,2.02,7.75
2975,2023-01-16,8.05,7.75,3.529,2.02,7.75
2976,2023-01-17,8.04,7.75,3.549,2.06,7.75
2977,2023-01-18,8.0,7.75,3.373,2.07,7.75
2978,2023-01-19,8.03,7.75,3.399,2.11,7.75
2979,2023-01-20,7.98,7.75,3.482,2.08,7.75
2980,2023-01-23,7.96,7.75,3.521,2.07,7.75
2981,2023-01-24,8.09,7.75,3.455,2.1,7.75
2982,2023-01-30,8.05,7.75,3.542,2.04,7.75
2983,2023-01-31,8.09,7.75,3.51,2.06,7.73
2984,2023-02-01,7.95,7.75,3.417,2.07,7.77
2985,2023-02-02,7.8,7.75,3.402,1.97,7.75
2986,2023-02-03,7.8,7.75,3.519,1.93,7.83
2987,2023-02-06,7.84,7.75,3.644,1.9,7.75
2988,2023-02-07,7.84,7.75,3.679,1.91,7.75
2989,2023-02-08,7.88,7.75,3.615,1.95,7.75
2990,2023-02-09,7.87,7.75,3.664,1.93,7.75
2991,2023-02-10,7.766,7.75,3.743,1.96,7.75
2992,2023-02-15,7.88,7.75,3.803,1.91,7.75
2993,2023-02-16,7.94,7.75,3.863,1.86,7.75
2994,2023-02-17,7.86,7.75,3.817,1.92,7.75
2995,2023-02-21,7.88,7.75,3.954,1.88,7.75
2996,2023-02-22,7.83,7.75,3.927,1.91,7.75
2997,2023-02-23,7.86,7.75,3.89,1.89,7.86
2998,2023-02-24,8.07,7.75,3.947,1.88,7.75
2999,2023-02-27,7.99,7.75,3.922,1.9,7.75
3000,2023-02-28,8.0,7.75,3.938,1.91,7.75
3001,2023-03-01,7.96,7.75,3.994,1.91,7.75
3002,2023-03-02,8.07,7.75,4.062,1.92,7.75
3003,2023-03-03,8.07,7.75,3.958,1.91,7.75
3004,2023-03-06,8.07,7.75,3.967,1.87,7.74
3005,2023-03-07,8.05,7.75,3.983,1.9,7.75
3006,2023-03-08,8.054,7.75,3.989,1.91,7.73
3007,2023-03-09,8.0,7.75,3.907,1.97,7.75
3008,2023-03-10,7.87,7.75,3.704,2.04,7.73
3009,2023-03-13,7.77,7.75,3.545,2.09,7.75
3010,2023-03-14,7.78,7.75,3.685,2.0,7.75
3011,2023-03-15,7.62,7.75,3.462,2.14,7.75
3012,2023-03-16,7.7,7.75,3.579,2.04,7.75
3013,2023-03-17,7.57,7.75,3.438,2.14,7.75
3014,2023-03-20,7.55,7.75,3.483,2.11,7.75
3015,2023-03-21,7.57,7.75,3.608,2.05,7.75
3016,2023-03-22,7.55,7.75,3.451,2.16,7.75
3017,2023-03-23,7.42,7.75,3.414,2.16,7.75
3018,2023-03-24,7.42,7.75,3.372,2.15,7.75
3019,2023-03-27,7.47,7.75,3.539,2.06,7.75
3020,2023-03-28,7.47,7.75,3.572,2.1,7.75
3021,2023-03-29,7.48,7.75,3.566,2.07,7.75
3022,2023-03-30,7.46,7.75,3.547,2.09,7.75
3023,2023-03-31,7.51,7.75,3.473,2.09,7.75
3024,2023-04-03,7.53,7.75,3.415,2.05,7.75
3025,2023-04-04,7.48,7.75,3.339,2.1,7.75
3026,2023-04-05,7.45,7.75,3.309,2.12,7.75
3027,2023-04-10,7.5,7.75,3.415,2.05,7.75
3028,2023-04-11,7.51,7.75,3.432,2.04,7.75
3029,2023-04-12,7.48,7.75,3.4,2.04,7.74
3030,2023-04-13,7.48,7.75,3.449,2.01,7.72
3031,2023-04-14,7.52,7.75,3.515,1.98,7.75
3032,2023-04-17,7.57,7.75,3.606,1.97,7.65
3033,2023-04-24,7.45,7.75,3.496,2.0,7.76
3034,2023-04-25,7.41,7.75,3.4,2.01,7.82
3035,2023-04-26,7.43,7.75,3.445,1.97,7.77
3036,2023-04-27,7.49,7.75,3.528,1.93,7.75
3037,2023-04-28,7.49,7.75,3.433,1.93,7.75
3038,2023-05-02,7.51,7.75,3.433,1.99,7.75
3039,2023-05-03,7.44,7.75,3.364,2.01,7.75
3040,2023-05-04,7.43,7.75,3.377,2.01,7.75
3041,2023-05-05,7.33,7.75,3.435,2.01,7.75
3042,2023-05-08,7.26,7.75,3.507,1.98,7.75
3043,2023-05-09,7.19,7.75,3.522,1.97,7.75
3044,2023-05-10,7.14,7.75,3.439,1.99,7.75
3045,2023-05-11,7.19,7.75,3.386,1.99,7.75
3046,2023-05-12,7.19,7.75,3.463,1.98,7.75
3047,2023-05-15,7.11,7.75,3.507,1.99,7.75
3048,2023-05-16,7.24,7.75,3.541,1.98,7.75
3049,2023-05-17,7.27,7.75,3.572,1.99,7.75
3050,2023-05-18,7.31,7.75,3.651,1.95,7.75
3051,2023-05-19,7.41,7.75,3.682,1.94,7.75
3052,2023-05-22,7.44,7.75,3.719,1.95,7.75
3053,2023-05-23,7.35,7.75,3.698,1.99,7.75
3054,2023-05-24,7.33,7.75,3.744,1.98,7.76
3055,2023-05-25,7.29,7.75,3.823,1.94,7.77
3056,2023-05-26,7.21,7.75,3.819,1.96,7.75
3057,2023-05-29,7.21,7.75,3.764,1.96,7.75
3058,2023-05-30,7.15,7.75,3.694,1.97,7.75
3059,2023-05-31,7.05,7.75,3.646,2.0,7.75
3060,2023-06-01,7.23,7.75,3.601,1.95,7.75
3061,2023-06-02,7.27,7.75,3.698,1.86,7.73
3062,2023-06-05,7.29,7.75,3.689,1.92,7.54
3063,2023-06-06,7.29,7.75,3.677,1.91,7.75
3064,2023-06-07,7.31,7.75,3.793,1.87,7.75
3065,2023-06-08,7.22,7.75,3.718,1.88,7.75
3066,2023-06-09,7.16,7.75,3.743,1.86,7.75
3067,2023-06-12,7.13,7.75,3.743,1.85,7.74
3068,2023-06-13,7.13,7.75,3.827,1.78,7.75
3069,2023-06-14,7.09,7.75,3.79,1.8,7.75
3070,2023-06-15,7.08,7.75,3.72,1.82,7.75
3071,2023-06-16,7.02,7.75,3.767,1.78,7.67
3072,2023-06-19,6.95,7.75,3.822,1.78,7.75
3073,2023-06-20,6.93,7.75,3.719,1.79,7.72
3074,2023-06-21,6.92,7.75,3.727,1.78,7.75
3075,2023-06-22,6.96,7.75,3.797,1.72,7.92
3076,2023-06-23,6.95,7.75,3.737,1.75,7.75
3077,2023-06-26,6.95,7.75,3.723,1.76,7.75
3078,2023-06-27,6.94,7.75,3.772,1.74,7.75
3079,2023-06-28,6.88,7.75,3.714,1.78,7.75
3080,2023-06-30,6.85,7.75,3.841,1.72,7.77
3081,2023-07-03,6.66,7.75,3.858,1.68,7.81
3082,2023-07-04,6.6,7.75,3.839,1.68,7.75
3083,2023-07-05,6.66,7.75,3.934,1.63,7.75
3084,2023-07-06,6.79,7.75,4.031,1.65,7.75
3085,2023-07-07,6.78,7.75,4.066,1.67,7.75
3086,2023-07-10,6.8,7.75,4.0,1.68,7.75
3087,2023-07-13,6.67,7.75,3.767,1.7,7.75
3088,2023-07-14,6.73,7.75,3.83,1.69,7.75
3089,2023-07-17,6.78,7.75,3.809,1.69,7.75
3090,2023-07-18,6.79,7.75,3.789,1.68,7.75
3091,2023-07-19,6.76,7.75,3.748,1.73,7.75
3092,2023-07-20,6.79,7.75,3.856,1.72,7.75
3093,2023-07-21,6.83,7.75,3.837,1.73,7.75
3094,2023-07-24,6.83,7.75,3.878,1.73,7.75
3095,2023-07-25,6.78,7.75,3.89,1.75,7.76
3096,2023-07-26,6.76,7.75,3.873,1.73,7.75
3097,2023-07-27,6.81,7.75,4.002,1.65,7.75
3098,2023-07-31,6.72,7.75,3.967,1.63,7.75
3099,2023-08-01,6.74,7.75,4.037,1.62,7.75
3100,2023-08-02,6.82,7.75,4.09,1.63,7.75
3101,2023-08-03,6.94,7.75,4.179,1.62,7.75
3102,2023-08-04,6.89,7.75,4.042,1.68,7.75
3103,2023-08-07,6.88,7.75,4.097,1.65,7.75
3104,2023-08-08,6.81,7.75,4.028,1.65,7.75
3105,2023-08-09,6.76,7.75,4.016,1.6,7.75
3106,2023-08-10,6.68,7.75,4.107,1.59,7.75
3107,2023-08-11,6.68,7.75,4.158,1.62,7.75
3108,2023-08-14,6.74,7.75,4.201,1.67,7.75
3109,2023-08-15,6.77,7.75,4.215,1.67,7.75
3110,2023-08-16,6.8,7.75,4.252,1.72,7.75
3111,2023-08-17,6.9,7.75,4.278,1.75,7.75
3112,2023-08-18,6.98,7.75,4.256,1.73,7.75
3113,2023-08-21,7.08,7.75,4.341,1.73,7.75
3114,2023-08-22,7.07,7.75,4.327,1.74,7.75
3115,2023-08-23,6.96,7.75,4.195,1.72,7.75
3116,2023-08-24,6.91,7.75,4.238,1.72,7.75
3117,2023-08-25,6.9,7.75,4.237,1.71,7.75
3118,2023-08-28,6.84,7.75,4.205,1.69,7.75
3119,2023-08-29,6.74,7.75,4.123,1.64,7.75
3120,2023-08-31,6.68,7.75,4.109,1.6,7.75
3121,2023-09-01,6.79,7.75,4.18,1.6,7.75
3122,2023-09-04,6.87,7.75,4.18,1.62,7.75
3123,2023-09-05,6.88,7.75,4.263,1.67,7.75
3124,2023-09-06,6.98,7.75,4.282,1.69,7.75
3125,2023-09-07,6.93,7.75,4.247,1.69,7.75
3126,2023-09-08,6.85,7.75,4.267,1.71,7.75
3127,2023-09-11,6.83,7.75,4.292,1.75,7.75
3128,2023-09-12,6.83,7.75,4.283,1.75,7.75
3129,2023-09-13,6.83,7.75,4.251,1.72,7.75
3130,2023-09-14,6.81,7.75,4.289,1.71,7.75
3131,2023-09-15,6.75,7.5,4.334,1.74,7.5
3132,2023-09-18,6.79,7.5,4.304,1.7,7.5
3133,2023-09-19,6.91,7.5,4.36,1.66,7.5
3134,2023-09-20,6.88,7.5,4.409,1.66,7.5
3135,2023-09-21,7.02,7.5,4.496,1.69,7.5
3136,2023-09-22,6.97,7.5,4.435,1.66,7.5
3137,2023-09-25,7.15,7.5,4.535,1.68,7.5
3138,2023-09-26,7.22,7.5,4.537,1.71,7.5
3139,2023-09-27,7.45,7.5,4.609,1.76,7.5
3140,2023-09-28,7.37,7.5,4.576,1.74,7.5
3141,2023-09-29,7.23,7.5,4.572,1.74,7.5
3142,2023-10-02,7.34,7.5,4.68,1.79,7.5
3143,2023-10-03,7.48,7.5,4.797,1.82,7.5
3144,2023-10-04,7.5,7.5,4.734,1.83,7.5
3145,2023-10-05,7.57,7.5,4.72,1.79,7.5
3146,2023-10-06,7.56,7.25,4.803,1.79,7.25
3147,2023-10-09,7.52,7.25,4.803,1.79,7.25
3148,2023-10-10,7.48,7.25,4.654,1.8,7.25
3149,2023-10-11,7.53,7.25,4.559,1.76,7.25
3150,2023-10-12,7.65,7.25,4.699,1.81,7.25
3151,2023-10-13,7.68,7.25,4.613,1.78,7.26
3152,2023-10-16,7.72,7.25,4.707,1.78,7.28
3153,2023-10-17,7.69,7.25,4.836,1.79,7.25
3154,2023-10-18,7.72,7.25,4.916,1.79,6.97
3155,2023-10-19,7.75,7.25,4.991,1.85,7.25
3156,2023-10-20,7.76,7.25,4.916,1.84,7.25
3157,2023-10-23,7.73,7.25,4.851,1.83,7.25
3158,2023-10-24,7.66,7.25,4.825,1.78,7.25
3159,2023-10-25,7.71,7.25,4.957,1.83,7.25
3160,2023-10-26,7.68,7.25,4.846,1.83,7.25
3161,2023-10-27,7.69,7.25,4.837,1.81,7.25
3162,2023-10-30,7.66,7.25,4.895,1.76,7.25
3163,2023-10-31,7.66,7.25,4.932,1.83,7.25
3164,2023-11-02,7.32,7.25,4.66,1.74,7.25
3165,2023-11-03,7.29,7.25,4.573,1.78,7.25
3166,2023-11-06,7.25,7.25,4.644,1.83,7.25
3167,2023-11-07,7.23,7.25,4.568,1.85,7.25
3168,2023-11-08,7.14,7.25,4.494,1.8,7.2
3169,2023-11-09,7.16,7.25,4.626,1.81,7.25
3170,2023-11-10,7.18,7.0,4.653,1.83,7.0
3171,2023-11-13,7.2,7.0,4.641,1.81,7.0
3172,2023-11-14,7.08,7.0,4.448,1.75,7.1
3173,2023-11-15,7.13,7.0,4.532,1.78,7.0
3174,2023-11-16,7.11,7.0,4.437,1.77,7.0
3175,2023-11-17,7.12,7.0,4.436,1.76,7.0
3176,2023-11-20,7.08,7.0,4.421,1.73,7.0
3177,2023-11-21,7.06,7.0,4.394,1.7,7.0
3178,2023-11-22,7.09,7.0,4.406,1.7,6.99
3179,2023-11-23,7.15,7.0,4.406,1.66,7.0
3180,2023-11-24,7.18,7.0,4.468,1.71,7.0
3181,2023-11-27,7.22,7.0,4.388,1.7,7.0
3182,2023-11-28,7.24,7.0,4.322,1.64,7.0
3183,2023-11-29,7.18,7.0,4.256,1.6,7.0
3184,2023-11-30,7.2,7.0,4.327,1.61,7.0
3185,2023-12-01,7.1,7.0,4.197,1.58,7.0
3186,2023-12-04,7.1,7.0,4.255,1.62,7.0
3187,2023-12-05,7.04,7.0,4.166,1.63,7.0
3188,2023-12-06,6.88,7.0,4.105,1.62,7.0
3189,2023-12-07,6.92,7.0,4.15,1.62,7.0
3190,2023-12-11,7.061,7.0,4.234,1.66,7.0
3191,2023-12-12,7.08,7.0,4.202,1.72,7.0
3192,2023-12-13,6.97,7.0,4.017,1.64,7.0
3193,2023-12-14,6.75,7.0,3.922,1.64,7.0
3194,2023-12-15,6.77,6.75,3.912,1.62,6.75
3195,2023-12-18,6.8,6.75,3.933,1.6,6.75
3196,2023-12-19,6.82,6.75,3.932,1.64,6.75
3197,2023-12-20,6.79,6.75,3.848,1.61,6.75
3198,2023-12-21,6.8,6.75,3.889,1.59,6.75
3199,2023-12-22,6.8,6.75,3.896,1.59,6.75
3200,2023-12-26,6.79,6.75,3.898,1.67,6.75
3201,2023-12-27,6.68,6.75,3.795,1.62,6.75
3202,2023-12-28,6.66,6.75,3.845,1.6,6.75
3203,2023-12-29,6.69,6.75,3.88,1.6,6.75
3204,2024-01-03,6.78,6.75,3.918,1.75,6.75
3205,2024-01-04,6.84,6.75,4.001,1.71,6.75
3206,2024-01-05,6.85,6.75,4.047,1.76,6.75
3207,2024-01-08,6.82,6.75,4.031,1.77,6.75
3208,2024-01-09,6.79,6.75,4.014,1.71,6.75
3209,2024-01-10,6.72,6.75,4.029,1.72,6.75
3210,2024-01-11,6.63,6.75,3.967,1.69,6.75
3211,2024-01-12,6.55,6.5,3.941,1.69,6.5
3212,2024-01-15,6.56,6.5,3.941,1.65,6.5
3213,2024-01-16,6.59,6.5,4.059,1.69,6.5
3214,2024-01-17,6.67,6.5,4.104,1.7,6.5
3215,2024-01-18,6.69,6.5,4.143,1.71,6.5
3216,2024-01-19,6.66,6.5,4.124,1.77,6.5
3217,2024-01-22,6.61,6.5,4.106,1.76,6.5
3218,2024-01-23,6.63,6.5,4.13,1.74,6.5
3219,2024-01-24,6.65,6.5,4.177,1.72,6.5
3220,2024-01-25,6.64,6.5,4.119,1.69,6.5
3221,2024-01-26,6.68,6.5,4.138,1.64,6.5
3222,2024-01-29,6.66,6.5,4.075,1.64,6.5
3223,2024-01-30,6.65,6.5,4.033,1.62,6.5
3224,2024-01-31,6.6,6.5,3.913,1.67,6.52
3225,2024-02-01,6.53,6.5,3.881,1.69,6.5
3226,2024-02-02,6.7,6.5,4.022,1.67,6.5
3227,2024-02-05,6.93,6.5,4.159,1.66,6.5
3228,2024-02-06,6.74,6.5,4.101,1.68,6.5
3229,2024-02-07,6.7,6.5,4.122,1.65,6.5
3230,2024-02-08,6.73,6.5,4.155,1.67,6.5
3231,2024-02-09,6.71,6.25,4.176,1.67,6.25
3232,2024-02-12,6.71,6.25,4.18,1.64,6.25
3233,2024-02-13,6.77,6.25,4.315,1.61,6.25
3234,2024-02-14,6.74,6.25,4.257,1.62,6.25
3235,2024-02-15,6.7,6.25,4.232,1.58,6.25
3236,2024-02-16,6.7,6.25,4.281,1.57,6.25
3237,2024-02-19,6.7,6.25,4.281,1.57,6.25
3238,2024-02-20,6.71,6.25,4.276,1.57,6.25
3239,2024-02-21,6.74,6.25,4.32,1.56,6.25
3240,2024-02-22,6.76,6.25,4.323,1.57,6.25
3241,2024-02-23,6.81,6.25,4.249,1.57,6.25
3242,2024-02-26,6.89,6.25,4.28,1.55,6.25
3243,2024-02-27,6.86,6.25,4.304,1.5,6.25
3244,2024-02-28,6.84,6.25,4.265,1.53,6.25
3245,2024-02-29,6.86,6.25,4.251,1.53,6.25
3246,2024-03-01,6.83,6.25,4.182,1.56,6.25
3247,2024-03-04,6.88,6.25,4.214,1.54,6.25
3248,2024-03-05,6.9,6.25,4.153,1.56,6.25
3249,2024-03-06,6.95,6.25,4.104,1.55,6.25
3250,2024-03-07,6.94,6.25,4.085,1.6,6.25
3251,2024-03-08,6.97,6.25,4.076,1.6,6.25
3252,2024-03-11,7.02,6.25,4.099,1.57,6.25
3253,2024-03-12,7.04,6.25,4.153,1.55,6.25
3254,2024-03-13,6.99,6.25,4.191,1.51,6.25
3255,2024-03-14,7.02,6.25,4.291,1.5,6.25
3256,2024-03-15,6.96,6.25,4.307,1.51,6.25
3257,2024-03-18,6.99,6.25,4.325,1.51,6.07
3258,2024-03-19,6.98,6.25,4.294,1.53,6.25
3259,2024-03-20,7.02,6.25,4.274,1.5,6.25
3260,2024-03-21,7.0,6.25,4.268,1.46,6.25
3261,2024-03-22,6.94,6.25,4.199,1.48,6.25
3262,2024-03-25,7.01,6.25,4.246,1.48,6.25
3263,2024-03-26,7.33,6.25,4.233,1.5,6.25
3264,2024-03-27,7.34,6.25,4.191,1.51,6.25
3265,2024-04-01,7.54,6.25,4.311,1.5,6.25
3266,2024-04-02,7.49,6.25,4.35,1.53,6.25
3267,2024-04-03,7.2,6.25,4.348,1.53,6.25
3268,2024-04-04,7.16,6.25,4.31,1.54,6.25
3269,2024-04-05,7.22,6.25,4.404,1.49,6.25
3270,2024-04-08,7.25,6.25,4.422,1.5,6.25
3271,2024-04-09,7.28,6.25,4.363,1.48,6.25
3272,2024-04-10,7.38,6.25,4.545,1.46,6.25
3273,2024-04-11,7.45,6.25,4.589,1.47,6.25
3274,2024-04-12,7.35,6.0,4.523,1.5,6.0
3275,2024-04-15,7.46,6.0,4.603,1.54,6.0
3276,2024-04-16,7.6,6.0,4.668,1.57,6.0
3277,2024-04-17,7.58,6.0,4.588,1.58,6.0
3278,2024-04-18,7.59,6.0,4.634,1.57,6.0
3279,2024-04-19,7.5,6.0,4.622,1.57,6.0
3280,2024-04-22,7.34,6.0,4.61,1.56,6.0
3281,2024-04-23,7.3,6.0,4.601,1.55,6.0
3282,2024-04-24,7.34,6.0,4.643,1.56,6.0
3283,2024-04-25,7.36,6.0,4.705,1.57,6.0
3284,2024-04-26,7.37,6.0,4.665,1.58,6.0
3285,2024-04-29,7.355,6.0,4.615,1.58,6.0
3286,2024-04-30,7.29,6.0,4.681,1.6,6.0
3287,2024-05-02,7.22,6.0,4.582,1.58,6.0
3288,2024-05-03,7.1,6.0,4.51,1.56,6.0
3289,2024-05-06,7.1,6.0,4.488,1.54,6.0
3290,2024-05-07,7.05,6.0,4.458,1.55,6.0
3291,2024-05-08,7.13,6.0,4.495,1.49,6.0
3292,2024-05-09,7.13,6.0,4.454,1.5,6.0
3293,2024-05-10,7.12,5.75,4.497,1.51,5.75
3294,2024-05-13,7.09,5.75,4.487,1.5,5.75
3295,2024-05-14,7.113,5.75,4.44,1.55,5.75
3296,2024-05-15,7.06,5.75,4.341,1.54,5.75
3297,2024-05-16,7.06,5.75,4.376,1.53,5.75
3298,2024-05-17,7.06,5.75,4.422,1.53,5.75
3299,2024-05-20,7.066,5.75,4.445,1.51,5.75
3300,2024-05-21,7.05,5.75,4.413,1.5,5.75
3301,2024-05-22,7.09,5.75,4.424,1.58,5.75
3302,2024-05-23,7.12,5.75,4.478,1.58,5.75
3303,2024-05-24,7.09,5.75,4.466,1.61,5.75
3304,2024-05-27,7.04,5.75,4.466,1.61,5.75
3305,2024-05-28,7.11,5.75,4.551,1.69,5.75
3306,2024-05-29,7.11,5.75,4.614,1.61,5.75
3307,2024-05-30,7.13,5.75,4.547,1.58,5.75
3308,2024-05-31,7.06,5.75,4.5,1.59,5.75
3309,2024-06-03,7.0,5.75,4.389,1.6,5.75
3310,2024-06-04,7.0,5.75,4.327,1.62,5.75
3311,2024-06-05,7.01,5.75,4.276,1.61,5.75
3312,2024-06-06,6.99,5.75,4.288,1.63,5.74
3313,2024-06-10,7.06,5.75,4.468,1.61,5.75
3314,2024-06-11,7.06,5.75,4.405,1.65,5.75
3315,2024-06-12,7.04,5.75,4.317,1.61,5.75
3316,2024-06-13,7.04,5.75,4.245,1.63,5.72
3317,2024-06-14,7.06,5.75,4.222,1.66,5.75
3318,2024-06-17,7.09,5.75,4.282,1.62,5.75
3319,2024-06-18,7.17,5.75,4.224,1.64,5.75
3320,2024-06-19,7.19,5.75,4.224,1.64,5.75
3321,2024-06-20,7.18,5.75,4.261,1.62,5.75
3322,2024-06-21,7.17,5.75,4.257,1.6,5.75
3323,2024-06-24,7.16,5.75,4.233,1.6,5.75
3324,2024-06-25,7.15,5.75,4.249,1.58,5.75
3325,2024-06-26,7.16,5.75,4.33,1.56,5.75
3326,2024-06-27,7.09,5.75,4.287,1.56,5.75
3327,2024-06-28,7.06,5.75,4.397,1.54,5.75
3328,2024-07-01,7.1,5.75,4.462,1.57,5.75
3329,2024-07-02,7.11,5.75,4.433,1.59,5.75
3330,2024-07-03,7.07,5.75,4.36,1.6,5.75
3331,2024-07-04,7.06,5.75,4.36,1.6,5.75
3332,2024-07-05,7.03,5.75,4.279,1.6,5.75
3333,2024-07-08,7.04,5.75,4.28,1.57,5.75
3334,2024-07-09,7.05,5.75,4.297,1.59,5.75
3335,2024-07-10,6.98,5.75,4.285,1.58,5.75
3336,2024-07-11,6.9,5.75,4.211,1.53,5.75
3337,2024-07-12,6.86,5.75,4.184,1.57,5.75
3338,2024-07-15,6.89,5.75,4.23,1.57,5.75
3339,2024-07-16,6.89,5.75,4.159,1.59,5.75
3340,2024-07-17,6.88,5.75,4.159,1.62,5.75
3341,2024-07-18,6.91,5.75,4.203,1.61,5.7
3342,2024-07-19,6.96,5.75,4.24,1.58,5.75
3343,2024-07-22,6.95,5.75,4.254,1.6,5.74
3344,2024-07-24,6.98,5.75,4.285,1.56,5.59
3345,2024-07-25,6.96,5.75,4.242,1.57,5.75
3346,2024-07-30,6.93,5.75,4.14,1.61,5.75
3347,2024-07-31,6.9,5.75,4.032,1.64,5.75
3348,2024-08-01,6.79,5.75,3.977,1.74,5.75
3349,2024-08-02,6.69,5.75,3.791,1.85,5.75
3350,2024-08-05,6.73,5.75,3.789,1.91,5.75
3351,2024-08-07,6.7,5.75,3.944,1.77,5.75
3352,2024-08-08,6.62,5.75,3.99,1.75,5.75
3353,2024-08-09,6.55,5.5,3.941,1.74,5.5
3354,2024-08-16,6.55,5.5,3.884,1.66,5.5
3355,2024-08-19,6.53,5.5,3.872,1.64,5.5
3356,2024-08-20,6.53,5.5,3.808,1.65,5.5
3357,2024-08-21,6.55,5.5,3.802,1.63,5.5
3358,2024-08-22,6.59,5.5,3.853,1.63,5.37
3359,2024-08-23,6.53,5.5,3.8,1.63,5.5
3360,2024-08-26,6.54,5.5,3.817,1.6,5.5
3361,2024-08-27,6.56,5.5,3.823,1.61,5.5
3362,2024-08-28,6.55,5.5,3.836,1.62,5.44
3363,2024-08-29,6.54,5.5,3.862,1.64,5.5
3364,2024-09-02,6.55,5.5,3.904,1.57,5.5
3365,2024-09-03,6.55,5.5,3.832,1.66,5.5
3366,2024-09-04,6.53,5.5,3.756,1.66,5.5
3367,2024-09-05,6.52,5.5,3.728,1.7,5.5
3368,2024-09-06,6.48,5.5,3.71,1.69,5.49
3369,2024-09-09,6.43,5.5,3.701,1.71,5.48
3370,2024-09-10,6.44,5.5,3.644,1.71,5.4
3371,2024-09-11,6.4,5.5,3.654,1.73,5.5
3372,2024-09-12,6.42,5.5,3.675,1.68,5.35
3373,2024-09-13,6.39,5.25,3.653,1.68,5.25
3374,2024-09-16,6.33,5.25,3.619,1.67,5.25
3375,2024-09-17,6.29,5.25,3.647,1.64,5.25
3376,2024-09-18,6.25,5.25,3.705,1.59,5.25
3377,2024-09-19,6.22,5.25,3.715,1.58,5.25
3378,2024-09-20,6.229,5.25,3.742,1.59,5.25
3379,2024-09-23,6.25,5.25,3.751,1.59,5.25
3380,2024-09-24,6.28,5.25,3.73,1.6,5.25
3381,2024-09-25,6.29,5.25,3.786,1.55,5.25
3382,2024-09-26,6.29,5.25,3.797,1.56,5.25
3383,2024-09-27,6.24,5.25,3.752,1.56,5.25
3384,2024-09-30,6.22,5.25,3.782,1.54,5.25
3385,2024-10-01,6.22,5.25,3.732,1.54,5.25
3386,2024-10-02,6.28,5.25,3.783,1.52,5.25
3387,2024-10-03,6.39,5.25,3.847,1.5,5.25
3388,2024-10-04,6.43,5.25,3.968,1.49,5.25
3389,2024-10-07,6.5,5.25,4.027,1.51,5.25
3390,2024-10-09,6.53,5.25,4.074,1.53,5.25
3391,2024-10-10,6.51,5.25,4.063,1.58,5.25
3392,2024-10-11,6.43,5.25,4.101,1.56,5.25
3393,2024-10-14,6.41,5.25,4.101,1.58,5.25
3394,2024-10-15,6.36,5.25,4.034,1.58,5.25
3395,2024-10-16,6.37,5.25,4.014,1.55,5.25
3396,2024-10-17,6.43,5.25,4.092,1.52,5.25
3397,2024-10-18,6.44,5.25,4.084,1.53,5.25
3398,2024-10-21,6.59,5.25,4.197,1.52,5.25
3399,2024-10-22,6.64,5.25,4.209,1.56,5.25
3400,2024-10-23,6.67,5.25,4.247,1.57,5.25
3401,2024-10-24,6.61,5.25,4.213,1.57,5.25
3402,2024-10-25,6.63,5.25,4.241,1.54,5.25
3403,2024-10-28,6.6643,5.25,4.283,1.52,5.2
3404,2024-10-29,6.77,5.25,4.255,1.54,5.25
3405,2024-10-30,6.8,5.25,4.301,1.51,5.25
3406,2024-10-31,6.82,5.25,4.285,1.56,5.25
3407,2024-11-04,6.74,5.25,4.286,1.57,5.25
3408,2024-11-05,6.75,5.25,4.273,1.6,5.25
3409,2024-11-06,6.78,5.25,4.433,1.55,5.25
3410,2024-11-07,6.68,5.25,4.328,1.51,5.25
3411,2024-11-08,6.62,5.0,4.305,1.53,5.0
3412,2024-11-11,6.64,5.0,4.305,1.53,5.0
3413,2024-11-12,6.7,5.0,4.429,1.51,5.0
3414,2024-11-13,6.69,5.0,4.452,1.49,5.0
3415,2024-11-14,6.67,5.0,4.437,1.48,5.0
3416,2024-11-15,6.7,5.0,4.44,1.57,5.0
3417,2024-11-18,6.7,5.0,4.415,1.62,5.0
3418,2024-11-19,6.73,5.0,4.397,1.54,5.0
3419,2024-11-20,6.75,5.0,4.412,1.56,5.0
3420,2024-11-21,6.72,5.0,4.423,1.54,5.0
3421,2024-11-22,6.69,5.0,4.401,1.55,5.0
3422,2024-11-25,6.57,5.0,4.275,1.62,5.0
3423,2024-11-26,6.59,5.0,4.307,1.59,5.0
3424,2024-11-27,6.54,5.0,4.264,1.57,5.0
3425,2024-11-28,6.56,5.0,4.264,1.57,5.0
3426,2024-11-29,6.56,5.0,4.17,1.61,5.0
3427,2024-12-02,6.57,5.0,4.192,1.61,5.0
3428,2024-12-03,6.56,5.0,4.225,1.55,5.0
3429,2024-12-04,6.53,5.0,4.181,1.58,5.0
3430,2024-12-05,6.54,5.0,4.177,1.56,5.0
3431,2024-12-06,6.54,5.0,4.154,1.53,5.0
3432,2024-12-10,6.55,5.0,4.227,1.5,5.0
3433,2024-12-11,6.53,5.0,4.272,1.47,5.0
3434,2024-12-12,6.57,5.0,4.329,1.47,5.0
3435,2024-12-13,6.6,5.0,4.398,1.5,5.0
3436,2024-12-16,6.618,5.0,4.399,1.57,5.0
3437,2024-12-17,6.63,5.0,4.4,1.54,5.0
3438,2024-12-18,6.67,5.0,4.516,1.53,4.29
3439,2024-12-19,6.77,5.0,4.564,1.61,5.0
3440,2024-12-23,6.74,5.0,4.588,1.53,5.0
3441,2024-12-24,6.73,5.0,4.59,1.54,5.0
3442,2024-12-26,6.71,5.0,4.584,1.57,5.0
3443,2024-12-27,6.68,5.0,4.626,1.52,5.0
3444,2024-12-30,6.62,5.0,4.534,1.6,4.94
3445,2025-01-02,6.65,5.0,4.56,1.59,5.0
3446,2025-01-03,6.69,5.0,4.599,1.55,5.0
3447,2025-01-06,6.71,5.0,4.631,1.56,5.0
3448,2025-01-07,6.69,5.0,4.686,1.54,5.0
3449,2025-01-08,6.69,5.0,4.691,1.61,5.0
3450,2025-01-09,6.69,5.0,4.69,1.57,5.0
3451,2025-01-10,6.69,4.75,4.76,1.58,4.75
3452,2025-01-13,6.7,4.75,4.78,1.57,4.75
3453,2025-01-14,6.76,4.75,4.793,1.57,4.75
3454,2025-01-15,6.63,4.75,4.654,1.57,4.75
3455,2025-01-16,6.63,4.75,4.614,1.58,4.74
3456,2025-01-17,6.63,4.75,4.628,1.55,4.74
3457,2025-01-20,6.65,4.75,4.628,1.55,4.75
3458,2025-01-21,6.67,4.75,4.577,1.54,4.75
3459,2025-01-22,6.72,4.75,4.612,1.53,4.75
3460,2025-01-23,6.76,4.75,4.645,1.55,4.75
3461,2025-01-24,6.73,4.75,4.622,1.54,4.75
3462,2025-01-27,6.73,4.75,4.535,1.58,4.75
3463,2025-01-28,6.71,4.75,4.533,1.58,4.75
3464,2025-01-29,6.69,4.75,4.53,1.59,4.75
3465,2025-01-30,6.66,4.75,4.517,1.58,4.54
3466,2025-01-31,6.7,4.75,4.541,1.59,4.75
3467,2025-02-03,6.67,4.75,4.557,1.61,4.75
3468,2025-02-04,6.63,4.75,4.513,1.61,4.75
3469,2025-02-05,6.6,4.75,4.419,1.61,4.75
3470,2025-02-06,6.52,4.75,4.435,1.57,4.75
3471,2025-02-07,6.46,4.75,4.496,1.59,4.75
3472,2025-02-10,6.42,4.75,4.498,1.58,4.75
3473,2025-02-11,6.47,4.75,4.536,1.58,4.75
3474,2025-02-12,6.53,4.75,4.625,1.57,4.75
3475,2025-02-13,6.49,4.75,4.53,1.58,4.75
3476,2025-02-14,6.46,4.75,4.477,1.54,4.75
3477,2025-02-17,6.46,4.75,4.477,1.54,4.75
3478,2025-02-18,6.48,4.75,4.551,1.51,4.75
3479,2025-02-19,6.49,4.75,4.534,1.55,4.75
3480,2025-02-20,6.47,4.75,4.506,1.56,4.75
3481,2025-02-21,6.43,4.75,4.432,1.59,4.75
3482,2025-02-24,6.42,4.75,4.401,1.6,4.75
3483,2025-02-25,6.36,4.75,4.295,1.62,4.75
3484,2025-02-26,6.33,4.75,4.257,1.6,4.75
3485,2025-02-27,6.34,4.75,4.261,1.6,4.75
3486,2025-02-28,6.42,4.75,4.209,1.64,4.82
3487,2025-03-03,6.44,4.75,4.156,1.67,4.75
3488,2025-03-04,6.44,4.75,4.245,1.6,4.75
3489,2025-03-05,6.47,4.75,4.28,1.55,4.75
3490,2025-03-06,6.45,4.75,4.279,1.61,4.75
3491,2025-03-07,6.46,4.75,4.303,1.58,4.75
3492,2025-03-10,6.48,4.75,4.215,1.62,4.75
3493,2025-03-11,6.48,4.75,4.281,1.62,4.75
3494,2025-03-12,6.47,4.75,4.313,1.61,4.75
3495,2025-03-13,6.45,4.75,4.27,1.71,4.75
3496,2025-03-14,6.42,4.75,4.314,1.67,4.75
3497,2025-03-17,6.36,4.75,4.3,1.69,4.75
3498,2025-03-18,6.39,4.75,4.285,1.68,4.75
3499,2025-03-19,6.39,4.75,4.244,1.64,4.75
3500,2025-03-20,6.42,4.75,4.239,1.62,4.75
3501,2025-03-21,6.42,4.75,4.248,1.62,4.75
3502,2025-03-24,6.48,4.75,4.337,1.58,4.75
3503,2025-03-25,6.51,4.75,4.314,1.6,4.75
3504,2025-03-26,6.58,4.75,4.353,1.59,4.75
3505,2025-03-27,6.68,4.75,4.361,1.62,4.75
3506,2025-03-28,6.71,4.75,4.25,1.68,4.75
3507,2025-03-31,6.69,4.75,4.207,1.7,4.75
3508,2025-04-01,6.69,4.75,4.17,1.68,4.75
3509,2025-04-02,6.61,4.75,4.133,1.68,4.75
3510,2025-04-03,6.43,4.75,4.03,1.78,4.75
3511,2025-04-04,6.39,4.75,3.997,1.85,4.75
3512,2025-04-07,6.55,4.75,4.186,1.86,4.75
3513,2025-04-08,6.61,4.75,4.295,1.87,4.75
3514,2025-04-09,6.59,4.75,4.336,1.8,4.8
3515,2025-04-10,6.67,4.75,4.428,1.77,4.75
3516,2025-04-11,6.63,4.75,4.492,1.83,4.75
3517,2025-04-14,6.63,4.75,4.376,1.79,4.7
3518,2025-04-15,6.64,4.75,4.336,1.8,4.75
3519,2025-04-16,6.63,4.75,4.279,1.84,4.75
3520,2025-04-21,6.67,4.75,4.412,1.8,4.75
3521,2025-04-22,6.71,4.75,4.403,1.76,4.75
3522,2025-04-23,6.66,4.75,4.384,1.69,4.75
3523,2025-04-24,6.63,4.75,4.317,1.72,4.75
3524,2025-04-25,6.63,4.75,4.237,1.71,4.75
3525,2025-04-28,6.63,4.75,4.21,1.73,4.75
3526,2025-04-29,6.53,4.75,4.174,1.76,4.75
3527,2025-04-30,6.55,4.75,4.163,1.76,4.75
3528,2025-05-02,6.57,4.75,4.31,1.67,4.75
3529,2025-05-05,6.6,4.75,4.345,1.69,4.75
3530,2025-05-06,6.59,4.75,4.297,1.67,4.76
3531,2025-05-07,6.53,4.75,4.271,1.69,4.75
3532,2025-05-08,6.54,4.75,4.38,1.62,4.75
3533,2025-05-09,6.4,4.5,4.38,1.63,4.5
3534,2025-05-12,6.39,4.5,4.473,1.55,4.5
3535,2025-05-13,6.37,4.5,4.467,1.54,4.5
3536,2025-05-14,6.42,4.5,4.538,1.54,4.5
3537,2025-05-15,6.37,4.5,4.433,1.55,4.5
3538,2025-05-16,6.41,4.5,4.48,1.56,4.5
3539,2025-05-19,6.43,4.5,4.45,1.53,4.5
3540,2025-05-20,6.48,4.5,4.489,1.53,4.5
3541,2025-05-21,6.54,4.5,4.601,1.5,4.5
3542,2025-05-22,6.57,4.5,4.53,1.54,4.5
3543,2025-05-23,6.58,4.5,4.513,1.54,4.5
3544,2025-05-26,6.54,4.5,4.513,1.54,4.5
3545,2025-05-27,6.48,4.5,4.446,1.52,4.5
3546,2025-05-28,6.46,4.5,4.48,1.54,4.5
3547,2025-05-29,6.45,4.5,4.42,1.53,4.5
3548,2025-05-30,6.5,4.5,4.403,1.58,4.5
3549,2025-06-02,6.51,4.5,4.442,1.57,4.5
3550,2025-06-03,6.52,4.5,4.456,1.54,4.5
3551,2025-06-04,6.45,4.5,4.356,1.6,4.5
3552,2025-06-05,6.59,4.5,4.393,1.57,4.5
3553,2025-06-06,6.63,4.5,4.508,1.51,4.5
3554,2025-06-09,6.61,4.5,4.476,1.54,4.5
3555,2025-06-10,6.58,4.5,4.472,1.53,4.5
3556,2025-06-11,6.49,4.5,4.422,1.51,4.5
3557,2025-06-12,6.35,4.5,4.361,1.54,4.5
3558,2025-06-13,6.4,4.5,4.401,1.51,4.5
3559,2025-06-16,6.39,4.5,4.448,1.46,4.5
3560,2025-06-17,6.4,4.5,4.391,1.49,4.5
3561,2025-06-18,6.39,4.5,4.393,1.53,4.5
3562,2025-06-19,6.39,4.5,4.393,1.53,4.5
3563,2025-06-20,6.37,4.5,4.378,1.54,4.5
3564,2025-06-23,6.37,4.5,4.349,1.55,4.5
3565,2025-06-24,6.31,4.5,4.296,1.56,4.5
3566,2025-06-25,6.26,4.5,4.293,1.58,4.5
3567,2025-06-26,6.23,4.5,4.243,1.6,4.5
3568,2025-06-27,6.24,4.5,4.279,1.55,4.5
3569,2025-06-30,6.17,4.5,4.23,1.54,4.63
3570,2025-07-01,6.13,4.5,4.243,1.49,4.5
3571,2025-07-02,6.1,4.5,4.279,1.49,4.5
3572,2025-07-03,6.11,4.5,4.348,1.43,4.5
3573,2025-07-04,6.13,4.5,4.348,1.43,4.5
3574,2025-07-07,6.14,4.5,4.381,1.41,4.5
3575,2025-07-08,6.14,4.5,4.401,1.45,4.5
3576,2025-07-09,6.13,4.5,4.333,1.42,4.5
3577,2025-07-10,6.15,4.5,4.351,1.42,4.5
3578,2025-07-11,6.17,4.5,4.411,1.35,4.5
3579,2025-07-14,6.18,4.5,4.435,1.38,4.5
3580,2025-07-15,6.23,4.5,4.483,1.34,4.5
3581,2025-07-16,6.27,4.5,4.457,1.4,4.5
3582,2025-07-17,6.279,4.5,4.453,1.39,4.5
3583,2025-07-18,6.3,4.5,4.418,1.39,4.5
3584,2025-07-21,6.27,4.5,4.379,1.37,4.5
3585,2025-07-22,6.24,4.5,4.346,1.42,4.49
3586,2025-07-24,6.21,4.5,4.398,1.38,4.5
3587,2025-07-25,6.18,4.5,4.39,1.42,4.5
3588,2025-07-30,6.18,4.5,4.372,1.42,4.5
3589,2025-07-31,6.21,4.5,4.376,1.4,4.5
3590,2025-08-01,6.12,4.5,4.218,1.47,4.5
3591,2025-08-04,6.08,4.5,4.194,1.43,4.5
3592,2025-08-05,6.04,4.5,4.212,1.44,4.5
3593,2025-08-07,5.97,4.5,4.251,1.38,4.5
3594,2025-08-08,5.98,4.5,4.284,1.34,4.5
3595,2025-08-11,5.96,4.5,4.287,1.33,4.5
3596,2025-08-12,5.94,4.5,4.291,1.32,4.5
3597,2025-08-13,5.93,4.5,4.235,1.31,4.5
3598,2025-08-14,5.95,4.5,4.286,1.28,4.5
3599,2025-08-15,5.96,4.5,4.319,1.26,4.5
3600,2025-08-18,6.01,4.5,4.334,1.25,4.5
3601,2025-08-19,6.01,4.5,4.307,1.26,4.5
3602,2025-08-20,6.06,4.5,4.292,1.28,4.5
3603,2025-08-21,6.1,4.5,4.329,1.3,4.5
3604,2025-08-22,6.01,4.5,4.255,1.31,4.5
3605,2025-08-25,6.05,4.5,4.276,1.29,4.5
3606,2025-08-26,6.06,4.5,4.262,1.31,4.5
3607,2025-08-27,6.05,4.5,4.235,1.36,4.5
3608,2025-08-28,6.0392,4.5,4.205,1.35,4.5
3609,2025-08-29,6.02,4.5,4.23,1.31,4.5
3610,2025-09-01,6.23,4.5,4.23,1.31,4.5
3611,2025-09-02,6.26,4.5,4.262,1.33,4.5
3612,2025-09-03,6.21,4.5,4.218,1.33,4.5
3613,2025-09-04,6.18,4.5,4.162,1.33,4.5
3614,2025-09-05,6.08,4.5,4.076,1.33,4.5
3615,2025-09-08,6.07,4.5,4.041,1.32,4.5
3616,2025-09-09,6.09,4.5,4.088,1.31,4.5
3617,2025-09-10,6.02,4.5,4.047,1.28,4.5
3618,2025-09-11,5.99,4.5,4.022,1.23,4.5
3619,2025-09-12,6.0,4.25,4.067,1.22,4.25
3620,2025-09-15,6.15,4.25,4.039,1.23,4.29
3621,2025-09-16,6.21,4.25,4.029,1.23,4.25
3622,2025-09-17,6.15,4.25,4.089,1.2,4.25
3623,2025-09-18,6.14,4.25,4.106,1.17,4.25
3624,2025-09-19,6.14,4.25,4.128,1.18,4.25
3625,2025-09-22,6.14,4.25,4.148,1.18,4.25
3626,2025-09-23,6.13,4.25,4.107,1.19,4.25
3627,2025-09-24,6.14,4.25,4.148,1.17,4.25
3628,2025-09-25,6.15,4.25,4.171,1.18,4.25
3629,2025-09-26,6.15,4.25,4.176,1.18,4.25
3630,2025-09-29,6.09,4.25,4.14,1.2,4.25
3631,2025-09-30,6.05,4.25,4.151,1.19,4.25
3632,2025-10-01,6.05,4.25,4.099,1.21,4.25
3633,2025-10-02,6.05,4.25,4.084,1.22,4.25
3634,2025-10-03,6.09,4.25,4.12,1.19,4.25
3635,2025-10-06,6.15,4.25,4.154,1.17,4.25
3636,2025-10-07,6.12,4.25,4.124,1.2,4.25
3637,2025-10-09,6.18,4.25,4.139,1.21,4.25
3638,2025-10-10,6.23,4.25,4.034,1.31,4.25
3639,2025-10-13,6.23,4.25,4.034,1.31,4.25
3640,2025-10-14,6.21,4.25,4.033,1.31,4.25
3641,2025-10-15,6.17,4.25,4.029,1.26,4.25
3642,2025-10-16,6.14,4.25,3.975,1.29,4.25
3643,2025-10-17,6.12,4.25,4.01,1.26,4.25
3644,2025-10-20,6.08,4.25,3.981,1.24,4.25
3645,2025-10-21,6.07,4.25,3.964,1.2,4.25
3646,2025-10-22,6.1,4.25,3.951,1.23,4.25
3647,2025-10-23,6.09,4.25,4.002,1.24,4.25
3648,2025-10-24,6.04,4.25,4.003,1.22,4.25
3649,2025-10-27,6.0484,4.25,3.981,1.23,4.25
3650,2025-10-28,6.01,4.25,3.977,1.24,4.25
3651,2025-10-29,6.04,4.25,4.078,1.18,4.25
3652,2025-10-30,6.05,4.25,4.099,1.22,4.25
3653,2025-10-31,6.06,4.25,4.078,1.2,4.25
3654,2025-11-03,6.06,4.25,4.111,1.24,4.25
3655,2025-11-04,6.06,4.25,4.086,1.27,4.25
3656,2025-11-05,6.05,4.25,4.16,1.25,4.25
3657,2025-11-06,6.01,4.25,4.084,1.29,4.26
3658,2025-11-07,6.04,4.25,4.098,1.29,4.25
3659,2025-11-10,6.05,4.25,4.117,1.25,4.25
3660,2025-11-11,6.05,4.25,4.117,1.25,4.25
3661,2025-11-12,6.04,4.25,4.07,1.26,4.25
3662,2025-11-13,6.05,4.25,4.12,1.24,4.25
3663,2025-11-14,6.09,4.25,4.149,1.19,4.25
3664,2025-11-17,6.08,4.25,4.14,1.24,4.25
3665,2025-11-18,6.04,4.25,4.114,1.25,4.25
3666,2025-11-19,5.99,4.25,4.138,1.2,4.25
3667,2025-11-20,5.999,4.25,4.085,1.26,4.25
3668,2025-11-21,5.94,4.25,4.065,1.27,4.25
3669,2025-11-24,5.92,4.25,4.026,1.29,4.25
3670,2025-11-25,5.9,4.25,3.997,1.3,4.25
3671,2025-11-26,5.9,4.25,3.995,1.3,4.25
3672,2025-11-27,5.91,4.25,3.995,1.3,4.25
3673,2025-11-28,5.91,4.25,4.015,1.28,4.25
3674,2025-12-01,5.94,4.25,4.087,1.24,4.25
3675,2025-12-02,5.93,4.25,4.087,1.23,4.25
3676,2025-12-03,5.87,4.25,4.064,1.23,4.25
3677,2025-12-04,5.85,4.25,4.099,1.21,4.25
3678,2025-12-05,5.79,4.25,4.136,1.21,4.25
3679,2025-12-10,5.83,4.25,4.149,1.24,4.25
3680,2025-12-11,5.81,4.25,4.158,1.24,4.25
3681,2025-12-12,5.83,4.25,4.185,1.21,4.25
3682,2025-12-15,5.76,4.25,4.174,1.2,4.25
3683,2025-12-16,5.73,4.25,4.146,1.24,4.25
3684,2025-12-17,5.74,4.25,4.154,1.21,4.25
3685,2025-12-18,5.75,4.25,4.123,1.27,4.25
3686,2025-12-19,5.83,4.25,4.148,1.29,4.21
3687,2025-12-22,5.9,4.25,4.165,1.28,4.25
3688,2025-12-23,5.86,4.25,4.165,1.32,4.25
3689,2025-12-24,5.8,4.25,4.136,1.34,4.25
3690,2025-12-29,5.89,4.25,4.111,1.36,4.25
3691,2025-12-30,5.81,4.25,4.123,1.37,4.25
3692,2025-12-31,5.796,4.25,4.169,1.35,3.85
