fecha,Y_rend_soberano_10a,X1_tasa_referencia,X2_treasury_10a,X3_embig_peru,X4_interbancaria
2011-01-03,5.879,3.0,3.334,161,3.0
2011-01-04,5.836,3.0,3.331,141,3.0
2011-01-05,5.855,3.0,3.467,135,3.0
2011-01-06,5.855,3.0,3.395,142,3.0
2011-01-07,5.811,3.25,3.326,147,3.25
2011-01-10,5.811,3.25,3.285,151,3.25
2011-01-11,5.824,3.25,3.341,144,3.25
2011-01-12,5.83,3.25,3.367,141,3.25
2011-01-13,5.824,3.25,3.299,143,3.25
2011-01-14,5.824,3.25,3.325,143,3.25
2011-01-17,5.827,3.25,3.331,143,
2011-01-18,5.828,3.25,3.368,140,3.25
2011-01-19,5.827,3.25,3.341,148,3.25
2011-01-20,5.844,3.25,3.451,142,3.25
2011-01-21,5.864,3.25,3.406,144,3.25
2011-01-24,5.872,3.25,3.406,143,3.25
2011-01-25,5.881,3.25,3.33,152,3.25
2011-01-26,5.872,3.25,3.417,140,3.25
2011-01-27,5.87,3.25,3.389,148,3.25
2011-01-28,5.869,3.25,3.323,157,3.24
2011-01-31,5.869,3.25,3.372,152,3.25
2011-02-01,5.883,3.25,3.441,145,
2011-02-02,5.932,3.25,3.479,140,
2011-02-03,5.938,3.25,3.551,134,3.24
2011-02-04,5.943,3.25,3.638,129,3.25
2011-02-07,5.999,3.25,3.632,135,3.25
2011-02-08,5.998,3.25,3.739,127,3.25
2011-02-09,5.975,3.25,3.648,139,3.25
2011-02-10,5.978,3.25,3.698,136,3.25
2011-02-11,5.979,3.5,3.631,142,3.47
2011-02-14,5.992,3.5,3.621,150,3.5
2011-02-15,6.076,3.5,3.606,157,3.5
2011-02-16,6.042,3.5,3.621,150,3.5
2011-02-17,6.018,3.5,3.574,149,3.5
2011-02-18,5.999,3.5,3.582,147,3.5
2011-02-21,6.006,3.5,3.589,147,3.5
2011-02-22,6.039,3.5,3.455,157,3.5
2011-02-23,6.052,3.5,3.487,158,3.5
2011-02-24,6.155,3.5,3.45,162,3.5
2011-02-25,6.166,3.5,3.414,162,3.5
2011-02-28,6.149,3.5,3.429,156,3.5
2011-03-01,6.196,3.5,3.394,151,3.5
2011-03-02,6.262,3.5,3.472,143,3.49
2011-03-03,6.255,3.5,3.557,132,3.5
2011-03-04,6.259,3.5,3.492,141,3.5
2011-03-07,6.304,3.5,3.514,138,3.5
2011-03-08,6.224,3.5,3.55,133,3.5
2011-03-09,6.236,3.5,3.469,138,3.49
2011-03-10,6.238,3.5,3.36,150,3.49
2011-03-11,6.214,3.75,3.404,148,3.74
2011-03-14,6.193,3.75,3.358,152,3.74
2011-03-15,6.2,3.75,3.305,157,3.74
2011-03-16,6.237,3.75,3.172,167,3.74
2011-03-17,6.246,3.75,3.257,163,3.74
2011-03-18,6.252,3.75,3.27,163,3.75
2011-03-21,6.309,3.75,3.33,166,3.75
2011-03-22,6.426,3.75,3.328,172,3.75
2011-03-23,6.417,3.75,3.352,171,3.75
2011-03-24,6.471,3.75,3.406,169,3.75
2011-03-25,6.514,3.75,3.441,165,3.75
2011-03-28,6.555,3.75,3.433,168,3.75
2011-03-29,6.64,3.75,3.489,174,3.75
2011-03-30,6.7445,3.75,3.437,172,3.74
2011-03-31,6.73423076923077,3.75,3.472,173,3.75
2011-04-01,6.72357142857143,3.75,3.444,173,3.75
2011-04-04,6.76666666666667,3.75,3.42,179,3.75
2011-04-05,6.73333333333333,3.75,3.481,176,3.75
2011-04-06,6.69333333333333,3.75,3.547,164,3.81
2011-04-07,6.62958333333334,3.75,3.547,157,3.99
2011-04-08,6.59058823529412,4.0,3.579,160,4.0
2011-04-11,6.60833333333333,4.0,3.587,162,4.0
2011-04-12,6.695,4.0,3.492,170,4.0
2011-04-13,6.78625,4.0,3.46,184,4.0
2011-04-14,7.01888888888889,4.0,3.5,193,3.99
2011-04-15,7.10666666666667,4.0,3.41,202,4.0
2011-04-18,7.16333333333333,4.0,3.376,203,4.0
2011-04-19,7.18875,4.0,3.365,206,4.0
2011-04-20,7.2,4.0,3.41,203,
2011-04-21,,4.0,3.398,204,
2011-04-22,,4.0,3.393,204,
2011-04-25,7.2075,4.0,3.365,210,4.0
2011-04-26,7.2475,4.0,3.309,227,3.99
2011-04-27,7.349,4.0,3.357,231,3.93
2011-04-28,7.19533333333333,4.0,3.312,226,3.94
2011-04-29,7.03428571428571,4.0,3.288,217,4.0
2011-05-02,,4.0,3.281,218,4.0
2011-05-03,6.95185185185185,4.0,3.249,216,4.0
2011-05-04,6.79179130434783,4.0,3.218,199,4.0
2011-05-05,6.80032857142857,4.0,3.152,200,4.0
2011-05-06,6.73,4.0,3.148,189,4.0
2011-05-09,6.614,4.0,3.162,188,4.0
2011-05-10,6.745,4.0,3.214,188,4.0
2011-05-11,6.82909090909091,4.0,3.16,194,4.07
2011-05-12,6.74754285714286,4.0,3.223,183,4.0
2011-05-13,6.6879641025641,4.25,3.171,178,4.43
2011-05-16,6.72,4.25,3.148,181,4.46
2011-05-17,6.715,4.25,3.117,183,4.25
2011-05-18,6.67666666666667,4.25,3.181,181,4.25
2011-05-19,6.719,4.25,3.172,179,4.24
2011-05-20,6.7,4.25,3.146,182,4.25
2011-05-23,6.69363636363636,4.25,3.13,175,4.25
2011-05-24,6.7,4.25,3.115,176,4.25
2011-05-25,6.68571428571429,4.25,3.131,174,4.25
2011-05-26,6.65222222222222,4.25,3.058,182,4.25
2011-05-27,6.6394,4.25,3.074,182,4.25
2011-05-30,6.7,4.25,3.074,182,4.25
2011-05-31,6.67333333333333,4.25,3.062,189,4.25
2011-06-01,6.7,4.25,2.942,201,4.25
2011-06-02,6.588,4.25,3.031,189,4.37
2011-06-03,6.54125,4.25,2.987,192,4.34
2011-06-06,6.80851851851852,4.25,2.996,214,4.29
2011-06-07,6.67666666666667,4.25,2.996,195,4.26
2011-06-08,6.536,4.25,2.94,199,4.32
2011-06-09,6.51,4.25,2.998,189,4.3
2011-06-10,6.42,4.25,2.97,191,4.29
2011-06-13,6.40285714285714,4.25,2.985,193,
2011-06-14,6.458,4.25,3.098,182,
2011-06-15,6.44,4.25,2.97,193,
2011-06-16,6.46,4.25,2.928,198,4.32
2011-06-17,6.385,4.25,2.945,197,4.26
2011-06-20,6.38,4.25,2.959,196,4.22
2011-06-21,6.32444444444445,4.25,2.984,193,4.16
2011-06-22,6.3,4.25,2.983,192,4.2
2011-06-23,6.33,4.25,2.913,197,4.26
2011-06-24,6.379,4.25,2.864,200,4.25
2011-06-27,6.3,4.25,2.931,191,4.25
2011-06-28,6.369,4.25,3.032,184,4.25
2011-06-29,,4.25,3.113,177,
2011-06-30,6.30166666666667,4.25,3.161,169,4.36
2011-07-01,6.25666666666667,4.25,3.183,168,4.36
2011-07-04,6.309,4.25,3.183,168,4.3
2011-07-05,6.22,4.25,3.122,168,4.25
2011-07-06,6.2,4.25,3.109,173,4.25
2011-07-07,6.23166666666667,4.25,3.139,168,4.25
2011-07-08,6.289,4.25,3.028,180,4.25
2011-07-11,6.27,4.25,2.92,186,4.25
2011-07-12,6.27416666666667,4.25,2.878,189,4.25
2011-07-13,6.25,4.25,2.883,189,4.25
2011-07-14,6.25,4.25,2.954,182,4.25
2011-07-15,6.25,4.25,2.907,185,4.25
2011-07-18,6.24105263157895,4.25,2.929,176,4.25
2011-07-19,6.23666666666667,4.25,2.881,177,4.25
2011-07-20,6.2165,4.25,2.928,169,4.25
2011-07-21,6.2,4.25,3.015,160,4.25
2011-07-22,6.2101,4.25,2.963,163,4.25
2011-07-25,6.20333333333333,4.25,3.002,160,4.25
2011-07-26,6.19,4.25,2.954,160,4.25
2011-07-27,6.19083333333333,4.25,2.981,154,4.25
2011-07-28,,4.25,2.946,154,
2011-07-29,,4.25,2.797,159,
2011-08-01,6.139059375,4.25,2.745,151,4.25
2011-08-02,6.085,4.25,2.612,159,4.26
2011-08-03,6.09428571428572,4.25,2.621,162,4.26
2011-08-04,6.11290322580645,4.25,2.404,183,4.25
2011-08-05,6.124,4.25,2.56,181,4.25
2011-08-08,6.12232222222222,4.25,2.319,216,4.25
2011-08-09,6.124,4.25,2.25,225,4.25
2011-08-10,6.068,4.25,2.107,225,
2011-08-11,6.015,4.25,2.34,214,4.25
2011-08-12,5.9903705882353,4.25,2.256,216,4.25
2011-08-15,5.97818181818182,4.25,2.306,204,4.25
2011-08-16,5.98,4.25,2.22,209,4.24
2011-08-17,5.94923076923077,4.25,2.166,208,4.21
2011-08-18,5.9021052631579,4.25,2.063,216,4.19
2011-08-19,5.868,4.25,2.064,218,4.19
2011-08-22,5.801,4.25,2.107,213,4.24
2011-08-23,5.71958333333333,4.25,2.154,210,4.2
2011-08-24,5.64571428571429,4.25,2.3,194,4.2
2011-08-25,5.60789473684211,4.25,2.23,200,4.2
2011-08-26,5.642,4.25,2.191,204,4.2
2011-08-29,,4.25,2.257,194,
2011-08-30,,4.25,2.178,202,
2011-08-31,5.53058823529412,4.25,2.224,186,4.19
2011-09-01,5.53727272727273,4.25,2.131,194,4.25
2011-09-02,5.506,4.25,1.989,207,4.25
2011-09-05,5.44761904761905,4.25,1.989,207,4.16
2011-09-06,5.41166666666667,4.25,1.985,213,4.19
2011-09-07,5.4025,4.25,2.044,206,4.18
2011-09-08,5.41,4.25,1.98,209,4.2
2011-09-09,5.38205128205128,4.25,1.92,222,4.2
2011-09-12,5.4225,4.25,1.948,227,4.2
2011-09-13,5.455,4.25,1.992,221,4.19
2011-09-14,5.4955,4.25,1.985,224,4.25
2011-09-15,5.55441176470588,4.25,2.083,219,4.25
2011-09-16,5.63875,4.25,2.049,221,4.34
2011-09-19,5.68058823529412,4.25,1.951,239,4.32
2011-09-20,5.67545454545455,4.25,1.939,236,4.29
2011-09-21,5.73,4.25,1.858,247,4.27
2011-09-22,5.925,4.25,1.719,283,4.3
2011-09-23,5.82576923076923,4.25,1.834,277,4.3
2011-09-26,5.8,4.25,1.901,280,4.3
2011-09-27,5.754375,4.25,1.972,269,4.3
2011-09-28,5.868,4.25,1.981,270,4.29
2011-09-29,5.863125,4.25,1.997,274,4.28
2011-09-30,5.85833333333333,4.25,1.916,279,4.3
2011-10-03,5.929,4.25,1.757,295,4.3
2011-10-04,5.87833333333333,4.25,1.822,295,4.25
2011-10-05,5.86416666666667,4.25,1.889,292,4.25
2011-10-06,5.77594736842105,4.25,1.988,271,4.27
2011-10-07,5.74944444444444,4.25,2.078,261,4.3
2011-10-10,5.73333333333333,4.25,2.078,261,4.3
2011-10-11,5.72814814814815,4.25,2.151,235,4.3
2011-10-12,5.71302325581395,4.25,2.211,217,4.29
2011-10-13,5.64866666666666,4.25,2.184,224,4.25
2011-10-14,5.628,4.25,2.249,212,4.25
2011-10-17,5.7,4.25,2.156,219,4.26
2011-10-18,5.72333333333333,4.25,2.178,218,4.3
2011-10-19,5.68863636363636,4.25,2.161,218,4.3
2011-10-20,5.7,4.25,2.19,219,4.27
2011-10-21,5.68,4.25,2.22,215,4.23
2011-10-24,5.70483928571428,4.25,2.234,212,4.21
2011-10-25,5.7053,4.25,2.11,219,4.26
2011-10-26,5.73666666666667,4.25,2.205,208,4.26
2011-10-27,5.61091666666667,4.25,2.398,183,4.27
2011-10-28,5.59888888888889,4.25,2.318,192,4.27
2011-10-31,,4.25,2.114,205,
2011-11-01,,4.25,1.99,210,
2011-11-02,5.62058823529412,4.25,1.986,209,4.25
2011-11-03,5.65647058823529,4.25,2.074,192,4.27
2011-11-04,5.66428571428572,4.25,2.034,192,4.28
2011-11-07,5.66692307692308,4.25,2.038,199,4.28
2011-11-08,5.65,4.25,2.078,190,4.3
2011-11-09,5.6825,4.25,1.962,208,4.28
2011-11-10,5.66,4.25,2.058,198,4.25
2011-11-11,5.61511627906977,4.25,2.058,198,4.24
2011-11-14,5.60125,4.25,2.057,201,4.19
2011-11-15,5.63,4.25,2.046,199,4.25
2011-11-16,5.62875,4.25,2.001,203,4.25
2011-11-17,5.61589655172414,4.25,1.961,210,4.25
2011-11-18,5.61355932203391,4.25,2.011,217,4.25
2011-11-21,5.68384615384615,4.25,1.956,228,4.25
2011-11-22,5.69952380952381,4.25,1.918,231,4.25
2011-11-23,5.73153846153846,4.25,1.885,242,4.25
2011-11-24,5.748,4.25,1.885,242,4.25
2011-11-25,5.73860465116279,4.25,1.965,242,4.25
2011-11-28,5.72254545454546,4.25,1.975,236,4.23
2011-11-29,5.716,4.25,1.992,238,4.24
2011-11-30,5.66880952380952,4.25,2.069,227,4.25
2011-12-01,5.62044444444444,4.25,2.088,217,4.25
2011-12-02,5.62,4.25,2.034,220,4.25
2011-12-05,5.64605263157894,4.25,2.044,219,4.26
2011-12-06,5.65875,4.25,2.09,211,4.25
2011-12-07,5.64988888888889,4.25,2.03,218,4.25
2011-12-08,,4.25,1.971,221,4.25
2011-12-09,5.63520547945205,4.25,2.062,210,4.25
2011-12-12,5.7203947368421,4.25,2.014,215,4.24
2011-12-13,5.72615384615385,4.25,1.966,215,4.19
2011-12-14,5.74290322580646,4.25,1.904,223,4.18
2011-12-15,5.73377391304348,4.25,1.909,221,4.19
2011-12-16,5.69319076923077,4.25,1.848,228,4.23
2011-12-19,5.69882352941176,4.25,1.81,232,4.25
2011-12-20,5.69777777777778,4.25,1.924,218,4.25
2011-12-21,5.7028125,4.25,1.968,212,4.25
2011-12-22,5.72,4.25,1.948,214,4.26
2011-12-23,,4.25,2.025,205,
2011-12-26,5.769,4.25,2.025,205,4.25
2011-12-27,5.72071428571429,4.25,2.006,207,4.25
2011-12-28,5.72,4.25,1.918,215,4.25
2011-12-29,5.73537142857143,4.25,1.9,217,4.25
2011-12-30,,4.25,1.877,216,
2012-01-02,5.71153846153846,4.25,1.877,216,4.25
2012-01-03,5.67436363636364,4.25,1.948,206,4.25
2012-01-04,5.69,4.25,1.978,205,4.25
2012-01-05,5.65665151515152,4.25,1.996,207,4.25
2012-01-06,5.65139534883721,4.25,1.959,211,4.25
2012-01-09,5.66208333333334,4.25,1.959,210,4.25
2012-01-10,5.65064516129032,4.25,1.969,211,4.25
2012-01-11,5.68313953488372,4.25,1.905,228,4.23
2012-01-12,5.69881355932203,4.25,1.924,227,4.21
2012-01-13,5.73042553191489,4.25,1.864,233,4.2
2012-01-16,5.72388888888889,4.25,1.864,233,4.19
2012-01-17,5.72404333333333,4.25,1.857,235,4.15
2012-01-18,5.72045454545454,4.25,1.899,230,4.21
2012-01-19,5.70010909090909,4.25,1.978,220,4.21
2012-01-20,5.69166666666667,4.25,2.025,214,4.21
2012-01-23,5.68547083333333,4.25,2.052,212,4.21
2012-01-24,5.68,4.25,2.061,221,4.22
2012-01-25,5.73790697674419,4.25,1.995,220,4.25
2012-01-26,5.68631904761905,4.25,1.932,223,4.22
2012-01-27,5.65588235294118,4.25,1.892,221,4.23
2012-01-30,5.66714285714286,4.25,1.845,223,4.23
2012-01-31,5.6488,4.25,1.798,221,4.25
2012-02-01,5.62,4.25,1.827,214,4.22
2012-02-02,5.6,4.25,1.822,215,4.22
2012-02-03,5.58245714285714,4.25,1.923,203,4.22
2012-02-06,5.61520000000001,4.25,1.907,207,4.22
2012-02-07,5.65031645569619,4.25,1.974,199,4.22
2012-02-08,5.62235294117647,4.25,1.983,200,4.21
2012-02-09,5.598,4.25,2.037,195,4.22
2012-02-10,5.57053124999999,4.25,1.987,204,4.19
2012-02-13,5.54166666666667,4.25,1.975,196,4.2
2012-02-14,5.58003846153846,4.25,1.937,201,4.2
2012-02-15,5.56666666666667,4.25,1.928,201,4.21
2012-02-16,5.56623376623376,4.25,1.984,195,4.22
2012-02-17,5.54347826086957,4.25,2.003,192,4.25
2012-02-20,5.52872340425532,4.25,2.003,192,4.25
2012-02-21,5.53296296296296,4.25,2.06,188,4.25
2012-02-22,5.50999999999999,4.25,2.004,191,4.25
2012-02-23,5.51,4.25,1.997,195,4.25
2012-02-24,5.47584186046512,4.25,1.977,198,4.25
2012-02-27,5.4692,4.25,1.926,203,4.25
2012-02-28,5.471,4.25,1.944,200,4.25
2012-02-29,5.43809523809524,4.25,1.972,195,4.25
2012-03-01,5.44947368421053,4.25,2.027,187,4.25
2012-03-02,5.4441935483871,4.25,1.975,187,4.25
2012-03-05,5.43941176470588,4.25,2.011,187,4.25
2012-03-06,5.42673913043478,4.25,1.944,193,4.25
2012-03-07,5.44929156626505,4.25,1.976,186,4.25
2012-03-08,5.45518518518519,4.25,2.013,180,4.25
2012-03-09,5.386,4.25,2.029,179,4.25
2012-03-12,5.33363636363636,4.25,2.034,174,4.25
2012-03-13,5.32382352941176,4.25,2.127,165,4.25
2012-03-14,5.37943191489362,4.25,2.27,152,4.25
2012-03-15,5.39810810810811,4.25,2.28,152,4.25
2012-03-16,5.38611515151515,4.25,2.295,150,4.25
2012-03-19,5.364,4.25,2.378,144,4.25
2012-03-20,5.3875,4.25,2.36,145,4.25
2012-03-21,5.37173913043478,4.25,2.297,151,4.25
2012-03-22,5.39469387755102,4.25,2.279,154,4.25
2012-03-23,5.43450408163266,4.25,2.233,158,4.25
2012-03-26,5.48333333333334,4.25,2.249,157,4.25
2012-03-27,5.43301587301588,4.25,2.184,161,4.25
2012-03-28,5.39857142857142,4.25,2.201,160,4.25
2012-03-29,5.4253947368421,4.25,2.16,164,4.25
2012-03-30,5.4,4.25,2.211,157,4.25
2012-04-02,5.42526315789474,4.25,2.183,159,4.25
2012-04-03,5.43214285714286,4.25,2.301,148,4.25
2012-04-04,5.4415909090909,4.25,2.224,153,4.25
2012-04-05,,4.25,2.181,160,4.25
2012-04-06,,4.25,2.055,160,4.25
2012-04-09,5.42,4.25,2.048,173,4.22
2012-04-10,5.41074074074074,4.25,1.983,179,4.24
2012-04-11,5.4016923076923,4.25,2.036,171,4.24
2012-04-12,5.41333333333333,4.25,2.052,165,4.23
2012-04-13,5.37194444444444,4.25,1.983,168,4.23
2012-04-16,5.32063829787234,4.25,1.981,171,4.24
2012-04-17,5.25153846153846,4.25,1.999,163,4.25
2012-04-18,5.28333333333333,4.25,1.976,163,4.24
2012-04-19,5.27538461538461,4.25,1.967,162,4.24
2012-04-20,5.26970588235294,4.25,1.964,161,4.24
2012-04-23,5.2625,4.25,1.936,167,4.2
2012-04-24,5.23395348837209,4.25,1.974,165,4.21
2012-04-25,5.19807692307692,4.25,1.985,162,4.21
2012-04-26,5.15854166666666,4.25,1.939,165,4.25
2012-04-27,5.13727272727273,4.25,1.936,166,4.24
2012-04-30,,4.25,1.915,166,4.24
2012-05-01,,4.25,1.944,160,
2012-05-02,5.03486486486487,4.25,1.929,159,4.25
2012-05-03,4.98723404255319,4.25,1.932,154,4.23
2012-05-04,4.95615384615385,4.25,1.879,156,4.23
2012-05-07,4.97611111111111,4.25,1.872,155,4.25
2012-05-08,5.044,4.25,1.841,159,4.25
2012-05-09,5.09447368421053,4.25,1.824,161,4.25
2012-05-10,5.09285714285714,4.25,1.868,156,4.25
2012-05-11,5.1,4.25,1.838,164,4.25
2012-05-14,5.15,4.25,1.765,175,4.25
2012-05-15,5.13196428571429,4.25,1.769,180,4.24
2012-05-16,5.13666666666667,4.25,1.761,184,4.23
2012-05-17,5.15333333333333,4.25,1.698,195,4.24
2012-05-18,5.16912926829268,4.25,1.723,197,4.25
2012-05-21,5.19851063829787,4.25,1.742,196,4.25
2012-05-22,5.21857142857143,4.25,1.77,190,4.25
2012-05-23,5.27566666666667,4.25,1.735,201,4.24
2012-05-24,5.33583333333333,4.25,1.778,195,4.25
2012-05-25,5.34214285714286,4.25,1.739,197,4.23
2012-05-28,5.302,4.25,1.739,197,4.24
2012-05-29,5.23936170212766,4.25,1.746,197,4.24
2012-05-30,5.30684210526316,4.25,1.623,208,4.25
2012-05-31,5.3,4.25,1.559,216,4.25
2012-06-01,5.30403,4.25,1.453,226,4.25
2012-06-04,5.25,4.25,1.525,217,4.25
2012-06-05,5.22428571428571,4.25,1.575,208,4.23
2012-06-06,5.13717948717948,4.25,1.66,193,4.21
2012-06-07,5.07962962962963,4.25,1.64,189,4.21
2012-06-08,5.11916666666667,4.25,1.636,190,4.23
2012-06-11,5.15615384615385,4.25,1.587,195,4.19
2012-06-12,5.18,4.25,1.665,188,4.25
2012-06-13,5.14375,4.25,1.594,189,4.22
2012-06-14,5.12571428571429,4.25,1.643,184,4.23
2012-06-15,5.08280701754387,4.25,1.578,176,4.24
2012-06-18,5.03142857142857,4.25,1.575,182,4.25
2012-06-19,5.03229508196722,4.25,1.621,180,4.24
2012-06-20,5.04061224489796,4.25,1.658,180,4.24
2012-06-21,5.04397435897436,4.25,1.617,183,4.21
2012-06-22,5.19427142857143,4.25,1.675,176,4.2
2012-06-25,5.19427142857143,4.25,1.603,182,4.25
2012-06-26,5.195,4.25,1.627,180,4.25
2012-06-27,5.16214285714286,4.25,1.619,181,4.25
2012-06-28,5.18,4.25,1.578,184,4.25
2012-06-29,,4.25,1.646,174,4.25
2012-07-02,5.14,4.25,1.589,182,4.25
2012-07-03,5.15,4.25,1.63,174,4.25
2012-07-04,5.23,4.25,1.63,174,4.25
2012-07-05,5.1325,4.25,1.598,174,4.27
2012-07-06,5.17,4.25,1.55,179,4.29
2012-07-09,5.17,4.25,1.513,180,4.25
2012-07-10,5.1,4.25,1.502,176,4.25
2012-07-11,5.03,4.25,1.518,165,4.25
2012-07-12,4.86,4.25,1.475,162,4.23
2012-07-13,4.86,4.25,1.488,157,4.21
2012-07-16,4.775,4.25,1.473,156,4.21
2012-07-17,4.98,4.25,1.509,151,4.23
2012-07-18,4.91,4.25,1.495,153,4.24
2012-07-19,4.8,4.25,1.509,150,4.25
2012-07-20,4.75,4.25,1.458,155,4.24
2012-07-23,4.95,4.25,1.427,158,4.24
2012-07-24,,4.25,1.388,165,4.24
2012-07-25,4.82333333333333,4.25,1.398,165,4.25
2012-07-26,4.82,4.25,1.439,162,4.25
2012-07-27,,4.25,1.547,146,4.25
2012-07-30,4.94,4.25,1.503,148,4.21
2012-07-31,5.88,4.25,1.469,145,4.25
2012-08-01,5.88,4.25,1.525,136,4.25
2012-08-02,4.65,4.25,1.479,142,4.25
2012-08-03,4.85,4.25,1.564,130,4.25
2012-08-06,4.8,4.25,1.567,131,4.25
2012-08-07,4.84,4.25,1.629,124,4.15
2012-08-08,4.85,4.25,1.65,122,4.19
2012-08-09,4.78888888888889,4.25,1.689,125,4.19
2012-08-10,4.781,4.25,1.658,130,4.2
2012-08-13,4.78,4.25,1.665,131,4.2
2012-08-14,4.82,4.25,1.739,130,4.19
2012-08-15,4.81,4.25,1.816,126,4.2
2012-08-16,4.83,4.25,1.835,126,4.2
2012-08-17,4.8,4.25,1.811,132,4.21
2012-08-20,4.83,4.25,1.806,134,4.18
2012-08-21,4.83,4.25,1.799,131,4.24
2012-08-22,4.805,4.25,1.692,137,4.23
2012-08-23,4.82631578947368,4.25,1.679,139,4.25
2012-08-24,4.80166666666667,4.25,1.687,137,4.25
2012-08-27,4.785,4.25,1.651,140,4.25
2012-08-28,4.78421052631579,4.25,1.634,139,4.24
2012-08-29,4.796,4.25,1.651,136,4.25
2012-08-30,,4.25,1.624,139,4.25
2012-08-31,,4.25,1.549,145,4.25
2012-09-03,4.83,4.25,1.549,145,4.24
2012-09-04,4.78,4.25,1.573,143,4.22
2012-09-05,4.77666666666667,4.25,1.597,141,4.22
2012-09-06,4.776,4.25,1.679,132,4.2
2012-09-07,4.8,4.25,1.669,131,4.21
2012-09-10,4.75111111111111,4.25,1.655,128,4.23
2012-09-11,4.746,4.25,1.701,128,4.22
2012-09-12,4.75285714285714,4.25,1.758,119,4.21
2012-09-13,4.69296296296296,4.25,1.724,118,4.21
2012-09-14,4.682,4.25,1.867,109,4.2
2012-09-17,4.68,4.25,1.842,113,4.23
2012-09-18,4.60666666666667,4.25,1.809,115,4.24
2012-09-19,4.5625,4.25,1.773,116,4.25
2012-09-20,4.52625,4.25,1.765,114,4.25
2012-09-21,4.59,4.25,1.754,114,4.25
2012-09-24,4.578,4.25,1.71,117,4.25
2012-09-25,4.61,4.25,1.667,121,4.25
2012-09-26,4.61,4.25,1.61,126,4.25
2012-09-27,4.61090909090909,4.25,1.655,125,4.25
2012-09-28,4.57,4.25,1.634,125,4.25
2012-10-01,,4.25,1.626,126,4.25
2012-10-02,,4.25,1.621,124,4.25
2012-10-03,4.62,4.25,1.615,121,4.25
2012-10-04,4.62,4.25,1.674,113,4.26
2012-10-05,4.62,4.25,1.744,106,4.25
2012-10-08,,4.25,1.744,106,
2012-10-09,4.60666666666667,4.25,1.714,107,4.25
2012-10-10,4.62,4.25,1.675,111,4.25
2012-10-11,4.6,4.25,1.671,114,4.25
2012-10-12,4.65,4.25,1.657,112,4.22
2012-10-15,4.65,4.25,1.664,107,4.24
2012-10-16,4.534,4.25,1.719,101,4.24
2012-10-17,4.52,4.25,1.819,94,4.24
2012-10-18,4.50933333333333,4.25,1.835,91,4.24
2012-10-19,4.45125,4.25,1.764,100,4.24
2012-10-22,4.5,4.25,1.814,98,4.24
2012-10-23,4.46666666666667,4.25,1.758,100,4.23
2012-10-24,4.47,4.25,1.79,99,4.25
2012-10-25,4.50181818181818,4.25,1.824,98,4.22
2012-10-26,4.56,4.25,1.746,111,4.21
2012-10-29,4.56,4.25,1.719,114,4.24
2012-10-30,4.508,4.25,1.719,114,4.21
2012-10-31,4.505,4.25,1.719,118,4.24
2012-11-01,,4.25,1.691,114,4.24
2012-11-02,,4.25,1.725,113,4.24
2012-11-05,4.50666666666667,4.25,1.716,115,4.25
2012-11-06,4.515,4.25,1.685,110,4.25
2012-11-07,4.48125,4.25,1.752,121,4.24
2012-11-08,4.49846153846154,4.25,1.648,124,4.24
2012-11-09,4.55,4.25,1.616,126,4.25
2012-11-12,4.55,4.25,1.607,126,4.25
2012-11-13,4.51,4.25,1.607,128,4.25
2012-11-14,4.49972222222222,4.25,1.595,131,4.25
2012-11-15,4.45193548387097,4.25,1.592,133,4.24
2012-11-16,4.452,4.25,1.594,133,4.25
2012-11-19,4.51,4.25,1.581,130,4.25
2012-11-20,4.443,4.25,1.614,124,4.25
2012-11-21,4.44909090909091,4.25,1.667,122,4.25
2012-11-22,4.46,4.25,1.68,122,4.25
2012-11-23,4.444,4.25,1.68,122,4.25
2012-11-26,4.40416666666667,4.25,1.691,124,4.24
2012-11-27,4.39083333333333,4.25,1.663,123,4.25
2012-11-28,4.4,4.25,1.638,122,4.25
2012-11-29,4.36727272727273,4.25,1.629,120,4.25
2012-11-30,4.31285714285714,4.25,1.616,122,4.26
2012-12-03,4.27,4.25,1.616,123,4.25
2012-12-04,4.225625,4.25,1.622,125,4.25
2012-12-05,4.2125,4.25,1.604,124,4.24
2012-12-06,4.18153846153846,4.25,1.588,126,4.25
2012-12-07,4.19909090909091,4.25,1.587,122,4.25
2012-12-10,4.22642857142857,4.25,1.622,124,4.25
2012-12-11,4.18611111111111,4.25,1.617,121,4.25
2012-12-12,4.1475,4.25,1.655,115,4.25
2012-12-13,4.13142857142857,4.25,1.699,116,4.25
2012-12-14,4.13,4.25,1.731,118,4.25
2012-12-17,4.11714285714286,4.25,1.702,112,4.24
2012-12-18,4.132,4.25,1.773,108,4.22
2012-12-19,4.125,4.25,1.818,109,4.21
2012-12-20,4.12,4.25,1.802,111,4.18
2012-12-21,4.17,4.25,1.797,115,4.25
2012-12-24,,4.25,1.764,113,4.25
2012-12-25,,4.25,1.775,113,4.25
2012-12-26,4.10666666666667,4.25,1.775,114,4.25
2012-12-27,4.09533333333333,4.25,1.752,118,4.25
2012-12-28,,4.25,1.737,120,4.21
2012-12-31,,4.25,1.702,114,4.21
2013-01-01,,4.25,,114,
2013-01-02,4.09,4.25,1.758,105,4.24
2013-01-03,4.10214285714286,4.25,1.838,100,4.15
2013-01-04,4.125,4.25,1.913,100,4.2
2013-01-07,4.1,4.25,1.9,103,4.18
2013-01-08,4.125,4.25,1.898,108,4.21
2013-01-09,4.104,4.25,1.869,110,4.22
2013-01-10,4.05333333333333,4.25,1.858,109,4.18
2013-01-11,4.03333333333333,4.25,1.897,111,4.03
2013-01-14,4.015,4.25,1.869,111,4.12
2013-01-15,3.98,4.25,1.846,112,4.1
2013-01-16,4.0,4.25,1.837,111,4.13
2013-01-17,4.04,4.25,1.819,108,4.16
2013-01-18,4.01,4.25,1.88,110,4.09
2013-01-21,4.0,4.25,,110,3.69
2013-01-22,4.00545454545454,4.25,1.843,111,3.83
2013-01-23,4.015,4.25,1.843,111,4.14
2013-01-24,4.02333333333333,4.25,1.825,110,4.17
2013-01-25,4.16,4.25,1.851,106,4.19
2013-01-28,4.14571428571429,4.25,1.95,109,4.22
2013-01-29,4.12466666666667,4.25,1.962,112,4.21
2013-01-30,4.14,4.25,2.0,121,4.23
2013-01-31,4.093125,4.25,1.993,129,4.22
2013-02-01,4.05333333333333,4.25,1.986,126,4.09
2013-02-04,4.09,4.25,2.016,127,4.12
2013-02-05,4.10666666666667,4.25,1.956,121,4.17
2013-02-06,4.12,4.25,1.999,123,4.18
2013-02-07,4.10515151515151,4.25,1.961,124,4.2
2013-02-08,4.122,4.25,1.958,122,4.2
2013-02-11,,4.25,1.951,124,4.2
2013-02-12,4.13142857142857,4.25,1.964,122,4.19
2013-02-13,4.16588235294118,4.25,1.978,119,4.18
2013-02-14,4.2,4.25,2.029,122,4.2
2013-02-15,4.12230769230769,4.25,1.998,124,4.2
2013-02-18,4.16,4.25,,124,4.14
2013-02-19,4.13333333333333,4.25,2.003,121,4.19
2013-02-20,4.18,4.25,2.029,128,4.2
2013-02-21,4.14,4.25,2.01,131,4.25
2013-02-22,4.1525,4.25,1.977,132,4.25
2013-02-25,4.18765957446808,4.25,1.963,138,4.25
2013-02-26,4.30107142857143,4.25,1.865,139,4.26
2013-02-27,4.231875,4.25,1.882,136,4.26
2013-02-28,4.18303571428571,4.25,1.902,138,4.25
2013-03-01,4.13375,4.25,1.876,141,4.24
2013-03-04,4.1486,4.25,1.842,139,4.24
2013-03-05,4.14094339622641,4.25,1.876,132,4.23
2013-03-06,4.14784810126583,4.25,1.899,128,4.24
2013-03-07,4.15000333333334,4.25,1.938,125,4.25
2013-03-08,4.164,4.25,1.997,125,4.25
2013-03-11,4.16,4.25,2.044,127,4.25
2013-03-12,4.17862068965517,4.25,2.058,131,4.24
2013-03-13,4.14541666666667,4.25,2.017,135,4.24
2013-03-14,4.14586206896552,4.25,2.022,134,4.24
2013-03-15,4.1325,4.25,2.03,144,4.23
2013-03-18,4.11677419354839,4.25,1.99,147,4.24
2013-03-19,4.14846153846154,4.25,1.956,152,4.22
2013-03-20,4.1595,4.25,1.903,149,4.24
2013-03-21,4.15111111111111,4.25,1.959,150,4.24
2013-03-22,4.15666666666667,4.25,1.912,148,4.25
2013-03-25,4.1656,4.25,1.926,147,4.24
2013-03-26,4.14846153846154,4.25,1.921,148,4.25
2013-03-27,4.12521739130435,4.25,1.91,150,4.24
2013-03-28,,4.25,1.846,147,
2013-03-29,,4.25,,147,
2013-04-01,4.132,4.25,1.85,148,4.24
2013-04-02,4.12105263157895,4.25,1.832,142,4.24
2013-04-03,4.12111111111111,4.25,1.86,141,4.23
2013-04-04,4.11566666666667,4.25,1.812,133,4.24
2013-04-05,4.08966101694915,4.25,1.763,136,4.24
2013-04-08,4.08,4.25,1.714,132,4.24
2013-04-09,4.08,4.25,1.747,130,4.24
2013-04-10,4.06,4.25,1.751,126,4.23
2013-04-11,4.05,4.25,1.804,125,4.2
2013-04-12,4.05,4.25,1.79,128,3.99
2013-04-15,4.03,4.25,1.722,130,4.04
2013-04-16,4.04,4.25,1.681,128,3.94
2013-04-17,4.01,4.25,1.723,129,3.96
2013-04-18,3.98,4.25,1.696,131,4.03
2013-04-19,3.94,4.25,1.686,130,4.21
2013-04-22,3.96,4.25,1.706,130,4.25
2013-04-23,3.97,4.25,1.694,129,4.25
2013-04-24,3.99,4.25,1.707,131,4.25
2013-04-25,4.07,4.25,1.706,133,4.25
2013-04-26,4.1,4.25,1.709,137,4.26
2013-04-29,4.14,4.25,1.664,135,4.24
2013-04-30,4.11,4.25,1.671,132,4.26
2013-05-01,,4.25,1.673,129,4.26
2013-05-02,4.1,4.25,1.63,125,4.25
2013-05-03,4.07,4.25,1.626,122,4.25
2013-05-06,4.06,4.25,1.739,122,4.25
2013-05-07,4.07,4.25,1.76,121,4.25
2013-05-08,4.03,4.25,1.779,121,4.25
2013-05-09,4.03,4.25,1.767,116,4.25
2013-05-10,4.07,4.25,1.812,112,4.25
2013-05-13,4.07,4.25,1.898,115,4.25
2013-05-14,4.05,4.25,1.921,112,4.25
2013-05-15,4.01,4.25,1.975,120,4.24
2013-05-16,3.99,4.25,1.936,131,4.24
2013-05-17,4.02,4.25,1.882,131,4.25
2013-05-20,4.07,4.25,1.951,135,4.25
2013-05-21,4.11,4.25,1.966,142,4.24
2013-05-22,4.15,4.25,1.927,134,4.24
2013-05-23,4.32,4.25,2.04,146,4.26
2013-05-24,4.38,4.25,2.017,149,4.25
2013-05-27,4.45,4.25,2.009,149,4.27
2013-05-28,4.38,4.25,2.009,156,4.3
2013-05-29,4.45,4.25,2.166,165,4.27
2013-05-30,4.75,4.25,2.116,164,4.27
2013-05-31,4.81,4.25,2.112,159,4.28
2013-06-03,4.8019,4.25,2.129,161,4.28
2013-06-04,4.89,4.25,2.12,157,4.27
2013-06-05,4.97,4.25,2.147,162,4.27
2013-06-06,5.26901408450704,4.25,2.09,171,4.25
2013-06-07,4.97,4.25,2.078,162,4.25
2013-06-10,5.28,4.25,2.173,165,4.25
2013-06-11,5.36,4.25,2.211,181,4.25
2013-06-12,5.38,4.25,2.186,170,4.25
2013-06-13,5.26,4.25,2.229,162,4.25
2013-06-14,5.12,4.25,2.15,165,4.25
2013-06-17,5.14,4.25,2.13,161,4.24
2013-06-18,5.257,4.25,2.183,172,4.25
2013-06-19,5.2,4.25,2.186,182,4.26
2013-06-20,5.6,4.25,2.354,199,4.26
2013-06-21,5.73,4.25,2.415,191,4.27
2013-06-24,5.91,4.25,2.532,212,4.26
2013-06-25,5.76,4.25,2.538,211,4.26
2013-06-26,5.61641304347826,4.25,2.609,206,4.26
2013-06-27,5.55554896142433,4.25,2.536,205,4.26
2013-06-28,,4.25,2.473,201,4.26
2013-07-01,5.48611796982167,4.25,2.487,192,4.25
2013-07-02,5.4822430894309,4.25,2.477,186,4.3
2013-07-03,5.46886426592798,4.25,2.47,191,4.62
2013-07-04,5.40186915887851,4.25,2.504,191,4.75
2013-07-05,5.52368421052632,4.25,2.504,185,4.71
2013-07-08,5.3843956043956,4.25,2.74,189,4.33
2013-07-09,5.20714285714286,4.25,2.637,189,4.35
2013-07-10,5.21166666666667,4.25,2.635,184,4.25
2013-07-11,5.18,4.25,2.625,188,4.25
2013-07-12,5.17636363636364,4.25,2.573,180,4.25
2013-07-15,5.197875,4.25,2.583,175,4.25
2013-07-16,5.24,4.25,2.538,174,4.25
2013-07-17,5.152,4.25,2.533,166,4.25
2013-07-18,5.1709756097561,4.25,2.49,157,4.25
2013-07-19,5.26,4.25,2.529,160,4.26
2013-07-22,5.19,4.25,2.485,156,4.26
2013-07-23,5.09,4.25,2.481,153,4.25
2013-07-24,5.13,4.25,2.506,157,4.26
2013-07-25,5.15,4.25,2.589,163,4.27
2013-07-26,5.16,4.25,2.572,172,4.25
2013-07-29,,4.25,2.563,175,4.25
2013-07-30,,4.25,2.603,178,4.25
2013-07-31,5.2,4.25,2.611,180,4.25
2013-08-01,5.17679190751445,4.25,2.577,179,4.25
2013-08-02,5.178,4.25,2.707,179,4.25
2013-08-05,5.14,4.25,2.597,176,4.25
2013-08-06,5.14,4.25,2.634,179,4.25
2013-08-07,5.21676445934619,4.25,2.643,183,4.25
2013-08-08,5.26,4.25,2.6,183,4.25
2013-08-09,5.2,4.25,2.59,186,4.25
2013-08-12,5.29,4.25,2.579,183,4.25
2013-08-13,5.2,4.25,2.621,177,4.25
2013-08-14,5.31,4.25,2.72,181,4.26
2013-08-15,5.4,4.25,2.714,185,4.25
2013-08-16,5.52,4.25,2.767,188,4.25
2013-08-19,5.6,4.25,2.826,193,4.25
2013-08-20,5.55,4.25,2.881,197,4.26
2013-08-21,5.75,4.25,2.815,200,4.62
2013-08-22,5.7,4.25,2.894,196,5.9
2013-08-23,5.7,4.25,2.885,199,4.96
2013-08-26,5.7,4.25,2.815,199,4.5
2013-08-27,5.83,4.25,2.786,208,4.36
2013-08-28,5.875,4.25,2.71,206,4.35
2013-08-29,5.98040816326531,4.25,2.766,208,4.55
2013-08-30,,4.25,2.763,207,4.55
2013-09-02,6.01,4.25,2.785,207,4.34
2013-09-03,6.01,4.25,2.785,204,4.45
2013-09-04,6.01,4.25,2.859,202,4.6
2013-09-05,6.08,4.25,2.898,196,4.7
2013-09-06,6.0,4.25,2.995,192,4.51
2013-09-09,5.98,4.25,2.965,188,4.25
2013-09-10,6.02,4.25,2.913,194,4.28
2013-09-11,5.97,4.25,2.965,190,4.25
2013-09-12,5.69,4.25,2.913,191,4.25
2013-09-13,5.6,4.25,2.91,191,4.17
2013-09-16,5.39,4.25,2.886,182,4.23
2013-09-17,5.39,4.25,2.865,178,4.2
2013-09-18,5.42,4.25,2.848,174,4.24
2013-09-19,5.16,4.25,2.689,162,4.21
2013-09-20,5.12,4.25,2.753,163,4.21
2013-09-23,5.13,4.25,2.735,163,4.21
2013-09-24,5.23,4.25,2.701,166,4.25
2013-09-25,5.25,4.25,2.656,169,4.25
2013-09-26,5.3,4.25,2.629,176,4.25
2013-09-27,5.37,4.25,2.651,179,4.25
2013-09-30,5.48,4.25,2.625,184,4.25
2013-10-01,5.25,4.25,2.611,180,4.25
2013-10-02,5.36,4.25,2.651,179,4.25
2013-10-03,5.3,4.25,2.618,180,4.25
2013-10-04,5.4,4.25,2.605,177,4.25
2013-10-07,5.38,4.25,2.646,175,4.25
2013-10-08,,4.25,2.627,172,4.25
2013-10-09,5.78,4.25,2.633,169,4.25
2013-10-10,5.51,4.25,2.664,168,4.25
2013-10-11,5.45,4.25,2.682,166,4.25
2013-10-14,5.45,4.25,2.688,166,4.25
2013-10-15,5.42,4.25,2.688,161,4.25
2013-10-16,5.36,4.25,2.729,165,4.25
2013-10-17,5.26,4.25,2.664,171,4.25
2013-10-18,5.29,4.25,2.59,168,4.25
2013-10-21,5.32,4.25,2.579,169,4.25
2013-10-22,5.24,4.25,2.602,175,4.23
2013-10-23,5.17,4.25,2.513,174,4.25
2013-10-24,5.13,4.25,2.502,175,4.25
2013-10-25,5.1,4.25,2.521,179,4.24
2013-10-28,5.07,4.25,2.51,179,4.25
2013-10-29,5.19,4.25,2.524,178,4.25
2013-10-30,5.18,4.25,2.504,174,4.25
2013-10-31,5.37,4.25,2.539,176,4.25
2013-11-01,,4.25,2.555,176,4.25
2013-11-04,5.37,4.25,2.623,175,4.25
2013-11-05,5.44,4.25,2.604,176,4.25
2013-11-06,5.41,4.25,2.671,177,4.25
2013-11-07,5.41,4.25,2.643,182,4.25
2013-11-08,5.56,4.0,2.601,182,4.0
2013-11-11,5.56,4.0,2.749,182,4.0
2013-11-12,5.54,4.0,2.749,189,3.99
2013-11-13,5.46,4.0,2.774,189,4.0
2013-11-14,5.45,4.0,2.7,182,4.0
2013-11-15,5.44,4.0,2.691,179,4.0
2013-11-18,5.44,4.0,2.704,179,4.0
2013-11-19,5.46,4.0,2.667,179,4.0
2013-11-20,5.45,4.0,2.708,178,4.01
2013-11-21,5.5,4.0,2.8,181,4.02
2013-11-22,5.49,4.0,2.785,183,4.02
2013-11-25,5.5,4.0,2.744,190,4.09
2013-11-26,5.49,4.0,2.729,194,4.43
2013-11-27,5.47,4.0,2.709,193,4.48
2013-11-28,5.47,4.0,2.738,193,4.6
2013-11-29,5.43,4.0,2.738,193,4.6
2013-12-02,5.47,4.0,2.745,193,4.52
2013-12-03,5.55,4.0,2.796,195,4.87
2013-12-04,5.58,4.0,2.783,193,4.47
2013-12-05,5.58,4.0,2.835,191,4.5
2013-12-06,5.56,4.0,2.873,188,4.54
2013-12-09,5.63,4.0,2.856,187,4.5
2013-12-10,5.66,4.0,2.84,189,4.29
2013-12-11,5.61,4.0,2.802,184,4.14
2013-12-12,5.66,4.0,2.854,177,4.11
2013-12-13,5.67,4.0,2.878,176,4.12
2013-12-16,5.71,4.0,2.866,173,4.1
2013-12-17,5.63,4.0,2.879,177,
2013-12-18,5.67,4.0,2.836,171,4.0
2013-12-19,5.67,4.0,2.894,168,4.01
2013-12-20,5.66,4.0,2.93,173,4.05
2013-12-23,5.53,4.0,2.89,170,4.0
2013-12-24,5.53,4.0,2.928,163,4.0
2013-12-25,,4.0,2.979,163,4.0
2013-12-26,5.6,4.0,2.979,162,4.0
2013-12-27,5.54,4.0,2.991,163,4.0
2013-12-30,5.6,4.0,3.001,166,4.0
2013-12-31,,4.0,2.971,162,4.0
2014-01-01,,4.0,3.029,162,4.0
2014-01-02,5.49,4.0,3.029,165,4.33
2014-01-03,5.5,4.0,2.99,164,4.2
2014-01-06,5.55,4.0,2.996,166,4.0
2014-01-07,5.58,4.0,2.959,168,4.0
2014-01-08,5.65,4.0,2.94,166,4.0
2014-01-09,5.55,4.0,2.99,164,4.0
2014-01-10,5.52,4.0,2.966,170,4.0
2014-01-13,5.55,4.0,2.859,172,3.99
2014-01-14,5.58,4.0,2.827,167,3.99
2014-01-15,5.63,4.0,2.872,163,4.0
2014-01-16,5.62,4.0,2.892,166,4.01
2014-01-17,5.61,4.0,2.842,168,4.04
2014-01-20,5.68,4.0,2.82,168,4.09
2014-01-21,5.63,4.0,2.82,169,4.12
2014-01-22,5.67,4.0,2.83,176,4.2
2014-01-23,5.6,4.0,2.866,190,4.07
2014-01-24,5.8,4.0,2.778,193,4.06
2014-01-27,5.96,4.0,2.716,193,4.08
2014-01-28,6.12,4.0,2.749,194,4.31
2014-01-29,6.21,4.0,2.75,201,4.5
2014-01-30,6.12,4.0,2.678,201,4.3
2014-01-31,6.22,4.0,2.696,202,4.47
2014-02-03,6.4,4.0,2.645,210,4.71
2014-02-04,6.37,4.0,2.577,200,4.68
2014-02-05,6.39,4.0,2.63,191,4.5
2014-02-06,6.36,4.0,2.668,188,4.3
2014-02-07,6.35,4.0,2.701,183,4.31
2014-02-10,6.38,4.0,2.684,182,4.4
2014-02-11,6.41,4.0,2.668,178,4.3
2014-02-12,6.37,4.0,2.726,174,4.25
2014-02-13,6.44,4.0,2.762,178,4.1
2014-02-14,6.5,4.0,2.733,177,4.09
2014-02-17,6.4,4.0,2.744,177,4.02
2014-02-18,6.38,4.0,2.744,178,4.04
2014-02-19,6.38,4.0,2.708,178,4.18
2014-02-20,6.52,4.0,2.74,178,4.19
2014-02-21,6.68,4.0,2.752,177,4.15
2014-02-24,6.67,4.0,2.732,173,4.08
2014-02-25,6.56,4.0,2.739,178,3.98
2014-02-26,6.46,4.0,2.703,182,3.98
2014-02-27,6.34,4.0,2.666,182,3.95
2014-02-28,6.15,4.0,2.64,181,4.06
2014-03-03,6.2,4.0,2.648,184,4.33
2014-03-04,6.2,4.0,2.602,173,4.25
2014-03-05,6.183,4.0,2.699,166,4.0
2014-03-06,6.15,4.0,2.706,164,4.0
2014-03-07,6.22,4.0,2.738,163,4.0
2014-03-10,6.27,4.0,2.789,162,4.0
2014-03-11,6.24,4.0,2.778,162,4.0
2014-03-12,6.25,4.0,2.769,163,4.0
2014-03-13,6.26,4.0,2.731,168,4.0
2014-03-14,6.21,4.0,2.645,168,4.0
2014-03-17,6.2,4.0,2.655,165,4.0
2014-03-18,6.17,4.0,2.693,166,4.0
2014-03-19,6.07,4.0,2.673,164,4.0
2014-03-20,6.2,4.0,2.773,168,4.0
2014-03-21,6.14,4.0,2.773,168,4.01
2014-03-24,6.24,4.0,2.743,173,4.05
2014-03-25,6.14,4.0,2.729,168,4.04
2014-03-26,6.09,4.0,2.749,168,4.0
2014-03-27,6.02,4.0,2.693,168,4.0
2014-03-28,6.02,4.0,2.682,166,4.0
2014-03-31,5.99,4.0,2.722,165,3.99
2014-04-01,6.05,4.0,2.719,155,4.01
2014-04-02,6.06,4.0,2.753,153,4.0
2014-04-03,6.07,4.0,2.805,156,4.0
2014-04-04,6.05,4.0,2.798,156,4.01
2014-04-07,5.98,4.0,2.722,156,4.0
2014-04-08,5.91,4.0,2.701,157,4.0
2014-04-09,5.88,4.0,2.682,155,4.0
2014-04-10,5.87,4.0,2.691,154,4.02
2014-04-11,5.94,4.0,2.648,156,4.06
2014-04-14,5.94,4.0,2.626,154,4.01
2014-04-15,5.96,4.0,2.648,157,4.06
2014-04-16,6.01,4.0,2.629,156,4.24
2014-04-17,,4.0,2.629,148,4.24
2014-04-18,,4.0,2.722,148,4.24
2014-04-21,6.01,4.0,2.722,148,4.0
2014-04-22,5.64,4.0,2.716,149,4.01
2014-04-23,5.92,4.0,2.711,156,
2014-04-24,5.95,4.0,2.7,155,4.01
2014-04-25,5.89,4.0,2.681,157,4.01
2014-04-28,5.99,4.0,2.663,153,4.01
2014-04-29,5.99,4.0,2.701,150,4.01
2014-04-30,5.91,4.0,2.692,149,4.04
2014-05-01,,4.0,2.647,152,4.04
2014-05-02,5.81,4.0,2.614,153,4.2
2014-05-05,5.82,4.0,2.585,152,4.28
2014-05-06,5.8,4.0,2.608,148,4.15
2014-05-07,5.75,4.0,2.592,146,4.07
2014-05-08,5.78,4.0,2.589,143,4.1
2014-05-09,5.76,4.0,2.617,143,4.07
2014-05-12,5.77,4.0,2.624,139,4.0
2014-05-13,5.66,4.0,2.662,140,4.0
2014-05-14,5.66,4.0,2.61,143,4.0
2014-05-15,5.64,4.0,2.544,151,4.0
2014-05-16,5.61,4.0,2.49,152,3.88
2014-05-19,5.62,4.0,2.524,149,3.89
2014-05-20,5.64,4.0,2.545,153,3.87
2014-05-21,5.59,4.0,2.512,151,3.89
2014-05-22,5.54,4.0,2.533,153,3.88
2014-05-23,5.53,4.0,2.551,153,3.89
2014-05-26,5.61,4.0,2.533,153,3.84
2014-05-27,5.56,4.0,2.533,155,3.83
2014-05-28,5.48,4.0,2.515,156,3.83
2014-05-29,5.43,4.0,2.444,152,3.87
2014-05-30,5.4,4.0,2.465,150,4.0
2014-06-02,5.4,4.0,2.477,147,4.0
2014-06-03,5.41,4.0,2.528,144,4.0
2014-06-04,5.5,4.0,2.599,142,4.0
2014-06-05,5.46,4.0,2.603,141,4.0
2014-06-06,5.41,4.0,2.583,134,4.0
2014-06-09,5.38,4.0,2.588,132,4.0
2014-06-10,5.4,4.0,2.604,134,4.0
2014-06-11,5.35,4.0,2.645,141,3.95
2014-06-12,5.29,4.0,2.64,148,3.95
2014-06-13,5.3,4.0,2.596,148,3.96
2014-06-16,5.31,4.0,2.604,151,3.96
2014-06-17,5.37,4.0,2.598,149,3.99
2014-06-18,5.38,4.0,2.653,150,3.99
2014-06-19,5.32,4.0,2.585,149,3.97
2014-06-20,5.39,4.0,2.621,150,4.01
2014-06-23,5.37,4.0,2.606,147,4.02
2014-06-24,5.39,4.0,2.627,151,4.04
2014-06-25,5.38,4.0,2.579,147,4.06
2014-06-26,5.33,4.0,2.56,148,4.08
2014-06-27,5.4,4.0,2.529,150,4.0
2014-06-30,5.28,4.0,2.535,151,3.99
2014-07-01,5.26,4.0,2.531,147,4.09
2014-07-02,5.34,4.0,2.566,144,4.1
2014-07-03,5.28,4.0,2.627,136,4.13
2014-07-04,5.26,4.0,2.639,136,4.15
2014-07-07,5.25,4.0,2.639,136,4.09
2014-07-08,5.24,4.0,2.612,144,4.07
2014-07-09,5.28,4.0,2.557,146,4.05
2014-07-10,5.24,4.0,2.551,147,4.05
2014-07-11,5.17,3.75,2.537,149,3.76
2014-07-14,5.12,3.75,2.517,148,3.75
2014-07-15,5.07,3.75,2.548,148,3.76
2014-07-16,5.05,3.75,2.548,148,3.75
2014-07-17,5.11,3.75,2.527,153,3.75
2014-07-18,5.12,3.75,2.447,147,3.76
2014-07-21,5.09,3.75,2.482,150,3.76
2014-07-22,5.11,3.75,2.468,147,3.76
2014-07-23,5.11,3.75,2.461,145,3.77
2014-07-24,5.12,3.75,2.466,144,3.8
2014-07-25,5.1,3.75,2.503,149,3.79
2014-07-28,,3.75,2.466,148,3.79
2014-07-29,,3.75,2.486,154,3.79
2014-07-30,5.193,3.75,2.461,149,3.76
2014-07-31,5.204,3.75,2.558,151,3.71
2014-08-01,5.21,3.75,2.559,159,3.77
2014-08-04,5.218,3.75,2.493,159,3.77
2014-08-05,5.218,3.75,2.483,164,3.76
2014-08-06,5.17,3.75,2.485,162,3.77
2014-08-07,5.18,3.75,2.472,168,3.78
2014-08-08,5.25,3.75,2.412,168,3.78
2014-08-11,5.24,3.75,2.421,167,3.77
2014-08-12,5.23,3.75,2.428,164,3.75
2014-08-13,5.21,3.75,2.45,160,3.71
2014-08-14,5.17,3.75,2.418,157,3.74
2014-08-15,5.15,3.75,2.402,161,3.77
2014-08-18,5.18,3.75,2.341,159,3.75
2014-08-19,5.14,3.75,2.394,154,3.71
2014-08-20,5.2,3.75,2.401,153,3.75
2014-08-21,5.2,3.75,2.427,151,3.76
2014-08-22,5.2,3.75,2.408,152,3.75
2014-08-25,5.19,3.75,2.403,151,3.74
2014-08-26,5.17,3.75,2.383,149,3.74
2014-08-27,5.2,3.75,2.397,148,3.75
2014-08-28,5.21,3.75,2.358,149,3.75
2014-08-29,5.22,3.75,2.337,148,3.76
2014-09-01,5.18,3.75,2.344,148,3.8
2014-09-02,5.19,3.75,2.344,146,3.81
2014-09-03,5.18,3.75,2.422,145,3.77
2014-09-04,5.17,3.75,2.397,145,3.76
2014-09-05,5.16,3.75,2.451,143,3.77
2014-09-08,5.13,3.75,2.46,142,3.8
2014-09-09,5.17,3.75,2.472,144,3.8
2014-09-10,5.19,3.75,2.504,147,3.81
2014-09-11,5.2,3.75,2.542,149,3.82
2014-09-12,5.28,3.5,2.551,150,3.66
2014-09-15,5.35,3.5,2.611,156,3.52
2014-09-16,5.32,3.5,2.59,156,3.5
2014-09-17,5.32,3.5,2.593,153,3.53
2014-09-18,5.4,3.5,2.621,146,3.5
2014-09-19,5.38,3.5,2.615,145,3.5
2014-09-22,5.39,3.5,2.575,148,3.6
2014-09-23,5.46,3.5,2.565,149,3.61
2014-09-24,5.49,3.5,2.528,147,3.73
2014-09-25,5.57,3.5,2.565,154,3.7
2014-09-26,5.6,3.5,2.503,155,3.8
2014-09-29,5.64,3.5,2.529,163,4.02
2014-09-30,5.61,3.5,2.478,162,4.0
2014-10-01,5.57,3.5,2.49,166,4.14
2014-10-02,5.56,3.5,2.386,166,3.95
2014-10-03,5.54,3.5,2.426,164,3.62
2014-10-06,5.46,3.5,2.435,165,3.6
2014-10-07,5.39,3.5,2.421,170,3.6
2014-10-08,,3.5,2.34,170,3.6
2014-10-09,5.28,3.5,2.322,167,3.59
2014-10-10,5.34,3.5,2.314,172,3.6
2014-10-13,5.34,3.5,2.281,172,3.59
2014-10-14,5.32,3.5,2.281,180,3.5
2014-10-15,5.27,3.5,2.198,182,3.5
2014-10-16,5.3,3.5,2.137,179,3.52
2014-10-17,5.25,3.5,2.157,170,3.52
2014-10-20,5.279,3.5,2.194,172,3.51
2014-10-21,5.25,3.5,2.192,171,3.5
2014-10-22,5.24,3.5,2.223,169,3.5
2014-10-23,5.35,3.5,2.217,167,3.5
2014-10-24,5.34,3.5,2.272,170,3.5
2014-10-27,5.34,3.5,2.269,171,3.5
2014-10-28,5.36,3.5,2.261,169,3.5
2014-10-29,5.35,3.5,2.297,167,3.5
2014-10-30,5.46,3.5,2.318,168,3.5
2014-10-31,5.33,3.5,2.306,169,
2014-11-03,5.43,3.5,2.336,167,3.76
2014-11-04,5.47,3.5,2.343,170,3.81
2014-11-05,5.55,3.5,2.334,167,3.8
2014-11-06,5.55,3.5,2.343,165,3.69
2014-11-07,5.48,3.5,2.387,169,3.51
2014-11-10,5.46,3.5,2.298,165,3.5
2014-11-11,5.47,3.5,2.361,165,3.5
2014-11-12,5.48,3.5,2.361,160,3.55
2014-11-13,5.51,3.5,2.372,162,3.57
2014-11-14,5.47,3.5,2.341,164,3.79
2014-11-17,5.43,3.5,2.321,164,4.22
2014-11-18,5.42,3.5,2.341,166,4.45
2014-11-19,5.46,3.5,2.316,163,3.76
2014-11-20,5.45,3.5,2.36,164,3.57
2014-11-21,5.43,3.5,2.338,164,3.62
2014-11-24,5.43,3.5,2.311,166,3.5
2014-11-25,5.36,3.5,2.307,165,3.5
2014-11-26,5.3,3.5,2.258,167,3.51
2014-11-27,5.326,3.5,2.246,167,3.59
2014-11-28,5.311,3.5,2.246,167,3.65
2014-12-01,5.21,3.5,2.165,169,3.69
2014-12-02,5.24,3.5,2.236,162,3.67
2014-12-03,5.24,3.5,2.293,161,3.88
2014-12-04,5.26,3.5,2.281,165,4.2
2014-12-05,5.28,3.5,2.235,166,4.7
2014-12-08,,3.5,2.307,177,4.7
2014-12-09,5.27,3.5,2.258,183,3.96
2014-12-10,5.29,3.5,2.214,192,3.7
2014-12-11,5.4,3.5,2.165,192,3.73
2014-12-12,5.39,3.5,2.163,207,3.71
2014-12-15,5.428,3.5,2.083,215,3.74
2014-12-16,5.49,3.5,2.119,222,3.73
2014-12-17,5.41,3.5,2.06,200,
2014-12-18,5.37,3.5,2.137,186,3.61
2014-12-19,5.39,3.5,2.208,184,3.77
2014-12-22,5.38,3.5,2.163,180,3.75
2014-12-23,5.39,3.5,2.159,170,3.85
2014-12-24,5.4,3.5,2.262,169,3.85
2014-12-25,,3.5,2.264,169,3.85
2014-12-26,5.443,3.5,2.264,177,3.53
2014-12-29,5.4,3.5,2.251,177,3.5
2014-12-30,5.433,3.5,2.203,179,3.5
2014-12-31,5.44,3.5,2.188,182,3.55
2015-01-01,,3.5,,182,3.55
2015-01-02,,3.5,2.172,188,3.55
2015-01-05,5.45,3.5,2.172,196,3.5
2015-01-06,5.4,3.5,2.033,201,3.5
2015-01-07,5.41,3.5,2.033,197,3.5
2015-01-08,5.43,3.5,1.969,192,3.5
2015-01-09,5.45,3.5,1.969,194,3.5
2015-01-12,5.47,3.5,1.946,202,3.5
2015-01-13,5.465,3.5,1.946,204,3.5
2015-01-14,5.41,3.5,1.901,206,3.5
2015-01-15,5.437,3.5,1.901,212,3.5
2015-01-16,5.22,3.25,1.716,209,3.25
2015-01-19,5.22,3.25,1.716,209,3.23
2015-01-20,5.19,3.25,1.838,208,3.24
2015-01-21,5.25,3.25,1.838,206,3.25
2015-01-22,5.25,3.25,1.873,200,3.24
2015-01-23,5.17,3.25,1.873,199,3.2
2015-01-26,5.19,3.25,1.798,198,3.2
2015-01-27,5.08,3.25,1.798,204,3.25
2015-01-28,5.12,3.25,1.824,210,3.25
2015-01-29,5.17,3.25,1.824,202,3.25
2015-01-30,5.15,3.25,1.752,208,3.25
2015-02-02,5.2,3.25,1.752,204,3.25
2015-02-03,5.18,3.25,1.665,195,3.25
2015-02-04,5.19,3.25,1.665,196,3.25
2015-02-05,5.23,3.25,1.752,195,3.25
2015-02-06,5.27,3.25,1.752,188,3.25
2015-02-09,5.31,3.25,1.958,187,3.25
2015-02-10,5.27,3.25,1.958,193,3.25
2015-02-11,5.25,3.25,1.998,192,3.26
2015-02-12,5.24,3.25,1.998,188,3.25
2015-02-13,5.26,3.25,2.018,183,3.25
2015-02-16,5.17,3.25,1.985,183,3.33
2015-02-17,5.28,3.25,2.051,173,3.57
2015-02-18,5.36,3.25,2.051,178,3.79
2015-02-19,5.4,3.25,2.139,171,3.83
2015-02-20,5.38,3.25,2.081,168,3.81
2015-02-23,5.38,3.25,2.115,174,3.67
2015-02-24,5.36,3.25,2.113,177,3.28
2015-02-25,5.35,3.25,2.058,173,3.27
2015-02-26,5.34,3.25,1.981,169,3.26
2015-02-27,5.29,3.25,1.97,170,3.31
2015-03-02,5.31,3.25,2.03,161,
2015-03-03,5.35,3.25,1.994,159,3.35
2015-03-04,5.403,3.25,2.083,164,3.32
2015-03-05,5.39,3.25,2.12,168,3.26
2015-03-06,5.39,3.25,2.118,169,3.4
2015-03-09,5.39,3.25,2.116,174,3.3
2015-03-10,5.39,3.25,2.242,185,3.3
2015-03-11,5.39,3.25,2.192,186,3.35
2015-03-12,5.5,3.25,2.131,185,3.36
2015-03-13,5.61,3.25,2.109,192,3.35
2015-03-16,5.7,3.25,2.117,198,3.35
2015-03-17,5.65,3.25,2.115,205,3.4
2015-03-18,5.63,3.25,2.073,211,3.32
2015-03-19,5.67,3.25,2.051,202,3.33
2015-03-20,5.62,3.25,1.921,200,3.25
2015-03-23,5.614,3.25,1.969,193,3.25
2015-03-24,5.61,3.25,1.931,192,3.25
2015-03-25,5.57,3.25,1.912,187,3.25
2015-03-26,5.63,3.25,1.874,182,3.4
2015-03-27,5.63,3.25,1.926,185,3.41
2015-03-30,5.57,3.25,1.99,179,3.58
2015-03-31,5.57,3.25,1.962,181,3.7
2015-04-01,5.52,3.25,1.948,183,
2015-04-02,5.39,3.25,1.924,177,
2015-04-03,5.561,3.25,1.858,181,
2015-04-06,5.39,3.25,1.912,171,3.35
2015-04-07,5.452,3.25,1.84,177,3.38
2015-04-08,5.43,3.25,1.896,176,3.3
2015-04-09,5.45,3.25,1.886,174,3.25
2015-04-10,5.46,3.25,1.906,176,3.29
2015-04-13,5.485,3.25,1.96,177,3.27
2015-04-14,5.47,3.25,1.948,179,3.35
2015-04-15,5.5,3.25,1.928,181,3.33
2015-04-16,5.55,3.25,1.899,186,3.33
2015-04-17,5.53,3.25,1.889,190,3.4
2015-04-20,5.56,3.25,1.891,184,3.36
2015-04-21,5.59,3.25,1.866,179,3.36
2015-04-22,5.6,3.25,1.89,172,3.63
2015-04-23,5.63,3.25,1.91,174,3.93
2015-04-24,5.64,3.25,1.98,173,4.0
2015-04-27,5.65,3.25,1.959,174,4.0
2015-04-28,5.63,3.25,1.909,170,3.97
2015-04-29,5.67,3.25,1.922,168,3.29
2015-04-30,5.68,3.25,2.004,171,3.44
2015-05-01,,3.25,2.04,169,
2015-05-04,5.8,3.25,2.033,167,4.0
2015-05-05,5.85,3.25,2.114,167,4.03
2015-05-06,5.9,3.25,2.145,162,4.0
2015-05-07,5.9,3.25,2.186,170,3.64
2015-05-08,5.84,3.25,2.244,165,3.65
2015-05-11,5.9,3.25,2.181,159,3.55
2015-05-12,5.89,3.25,2.149,164,3.5
2015-05-13,5.917,3.25,2.281,164,3.5
2015-05-14,5.921,3.25,2.25,164,3.5
2015-05-15,5.87,3.25,2.294,171,3.5
2015-05-18,5.9,3.25,2.235,162,3.28
2015-05-19,5.91,3.25,2.289,163,3.25
2015-05-20,5.94,3.25,2.249,160,3.23
2015-05-21,5.93,3.25,2.191,164,3.25
2015-05-22,5.93,3.25,2.21,164,3.25
2015-05-25,5.92,3.25,2.21,164,3.25
2015-05-26,5.94,3.25,2.14,170,3.25
2015-05-27,5.93,3.25,2.129,170,3.25
2015-05-28,5.93,3.25,2.136,171,
2015-05-29,5.92,3.25,2.122,174,
2015-06-01,5.96,3.25,2.18,169,3.51
2015-06-02,6.02,3.25,2.263,164,3.5
2015-06-03,6.1,3.25,2.365,162,3.5
2015-06-04,6.05,3.25,2.308,169,3.44
2015-06-05,6.05,3.25,2.408,166,3.33
2015-06-08,6.09,3.25,2.383,172,3.25
2015-06-09,6.2,3.25,2.439,173,3.25
2015-06-10,6.17,3.25,2.485,177,3.25
2015-06-11,6.17,3.25,2.378,179,3.25
2015-06-12,6.14,3.25,2.393,179,3.25
2015-06-15,6.15,3.25,2.357,185,3.25
2015-06-16,6.17,3.25,2.31,191,3.25
2015-06-17,6.19,3.25,2.317,191,3.25
2015-06-18,6.2,3.25,2.335,179,3.25
2015-06-19,6.16,3.25,2.259,185,3.25
2015-06-22,6.22,3.25,2.373,176,3.26
2015-06-23,6.19,3.25,2.41,172,3.6
2015-06-24,6.28,3.25,2.368,176,3.68
2015-06-25,6.32,3.25,2.41,178,3.75
2015-06-26,6.35,3.25,2.474,172,3.86
2015-06-29,,3.25,2.325,186,
2015-06-30,6.425,3.25,2.354,182,3.8
2015-07-01,6.46,3.25,2.423,173,3.84
2015-07-02,6.51,3.25,2.383,173,3.5
2015-07-03,6.51,3.25,2.383,173,3.25
2015-07-06,6.5,3.25,2.286,187,3.25
2015-07-07,6.54,3.25,2.259,189,3.25
2015-07-08,6.53,3.25,2.193,190,3.25
2015-07-09,6.54,3.25,2.322,183,3.25
2015-07-10,6.56,3.25,2.398,174,3.25
2015-07-13,6.56,3.25,2.435,175,3.25
2015-07-14,6.51,3.25,2.402,176,3.19
2015-07-15,6.54,3.25,2.353,185,3.2
2015-07-16,6.53,3.25,2.351,185,3.25
2015-07-17,6.42,3.25,2.348,185,3.25
2015-07-20,6.4,3.25,2.377,183,3.25
2015-07-21,6.41,3.25,2.326,186,3.25
2015-07-22,6.33,3.25,2.324,190,3.25
2015-07-23,6.32,3.25,2.269,197,3.36
2015-07-24,6.37,3.25,2.263,200,3.82
2015-07-27,,3.25,2.218,206,
2015-07-28,,3.25,2.251,202,
2015-07-29,,3.25,2.287,194,
2015-07-30,6.453,3.25,2.26,192,3.97
2015-07-31,6.44,3.25,2.181,196,3.65
2015-08-03,6.45,3.25,2.149,200,3.77
2015-08-04,6.43,3.25,2.222,199,3.26
2015-08-05,6.43,3.25,2.271,197,3.36
2015-08-06,6.45,3.25,2.222,203,3.73
2015-08-07,6.44,3.25,2.163,207,3.99
2015-08-10,6.473,3.25,2.228,205,4.0
2015-08-11,6.474,3.25,2.142,211,4.0
2015-08-12,6.482,3.25,2.149,210,3.8
2015-08-13,6.53,3.25,2.186,206,3.25
2015-08-14,6.57,3.25,2.199,209,3.25
2015-08-17,6.63,3.25,2.163,212,3.26
2015-08-18,6.74,3.25,2.193,215,3.31
2015-08-19,6.63,3.25,2.126,223,3.36
2015-08-20,6.67,3.25,2.069,229,3.99
2015-08-21,6.74,3.25,2.037,236,5.07
2015-08-24,6.88,3.25,2.004,247,3.92
2015-08-25,6.81,3.25,2.072,237,3.26
2015-08-26,6.98,3.25,2.176,238,3.26
2015-08-27,6.99,3.25,2.185,231,3.27
2015-08-28,7.068,3.25,2.182,227,3.29
2015-08-31,7.06,3.25,2.219,225,3.3
2015-09-01,7.17,3.25,2.153,232,3.83
2015-09-02,7.16,3.25,2.185,232,4.43
2015-09-03,7.28,3.25,2.16,234,4.75
2015-09-04,7.22,3.25,2.125,239,4.5
2015-09-07,7.16,3.25,2.125,239,3.25
2015-09-08,7.29,3.25,2.184,231,3.16
2015-09-09,7.303,3.25,2.202,227,3.15
2015-09-10,7.303,3.25,2.223,226,3.1
2015-09-11,7.38,3.5,2.189,232,3.5
2015-09-14,7.34,3.5,2.184,231,3.5
2015-09-15,7.35,3.5,2.288,218,3.43
2015-09-16,7.29,3.5,2.295,216,3.15
2015-09-17,7.27,3.5,2.284,220,3.3
2015-09-18,7.08,3.5,2.134,221,3.3
2015-09-21,7.11,3.5,2.202,218,3.5
2015-09-22,7.151,3.5,2.135,232,3.5
2015-09-23,7.21,3.5,2.151,231,3.5
2015-09-24,7.21,3.5,2.128,245,3.5
2015-09-25,7.23,3.5,2.163,245,3.5
2015-09-28,7.24,3.5,2.096,261,3.5
2015-09-29,7.27,3.5,2.052,266,3.5
2015-09-30,7.17,3.5,2.038,258,3.5
2015-10-01,7.17,3.5,2.038,256,3.5
2015-10-02,7.16,3.5,1.994,249,3.6
2015-10-05,7.207,3.5,2.057,231,3.65
2015-10-06,7.15,3.5,2.032,231,3.5
2015-10-07,7.17,3.5,2.068,229,3.4
2015-10-08,7.221,3.5,2.105,224,
2015-10-09,7.221,3.5,2.089,222,
2015-10-12,7.17,3.5,2.089,222,3.44
2015-10-13,7.17,3.5,2.045,229,3.5
2015-10-14,7.13,3.5,1.973,233,3.53
2015-10-15,7.06,3.5,2.022,226,3.5
2015-10-16,7.0,3.5,2.034,219,3.5
2015-10-19,7.221,3.5,2.024,222,3.5
2015-10-20,6.94,3.5,2.068,225,3.5
2015-10-21,6.9,3.5,2.024,225,3.52
2015-10-22,6.86,3.5,2.027,224,3.5
2015-10-23,6.76,3.5,2.088,216,3.58
2015-10-26,6.78,3.5,2.057,216,3.56
2015-10-27,6.69,3.5,2.038,221,3.6
2015-10-28,6.806,3.5,2.102,217,3.5
2015-10-29,6.75,3.5,2.173,213,3.5
2015-10-30,6.7,3.5,2.143,220,3.5
2015-11-02,6.806,3.5,2.172,214,3.5
2015-11-03,6.71,3.5,2.211,206,3.5
2015-11-04,6.79,3.5,2.226,208,3.5
2015-11-05,6.85,3.5,2.233,210,3.5
2015-11-06,6.85,3.5,2.326,209,3.5
2015-11-09,6.89,3.5,2.344,213,3.5
2015-11-10,6.83,3.5,2.343,218,3.5
2015-11-11,6.81,3.5,2.333,218,3.5
2015-11-12,6.75,3.5,2.312,222,3.5
2015-11-13,6.85,3.5,2.267,226,3.5
2015-11-16,6.85,3.5,2.268,224,3.5
2015-11-17,6.61,3.5,2.267,226,3.5
2015-11-18,6.62,3.5,2.274,224,3.5
2015-11-19,6.638,3.5,2.249,223,3.5
2015-11-20,6.638,3.5,2.263,221,3.5
2015-11-23,6.49,3.5,2.239,220,3.5
2015-11-24,6.48,3.5,2.239,221,3.5
2015-11-25,6.518,3.5,2.235,223,3.5
2015-11-26,6.536,3.5,2.235,223,3.5
2015-11-27,6.529,3.5,2.221,224,3.5
2015-11-30,6.5,3.5,2.207,224,3.5
2015-12-01,6.565,3.5,2.144,230,3.68
2015-12-02,6.55,3.5,2.181,228,3.85
2015-12-03,6.55,3.5,2.314,220,3.9
2015-12-04,6.55,3.5,2.27,221,3.84
2015-12-07,6.573,3.5,2.23,230,3.7
2015-12-08,,3.5,2.219,232,
2015-12-09,6.568,3.5,2.217,233,3.6
2015-12-10,6.6,3.5,2.231,233,3.5
2015-12-11,6.52,3.75,2.128,250,3.71
2015-12-14,6.675,3.75,2.223,242,3.75
2015-12-15,6.675,3.75,2.267,236,3.75
2015-12-16,6.795,3.75,2.297,237,3.75
2015-12-17,6.79,3.75,2.224,238,3.75
2015-12-18,6.76,3.75,2.205,246,3.75
2015-12-21,6.793,3.75,2.193,246,3.75
2015-12-22,6.779,3.75,2.237,243,3.75
2015-12-23,6.79,3.75,2.254,240,3.75
2015-12-24,6.8,3.75,2.242,242,3.75
2015-12-25,6.8,3.75,2.242,242,
2015-12-28,6.796,3.75,2.231,244,3.85
2015-12-29,6.847,3.75,2.306,233,4.0
2015-12-30,6.95,3.75,2.295,237,4.0
2015-12-31,6.847,3.75,2.27,240,4.21
2016-01-01,,3.75,,240,
2016-01-04,7.01,3.75,2.244,244,4.1
2016-01-05,6.88,3.75,2.237,236,4.06
2016-01-06,6.9,3.75,2.171,243,3.76
2016-01-07,6.93,3.75,2.146,247,3.75
2016-01-08,7.0,3.75,2.116,254,3.75
2016-01-11,7.0,3.75,2.176,257,3.75
2016-01-12,7.054,3.75,2.104,265,3.75
2016-01-13,7.051,3.75,2.094,274,3.75
2016-01-14,7.01,3.75,2.088,268,3.75
2016-01-15,7.01,4.0,2.036,281,4.0
2016-01-18,7.05,4.0,2.036,281,4.0
2016-01-19,7.056,4.0,2.057,284,4.0
2016-01-20,7.063,4.0,1.983,288,4.0
2016-01-21,7.062,4.0,2.032,283,4.0
2016-01-22,7.087,4.0,2.053,273,4.0
2016-01-25,7.1,4.0,2.002,276,4.0
2016-01-26,7.14,4.0,1.995,275,4.0
2016-01-27,7.17,4.0,2.0,270,4.0
2016-01-28,7.25,4.0,1.979,269,4.0
2016-01-29,6.58,4.0,1.922,273,4.0
2016-02-01,7.287,4.0,1.949,271,4.0
2016-02-02,7.2,4.0,1.846,285,4.0
2016-02-03,7.15,4.0,1.887,281,4.01
2016-02-04,7.07,4.0,1.84,281,4.0
2016-02-05,7.0,4.0,1.837,281,4.0
2016-02-08,7.05,4.0,1.749,298,4.0
2016-02-09,7.08,4.0,1.727,296,4.0
2016-02-10,7.11,4.0,1.669,299,4.0
2016-02-11,7.156,4.0,1.66,313,4.0
2016-02-12,7.65,4.25,1.749,296,4.25
2016-02-15,7.48,4.25,1.749,296,4.25
2016-02-16,7.49,4.25,1.773,289,4.25
2016-02-17,7.51,4.25,1.82,276,4.31
2016-02-18,7.51,4.25,1.74,281,4.67
2016-02-19,7.49,4.25,1.746,277,5.2
2016-02-22,7.51,4.25,1.753,275,5.03
2016-02-23,7.48,4.25,1.723,276,5.23
2016-02-24,7.52,4.25,1.749,270,5.33
2016-02-25,7.55,4.25,1.717,268,5.11
2016-02-26,7.51,4.25,1.763,261,5.16
2016-02-29,7.46,4.25,1.736,260,5.09
2016-03-01,7.47,4.25,1.826,244,5.5
2016-03-02,7.41,4.25,1.841,240,5.5
2016-03-03,7.39,4.25,1.835,238,5.15
2016-03-04,7.31,4.25,1.875,234,4.26
2016-03-07,7.3,4.25,1.907,234,4.25
2016-03-08,7.27,4.25,1.83,238,4.26
2016-03-09,7.2,4.25,1.877,227,4.26
2016-03-10,7.18,4.25,1.933,226,4.29
2016-03-11,7.1,4.25,1.985,218,4.25
2016-03-14,7.14,4.25,1.96,223,4.25
2016-03-15,7.14,4.25,1.971,226,4.29
2016-03-16,7.11,4.25,1.909,225,4.32
2016-03-17,6.95,4.25,1.897,218,5.0
2016-03-18,6.94,4.25,1.874,215,5.27
2016-03-21,7.02,4.25,1.916,213,5.17
2016-03-22,7.062,4.25,1.941,213,5.41
2016-03-23,7.03,4.25,1.88,224,5.49
2016-03-24,,4.25,1.901,225,
2016-03-25,,4.25,1.901,225,
2016-03-28,7.087,4.25,1.887,228,5.5
2016-03-29,7.01,4.25,1.804,232,5.25
2016-03-30,6.95,4.25,1.824,225,4.95
2016-03-31,6.85,4.25,1.77,226,4.25
2016-04-01,6.9,4.25,1.771,224,5.12
2016-04-04,6.95,4.25,1.763,227,5.1
2016-04-05,7.05,4.25,1.721,237,4.9
2016-04-06,7.002,4.25,1.756,232,4.5
2016-04-07,7.02,4.25,1.69,240,4.5
2016-04-08,6.94,4.25,1.718,237,4.25
2016-04-11,6.57,4.25,1.726,224,4.25
2016-04-12,6.6,4.25,1.777,214,4.25
2016-04-13,6.6,4.25,1.765,210,4.25
2016-04-14,6.52,4.25,1.793,204,4.25
2016-04-15,6.53,4.25,1.753,207,4.25
2016-04-18,6.43,4.25,1.772,204,4.25
2016-04-19,6.19,4.25,1.786,200,4.25
2016-04-20,6.21,4.25,1.846,191,4.25
2016-04-21,6.23,4.25,1.862,190,4.25
2016-04-22,6.36,4.25,1.889,194,4.52
2016-04-25,6.35,4.25,1.914,194,4.62
2016-04-26,6.32,4.25,1.928,193,4.91
2016-04-27,6.23,4.25,1.852,195,4.96
2016-04-28,6.22,4.25,1.825,196,4.62
2016-04-29,6.22,4.25,1.834,198,4.5
2016-05-02,6.22,4.25,1.873,196,4.8
2016-05-03,6.29,4.25,1.797,202,4.8
2016-05-04,6.396,4.25,1.776,205,4.8
2016-05-05,6.396,4.25,1.746,206,4.8
2016-05-06,6.396,4.25,1.78,202,4.8
2016-05-09,6.27,4.25,1.752,204,4.4
2016-05-10,6.22,4.25,1.762,205,4.26
2016-05-11,6.19,4.25,1.738,205,4.26
2016-05-12,6.22,4.25,1.752,204,4.53
2016-05-13,6.19,4.25,1.701,210,4.65
2016-05-16,6.13,4.25,1.754,204,4.76
2016-05-17,6.1,4.25,1.773,205,4.5
2016-05-18,6.1,4.25,1.855,201,4.25
2016-05-19,6.124,4.25,1.85,218,4.25
2016-05-20,6.31,4.25,1.839,215,4.25
2016-05-23,6.3,4.25,1.836,219,4.25
2016-05-24,6.29,4.25,1.864,216,4.25
2016-05-25,6.32,4.25,1.867,213,4.26
2016-05-26,6.36,4.25,1.829,214,4.25
2016-05-27,6.368,4.25,1.852,209,4.25
2016-05-30,6.368,4.25,1.852,209,4.25
2016-05-31,6.29,4.25,1.847,213,4.46
2016-06-01,6.33,4.25,1.836,211,4.8
2016-06-02,6.19,4.25,1.8,211,4.88
2016-06-03,6.08,4.25,1.701,212,4.83
2016-06-06,6.09,4.25,1.738,205,4.8
2016-06-07,6.04,4.25,1.719,203,4.3
2016-06-08,6.01,4.25,1.703,204,4.25
2016-06-09,6.07,4.25,1.688,207,4.25
2016-06-10,6.1,4.25,1.641,213,4.25
2016-06-13,6.08,4.25,1.61,216,4.25
2016-06-14,6.12,4.25,1.614,220,4.25
2016-06-15,6.11,4.25,1.573,216,4.25
2016-06-16,6.16,4.25,1.58,218,4.25
2016-06-17,6.09,4.25,1.609,212,4.25
2016-06-20,6.08,4.25,1.689,205,4.25
2016-06-21,6.09,4.25,1.707,202,4.25
2016-06-22,6.09,4.25,1.686,203,4.25
2016-06-23,6.04,4.25,1.747,198,4.25
2016-06-24,6.11,4.25,1.561,214,4.25
2016-06-27,6.04,4.25,1.439,225,4.25
2016-06-28,6.0,4.25,1.467,218,4.25
2016-06-29,6.106,4.25,1.516,205,
2016-06-30,5.83,4.25,1.471,200,4.25
2016-07-01,5.7,4.25,1.445,193,4.64
2016-07-04,6.106,4.25,1.445,193,4.7
2016-07-05,5.75,4.25,1.376,199,4.61
2016-07-06,5.77,4.25,1.369,196,4.41
2016-07-07,5.79,4.25,1.386,195,4.25
2016-07-08,5.74,4.25,1.359,191,4.25
2016-07-11,5.74,4.25,1.431,184,4.25
2016-07-12,5.759,4.25,1.511,177,4.25
2016-07-13,5.772,4.25,1.475,181,4.25
2016-07-14,5.73,4.25,1.536,177,4.25
2016-07-15,5.7,4.25,1.552,172,4.25
2016-07-18,5.753,4.25,1.583,171,4.25
2016-07-19,5.7,4.25,1.553,176,4.25
2016-07-20,5.743,4.25,1.581,173,4.25
2016-07-21,5.69,4.25,1.557,176,4.25
2016-07-22,5.71,4.25,1.567,178,4.25
2016-07-25,5.73,4.25,1.574,180,4.25
2016-07-26,5.74,4.25,1.562,185,4.25
2016-07-27,5.76,4.25,1.498,188,4.26
2016-07-28,5.752,4.25,1.505,189,
2016-07-29,5.752,4.25,1.454,194,
2016-08-01,5.68,4.25,1.522,191,4.26
2016-08-02,5.66,4.25,1.557,187,4.26
2016-08-03,5.752,4.25,1.543,184,4.25
2016-08-04,5.6,4.25,1.502,185,4.25
2016-08-05,5.6,4.25,1.589,174,4.25
2016-08-08,5.62,4.25,1.593,175,4.25
2016-08-09,5.65,4.25,1.548,178,4.25
2016-08-10,5.64,4.25,1.508,178,4.25
2016-08-11,5.65,4.25,1.56,170,4.07
2016-08-12,5.64,4.25,1.514,173,4.02
2016-08-15,5.6,4.25,1.558,167,3.9
2016-08-16,5.57,4.25,1.575,163,3.98
2016-08-17,5.6,4.25,1.55,163,4.11
2016-08-18,5.6,4.25,1.536,163,4.2
2016-08-19,5.58,4.25,1.579,160,4.1
2016-08-22,5.6,4.25,1.543,164,4.1
2016-08-23,5.61,4.25,1.547,163,4.1
2016-08-24,5.58,4.25,1.562,161,4.26
2016-08-25,5.63,4.25,1.574,161,4.25
2016-08-26,5.64,4.25,1.63,156,4.25
2016-08-29,5.67,4.25,1.56,161,4.25
2016-08-30,5.67,4.25,1.567,162,
2016-08-31,5.79,4.25,1.581,162,4.25
2016-09-01,5.85,4.25,1.569,165,4.25
2016-09-02,5.85,4.25,1.603,160,4.25
2016-09-05,5.85,4.25,1.603,160,4.25
2016-09-06,5.8,4.25,1.535,164,4.25
2016-09-07,5.67,4.25,1.54,158,4.25
2016-09-08,5.64,4.25,1.6,151,4.24
2016-09-09,5.75,4.25,1.676,159,4.25
2016-09-12,5.8,4.25,1.664,160,4.25
2016-09-13,5.82,4.25,1.728,156,4.25
2016-09-14,5.85,4.25,1.698,164,4.25
2016-09-15,5.84,4.25,1.692,169,4.25
2016-09-16,5.84,4.25,1.693,175,4.25
2016-09-19,5.87,4.25,1.713,173,4.25
2016-09-20,5.86,4.25,1.69,169,4.25
2016-09-21,5.79,4.25,1.652,160,4.25
2016-09-22,5.77,4.25,1.619,154,4.25
2016-09-23,5.819,4.25,1.619,157,4.25
2016-09-26,5.819,4.25,1.585,166,4.26
2016-09-27,5.79,4.25,1.557,168,4.25
2016-09-28,5.77,4.25,1.573,159,4.25
2016-09-29,5.69,4.25,1.561,158,4.25
2016-09-30,5.72,4.25,1.595,154,4.25
2016-10-03,5.71,4.25,1.623,152,4.25
2016-10-04,5.7,4.25,1.687,148,4.25
2016-10-05,5.68,4.25,1.703,146,4.25
2016-10-06,5.73,4.25,1.738,146,4.25
2016-10-07,5.74,4.25,1.719,145,4.26
2016-10-10,5.73,4.25,1.719,145,4.25
2016-10-11,5.7,4.25,1.765,146,4.25
2016-10-12,5.71,4.25,1.77,143,4.25
2016-10-13,5.71,4.25,1.742,145,4.25
2016-10-14,5.68,4.25,1.799,144,4.25
2016-10-17,5.726,4.25,1.767,146,4.25
2016-10-18,5.75,4.25,1.739,147,4.25
2016-10-19,5.74,4.25,1.744,145,4.25
2016-10-20,5.7,4.25,1.757,144,4.25
2016-10-21,5.7,4.25,1.736,146,4.3
2016-10-24,5.89,4.25,1.766,144,4.26
2016-10-25,5.89,4.25,1.757,148,4.25
2016-10-26,5.9,4.25,1.794,147,4.25
2016-10-27,5.94,4.25,1.855,147,4.25
2016-10-28,5.942,4.25,1.848,148,4.25
2016-10-31,5.92,4.25,1.826,155,4.25
2016-11-01,5.949,,1.828,161,
2016-11-02,5.9,4.25,1.803,165,4.25
2016-11-03,5.89,4.25,1.812,161,4.25
2016-11-04,5.88,4.25,1.777,165,4.35
2016-11-07,5.88,4.25,1.827,157,4.35
2016-11-08,5.87,4.25,1.856,153,4.35
2016-11-09,5.91,4.25,2.058,151,4.25
2016-11-10,6.29,4.25,2.151,163,4.26
2016-11-11,6.37,4.25,2.151,163,4.25
2016-11-14,6.65,4.25,2.262,182,4.25
2016-11-15,6.67,4.25,2.22,162,4.25
2016-11-16,6.64,4.25,2.223,171,2.25
2016-11-17,6.614,,2.304,170,
2016-11-18,6.614,,2.356,168,
2016-11-21,6.49,4.25,2.316,171,4.26
2016-11-22,6.43,4.25,2.313,173,4.25
2016-11-23,6.47,4.25,2.351,176,4.26
2016-11-24,6.54,4.25,2.351,176,4.35
2016-11-25,6.46,4.25,2.358,176,4.35
2016-11-28,6.43,4.25,2.313,177,4.35
2016-11-29,6.43,4.25,2.292,178,4.35
2016-11-30,6.44,4.25,2.382,173,4.35
2016-12-01,6.48,4.25,2.449,172,4.54
2016-12-02,6.46,4.25,2.384,174,4.58
2016-12-05,6.43,4.25,2.395,173,4.59
2016-12-06,6.41,4.25,2.39,169,4.25
2016-12-07,6.39,4.25,2.341,166,4.25
2016-12-08,,,2.408,163,
2016-12-09,6.39,4.25,2.468,159,4.25
2016-12-12,6.38,4.25,2.472,164,4.25
2016-12-13,6.39,4.25,2.472,164,4.25
2016-12-14,6.38,4.25,2.572,161,4.25
2016-12-15,6.5,4.25,2.598,161,4.25
2016-12-16,6.5,4.25,2.593,159,4.25
2016-12-19,6.45,4.25,2.539,164,4.26
2016-12-20,6.474,4.25,2.56,161,4.25
2016-12-21,6.45,4.25,2.536,162,4.25
2016-12-22,6.46,4.25,2.552,163,4.37
2016-12-23,6.46,4.25,2.538,163,4.62
2016-12-26,6.43,4.25,2.538,163,4.8
2016-12-27,6.45,4.25,2.561,160,4.84
2016-12-28,6.48,4.25,2.509,165,4.25
2016-12-29,6.49,4.25,2.476,168,4.25
2016-12-30,6.53,4.25,2.445,170,4.25
2017-01-02,6.6,4.25,2.445,170,4.25
2017-01-03,6.53,4.25,2.445,171,4.25
2017-01-04,6.57,4.25,2.44,167,4.25
2017-01-05,6.5,4.25,2.345,164,4.25
2017-01-06,6.47,4.25,2.42,160,4.26
2017-01-09,6.44,4.25,2.366,163,4.25
2017-01-10,6.43,4.25,2.377,162,4.25
2017-01-11,6.41,4.25,2.373,161,4.25
2017-01-12,6.3,4.25,2.364,156,4.25
2017-01-13,6.3,4.25,2.397,151,4.25
2017-01-16,6.34,4.25,2.397,151,4.25
2017-01-17,6.27,4.25,2.326,152,4.25
2017-01-18,6.34,4.25,2.43,148,4.25
2017-01-19,6.33,4.25,2.475,151,4.25
2017-01-20,6.3,4.25,2.468,152,4.25
2017-01-23,6.23,4.25,2.398,157,4.25
2017-01-24,6.24,4.25,2.466,154,4.25
2017-01-25,6.261,4.25,2.513,151,4.25
2017-01-26,6.24,4.25,2.505,156,4.25
2017-01-27,6.24,4.25,2.485,155,4.25
2017-01-30,6.2,4.25,2.489,156,4.25
2017-01-31,6.18,4.25,2.454,159,4.25
2017-02-01,6.18,4.25,2.471,154,4.25
2017-02-02,6.22,4.25,2.475,152,4.25
2017-02-03,6.25,4.25,2.466,148,4.25
2017-02-06,6.26,4.25,2.409,152,4.25
2017-02-07,6.29,4.25,2.394,155,4.25
2017-02-08,6.28,4.25,2.337,157,4.25
2017-02-09,6.27,4.25,2.396,149,4.25
2017-02-10,6.25,4.25,2.408,148,4.25
2017-02-13,6.29,4.25,2.437,146,4.25
2017-02-14,6.27,4.25,2.471,147,4.18
2017-02-15,6.26,4.25,2.494,148,4.22
2017-02-16,6.27,4.25,2.448,154,4.25
2017-02-17,6.28,4.25,2.416,155,4.25
2017-02-20,6.3,4.25,2.416,155,4.25
2017-02-21,6.29,4.25,2.43,154,4.25
2017-02-22,6.26,4.25,2.414,154,4.25
2017-02-23,6.25,4.25,2.373,155,4.25
2017-02-24,6.23,4.25,2.313,158,4.25
2017-02-27,6.247,4.25,2.366,152,4.25
2017-02-28,6.26,4.25,2.391,152,4.25
2017-03-01,6.27,4.25,2.454,144,4.25
2017-03-02,6.26,4.25,2.479,143,4.25
2017-03-03,6.25,4.25,2.479,143,4.25
2017-03-06,6.23,4.25,2.501,141,4.25
2017-03-07,6.24,4.25,2.519,139,4.25
2017-03-08,6.25,4.25,2.561,141,4.25
2017-03-09,6.27,4.25,2.606,143,4.25
2017-03-10,6.26,4.25,2.575,141,4.25
2017-03-13,6.24,4.25,2.627,141,4.19
2017-03-14,6.23,4.25,2.601,143,4.22
2017-03-15,6.19,4.25,2.494,140,4.25
2017-03-16,6.09,4.25,2.541,135,4.25
2017-03-17,6.08,4.25,2.501,136,4.25
2017-03-20,6.07,4.25,2.462,138,4.25
2017-03-21,6.0,4.25,2.418,141,4.25
2017-03-22,6.0,4.25,2.406,144,4.25
2017-03-23,6.0,4.25,2.42,142,4.25
2017-03-24,5.96,4.25,2.413,141,4.25
2017-03-27,5.9,4.25,2.379,142,4.25
2017-03-28,5.85,4.25,2.419,139,4.23
2017-03-29,5.86,4.25,2.377,142,4.25
2017-03-30,5.87,4.25,2.421,140,4.25
2017-03-31,5.87,4.25,2.388,146,4.25
2017-04-03,5.87,4.25,2.32,149,4.25
2017-04-04,5.92,4.25,2.361,146,4.25
2017-04-05,5.91,4.25,2.336,147,4.25
2017-04-06,5.9,4.25,2.342,148,4.25
2017-04-07,5.78,4.25,2.383,146,4.25
2017-04-10,5.89,4.25,2.367,146,4.32
2017-04-11,5.91,4.25,2.297,152,4.3
2017-04-12,5.92,4.25,2.24,150,4.35
2017-04-13,,,2.238,154,
2017-04-14,,,2.238,154,
2017-04-17,5.88,4.25,2.251,153,4.25
2017-04-18,5.86,4.25,2.169,159,4.25
2017-04-19,5.87,4.25,2.215,155,4.25
2017-04-20,5.88,4.25,2.233,154,4.25
2017-04-21,5.87,4.25,2.249,153,4.25
2017-04-24,5.87,4.25,2.274,146,4.25
2017-04-25,5.86,4.25,2.333,143,4.25
2017-04-26,5.88,4.25,2.304,144,4.25
2017-04-27,5.84,4.25,2.295,145,4.25
2017-04-28,5.76,4.25,2.281,144,4.25
2017-05-01,,,2.319,141,
2017-05-02,5.68,4.25,2.281,143,4.25
2017-05-03,5.68,4.25,2.319,140,4.26
2017-05-04,5.7,4.25,2.355,140,4.25
2017-05-05,5.71,4.25,2.35,141,4.25
2017-05-08,5.79,4.25,2.388,138,4.25
2017-05-09,5.78,4.25,2.399,138,4.25
2017-05-10,5.74,4.25,2.415,136,4.25
2017-05-11,5.73,4.25,2.388,135,4.25
2017-05-12,5.72,4.0,2.327,139,4.0
2017-05-15,5.72,4.0,2.344,139,4.0
2017-05-16,5.69,4.0,2.327,139,4.0
2017-05-17,5.7,4.0,2.225,147,4.0
2017-05-18,5.71,4.0,2.23,148,4.0
2017-05-19,5.7,4.0,2.235,147,4.0
2017-05-22,5.72,4.0,2.255,147,4.0
2017-05-23,5.74,4.0,2.281,141,4.0
2017-05-24,5.74,4.0,2.251,137,4.0
2017-05-25,5.72,4.0,2.256,141,4.0
2017-05-26,5.71,4.0,2.247,140,4.0
2017-05-29,5.74,4.0,2.247,140,4.0
2017-05-30,5.71,4.0,2.211,144,4.0
2017-05-31,5.66,4.0,2.204,145,4.0
2017-06-01,5.63,4.0,2.212,144,4.0
2017-06-02,5.6,4.0,2.16,144,4.0
2017-06-05,5.62,4.0,2.183,139,4.0
2017-06-06,5.621,4.0,2.146,139,4.01
2017-06-07,5.63,4.0,2.174,136,4.0
2017-06-08,5.61,4.0,2.189,137,4.0
2017-06-09,5.62,4.0,2.201,137,4.0
2017-06-12,5.63,4.0,2.215,137,4.01
2017-06-13,5.64,4.0,2.212,136,4.0
2017-06-14,5.58,4.0,2.126,142,3.82
2017-06-15,5.56,4.0,2.165,143,3.81
2017-06-16,5.54,4.0,2.152,145,4.0
2017-06-19,5.53,4.0,2.19,142,4.01
2017-06-20,5.53,4.0,2.157,148,4.02
2017-06-21,5.55,4.0,2.164,150,4.0
2017-06-22,5.54,4.0,2.149,151,4.01
2017-06-23,5.54,4.0,2.143,151,4.02
2017-06-26,5.54,4.0,2.138,150,4.02
2017-06-27,5.54,4.0,2.206,146,4.02
2017-06-28,5.53,4.0,2.229,146,4.0
2017-06-29,,,2.267,149,
2017-06-30,,,2.305,145,
2017-07-03,5.61,4.0,2.351,142,4.0
2017-07-04,5.62,4.0,2.351,142,4.0
2017-07-05,5.69,4.0,2.324,143,4.0
2017-07-06,5.73,4.0,2.367,145,4.0
2017-07-07,5.84,4.0,2.386,144,4.0
2017-07-10,5.86,4.0,2.374,143,4.0
2017-07-11,5.8,4.0,2.361,143,4.0
2017-07-12,5.69,4.0,2.319,144,4.0
2017-07-13,5.67,4.0,2.345,141,4.0
2017-07-14,5.66,3.75,2.333,142,3.75
2017-07-17,5.64,3.75,2.315,142,3.75
2017-07-18,5.65,3.75,2.26,142,3.75
2017-07-19,5.65,3.75,2.27,141,3.75
2017-07-20,5.6,3.75,2.26,141,3.75
2017-07-21,5.58,3.75,2.238,142,3.75
2017-07-24,5.58,3.75,2.256,141,3.75
2017-07-25,5.58,3.75,2.336,139,3.8
2017-07-26,5.56,3.75,2.288,138,3.79
2017-07-27,,,2.311,135,
2017-07-28,,,2.29,138,
2017-07-31,5.52,3.75,2.295,152,3.75
2017-08-01,5.52,3.75,2.254,152,3.75
2017-08-02,5.48,3.75,2.272,152,3.75
2017-08-03,5.46,3.75,2.222,153,3.75
2017-08-04,5.46,3.75,2.263,150,3.75
2017-08-07,5.46,3.75,2.254,151,3.75
2017-08-08,5.45,3.75,2.263,149,3.75
2017-08-09,5.529,3.75,2.249,154,3.75
2017-08-10,5.47,3.75,2.198,160,3.7
2017-08-11,5.47,3.75,2.19,161,3.72
2017-08-14,5.45,3.75,2.219,156,3.75
2017-08-15,5.48,3.75,2.274,153,3.75
2017-08-16,5.49,3.75,2.223,156,3.75
2017-08-17,5.48,3.75,2.186,160,3.75
2017-08-18,5.47,3.75,2.195,160,3.75
2017-08-21,5.508,3.75,2.183,161,3.75
2017-08-22,5.46,3.75,2.214,158,3.75
2017-08-23,5.46,3.75,2.167,161,3.75
2017-08-24,5.45,3.75,2.195,156,3.75
2017-08-25,5.43,3.75,2.167,155,3.75
2017-08-28,5.41,3.75,2.159,155,3.74
2017-08-29,5.4,3.75,2.13,155,3.46
2017-08-30,5.42,,2.132,153,
2017-08-31,5.42,3.75,2.118,153,3.69
2017-09-01,5.45,3.75,2.167,149,3.75
2017-09-04,5.49,3.75,2.167,149,3.76
2017-09-05,5.45,3.75,2.06,153,3.76
2017-09-06,5.45,3.75,2.105,151,3.75
2017-09-07,5.47,3.75,2.04,150,3.75
2017-09-08,5.45,3.75,2.052,150,3.46
2017-09-11,5.38,3.75,2.131,144,3.7
2017-09-12,5.38,3.75,2.168,143,3.75
2017-09-13,5.37,3.75,2.189,139,3.7
2017-09-14,5.39,,2.186,140,3.7
2017-09-15,5.38,3.5,2.203,141,3.6
2017-09-18,5.29,3.5,2.23,139,3.5
2017-09-19,5.27,3.5,2.245,139,3.5
2017-09-20,5.26,3.5,2.268,139,3.5
2017-09-21,5.18,3.5,2.277,144,3.5
2017-09-22,5.19,3.5,2.251,143,3.51
2017-09-25,5.21,3.5,2.221,146,3.5
2017-09-26,5.24,3.5,2.237,145,3.5
2017-09-27,5.29,3.5,2.311,143,3.5
2017-09-28,5.3,3.5,2.309,142,3.5
2017-09-29,5.29,3.5,2.334,140,3.5
2017-10-02,5.3,3.5,2.342,140,3.5
2017-10-03,5.28,3.5,2.324,140,3.5
2017-10-04,5.27,3.5,2.324,140,3.51
2017-10-05,5.26,3.5,2.349,140,3.51
2017-10-06,5.29,3.5,2.36,140,3.5
2017-10-09,5.2,3.5,2.36,140,3.5
2017-10-10,5.17,3.5,2.362,142,3.5
2017-10-11,5.18,3.5,2.349,142,3.5
2017-10-12,5.19,3.5,2.319,143,3.5
2017-10-13,5.19,3.5,2.274,146,3.5
2017-10-16,5.21,3.5,2.304,143,3.5
2017-10-17,5.26,3.5,2.301,144,3.5
2017-10-18,5.25,3.5,2.347,140,3.5
2017-10-19,5.22,3.5,2.319,141,3.5
2017-10-20,5.25,3.5,2.385,138,3.5
2017-10-23,5.273,3.5,2.367,137,3.51
2017-10-24,5.29,3.5,2.42,135,3.5
2017-10-25,5.29,3.5,2.433,136,3.5
2017-10-26,5.3,3.5,2.462,135,3.51
2017-10-27,5.38,3.5,2.407,136,3.5
2017-10-30,5.37,3.5,2.369,138,3.5
2017-10-31,5.37,3.5,2.38,136,3.5
2017-11-01,,,2.373,137,
2017-11-02,5.33,3.5,2.346,138,3.51
2017-11-03,5.33,3.5,2.333,140,3.51
2017-11-06,5.26,3.5,2.317,141,3.51
2017-11-07,5.24,3.5,2.315,142,3.51
2017-11-08,5.23,3.5,2.335,141,3.51
2017-11-09,5.27,3.5,2.342,141,3.5
2017-11-10,5.22,3.25,2.399,137,3.25
2017-11-13,5.23,3.25,2.406,137,3.25
2017-11-14,5.28,3.25,2.373,139,3.25
2017-11-15,5.35,3.25,2.323,144,3.25
2017-11-16,5.365,3.25,2.376,140,3.24
2017-11-17,5.34,3.25,2.344,140,3.21
2017-11-20,5.36,3.25,2.367,140,3.25
2017-11-21,5.36,3.25,2.357,140,3.22
2017-11-22,5.35,3.25,2.32,140,3.25
2017-11-23,5.34,3.25,2.32,140,3.25
2017-11-24,5.31,3.25,2.343,139,3.25
2017-11-27,5.3,3.25,2.329,137,3.25
2017-11-28,5.27,3.25,2.329,135,3.25
2017-11-29,5.28,3.25,2.389,134,3.25
2017-11-30,5.28,3.25,2.411,133,3.25
2017-12-01,5.25,3.25,2.362,137,3.25
2017-12-04,5.27,3.25,2.373,135,3.25
2017-12-05,5.29,3.25,2.352,138,3.25
2017-12-06,5.26,3.25,2.339,139,3.25
2017-12-07,5.25,3.25,2.364,137,3.25
2017-12-08,,,2.377,135,
2017-12-11,5.22,3.25,2.389,136,3.25
2017-12-12,5.18,3.25,2.402,135,3.25
2017-12-13,5.16,3.25,2.343,137,3.25
2017-12-14,5.21,3.25,2.35,138,3.21
2017-12-15,5.34,3.25,2.354,144,3.25
2017-12-18,5.37,3.25,2.395,140,3.25
2017-12-19,5.27,3.25,2.465,135,3.25
2017-12-20,5.29,3.25,2.498,132,3.25
2017-12-21,5.33,3.25,2.484,135,3.32
2017-12-22,5.27,3.25,2.482,131,3.32
2017-12-25,,,2.482,131,
2017-12-26,5.24,3.25,2.477,132,3.25
2017-12-27,5.19,3.25,2.412,136,3.25
2017-12-28,5.17,3.25,2.431,135,3.25
2017-12-29,5.18,3.25,2.406,136,3.25
2018-01-01,,,2.406,136,
2018-01-02,,,2.464,132,
2018-01-03,5.13,3.25,2.448,131,3.25
2018-01-04,4.98,3.25,2.453,129,3.25
2018-01-05,4.92,3.25,2.477,125,3.25
2018-01-08,4.97,3.25,2.481,123,3.25
2018-01-09,5.01,3.25,2.554,118,3.25
2018-01-10,5.04,3.25,2.558,121,3.15
2018-01-11,4.94,3.25,2.538,121,3.0
2018-01-12,4.81,3.0,2.548,121,3.0
2018-01-15,4.72,3.0,2.548,121,3.0
2018-01-16,4.7,3.0,2.538,121,3.0
2018-01-17,4.75,3.0,2.591,122,3.0
2018-01-18,4.72,3.0,2.627,119,3.0
2018-01-19,4.71,3.0,2.66,120,3.0
2018-01-22,4.74,3.0,2.651,118,3.0
2018-01-23,4.73,3.0,2.614,120,3.0
2018-01-24,4.72,3.0,2.647,120,3.0
2018-01-25,4.71,3.0,2.618,122,3.0
2018-01-26,4.72,3.0,2.661,119,3.0
2018-01-29,4.74,3.0,2.695,119,3.0
2018-01-30,4.72,3.0,2.721,120,3.01
2018-01-31,4.7,3.0,2.706,119,3.01
2018-02-01,4.67,3.0,2.791,119,3.0
2018-02-02,4.68,3.0,2.842,119,3.0
2018-02-05,4.7,3.0,2.707,131,3.0
2018-02-06,4.72,3.0,2.803,126,3.01
2018-02-07,4.71,3.0,2.837,119,3.01
2018-02-08,4.75,3.0,2.825,126,3.01
2018-02-09,4.82,3.0,2.852,138,3.0
2018-02-12,4.8,3.0,2.859,137,3.01
2018-02-13,4.8,3.0,2.83,142,3.0
2018-02-14,4.8,3.0,2.903,142,3.0
2018-02-15,4.81,3.0,2.91,136,3.01
2018-02-16,4.81,3.0,2.876,133,3.01
2018-02-19,4.87,3.0,2.876,133,3.0
2018-02-20,4.85,3.0,2.89,134,3.0
2018-02-21,4.84,3.0,2.951,133,3.01
2018-02-22,4.86,3.0,2.922,136,3.1
2018-02-23,4.86,3.0,2.868,137,3.02
2018-02-26,4.87,3.0,2.863,134,3.01
2018-02-27,4.84,3.0,2.894,131,3.0
2018-02-28,4.83,3.0,2.862,137,3.0
2018-03-01,4.81,3.0,2.809,146,3.0
2018-03-02,4.8,3.0,2.865,143,3.0
2018-03-05,4.79,3.0,2.882,139,3.0
2018-03-06,4.78,3.0,2.887,138,3.0
2018-03-07,4.8,3.0,2.884,139,3.0
2018-03-08,4.8,3.0,2.858,142,2.97
2018-03-09,4.8,2.75,2.895,139,2.75
2018-03-12,4.84,2.75,2.869,140,2.75
2018-03-13,4.89,2.75,2.843,143,2.75
2018-03-14,4.86,2.75,2.818,146,2.75
2018-03-15,4.92,2.75,2.829,147,2.56
2018-03-16,4.98,2.75,2.845,146,2.73
2018-03-19,4.96,2.75,2.856,150,2.75
2018-03-20,4.9,2.75,2.897,149,2.75
2018-03-21,4.89,2.75,2.884,147,2.75
2018-03-22,4.79,2.75,2.825,151,2.75
2018-03-23,4.81,2.75,2.814,156,2.75
2018-03-26,4.84,2.75,2.853,153,2.75
2018-03-27,4.83,2.75,2.776,154,2.75
2018-03-28,4.81,2.75,2.782,155,2.76
2018-03-29,,,2.74,156,
2018-03-30,,,2.74,156,
2018-04-02,4.83,2.75,2.731,155,2.76
2018-04-03,4.82,2.75,2.776,149,2.75
2018-04-04,4.83,2.75,2.804,147,2.75
2018-04-05,4.82,2.75,2.833,142,2.75
2018-04-06,4.884,2.75,2.774,146,2.75
2018-04-09,4.91,2.75,2.78,147,2.75
2018-04-10,4.93,2.75,2.802,147,2.75
2018-04-11,4.98,2.75,2.782,146,2.75
2018-04-12,4.98,2.75,2.837,143,2.75
2018-04-13,,,2.828,143,
2018-04-16,5.01,2.75,2.828,143,2.75
2018-04-17,5.05,2.75,2.829,145,2.75
2018-04-18,5.15,2.75,2.874,141,2.75
2018-04-19,5.07,2.75,2.911,143,2.75
2018-04-20,5.07,2.75,2.961,141,2.75
2018-04-23,5.1,2.75,2.976,141,2.75
2018-04-24,5.17,2.75,3.0,141,2.75
2018-04-25,5.23,2.75,3.027,142,2.75
2018-04-26,5.23,2.75,2.982,146,2.75
2018-04-27,5.22,2.75,2.958,150,2.75
2018-04-30,5.2,2.75,2.954,152,2.75
2018-05-01,,,2.965,152,
2018-05-02,5.21,2.75,2.967,158,2.75
2018-05-03,5.22,2.75,2.947,163,2.75
2018-05-04,5.25,2.75,2.951,158,2.75
2018-05-07,5.29,2.75,2.951,157,2.75
2018-05-08,5.35,2.75,2.977,161,2.75
2018-05-09,5.38,2.75,3.005,158,2.75
2018-05-10,5.31,2.75,2.963,151,2.75
2018-05-11,5.27,2.75,2.971,151,2.75
2018-05-14,5.24,2.75,3.003,150,2.75
2018-05-15,5.32,2.75,3.073,151,2.75
2018-05-16,5.36,2.75,3.097,149,2.75
2018-05-17,5.51,2.75,3.112,152,2.75
2018-05-18,5.63,2.75,3.057,160,2.75
2018-05-21,5.79,2.75,3.061,160,2.75
2018-05-22,5.72,2.75,3.061,155,2.75
2018-05-23,5.67,2.75,2.994,157,2.75
2018-05-24,5.63,2.75,2.978,157,2.76
2018-05-25,5.64,2.75,2.932,160,2.75
2018-05-28,5.63,2.75,2.932,160,2.75
2018-05-29,5.67,2.75,2.782,173,2.76
2018-05-30,5.65,2.75,2.856,166,2.79
2018-05-31,5.65,2.75,2.859,168,2.87
2018-06-01,5.69,2.75,2.903,162,2.9
2018-06-04,5.66,2.75,2.943,157,2.75
2018-06-05,5.64,2.75,2.929,159,2.75
2018-06-06,5.6,2.75,2.973,158,2.75
2018-06-07,5.63,2.75,2.921,163,2.75
2018-06-08,5.64,2.75,2.947,164,2.78
2018-06-11,5.62,2.75,2.953,163,2.75
2018-06-12,5.65,2.75,2.962,164,2.75
2018-06-13,5.65,2.75,2.967,161,2.75
2018-06-14,5.65,2.75,2.936,164,2.75
2018-06-15,5.72,2.75,2.921,163,2.78
2018-06-18,5.76,2.75,2.918,164,2.75
2018-06-19,5.74,2.75,2.898,168,2.75
2018-06-20,5.75,2.75,2.94,164,2.77
2018-06-21,5.71,2.75,2.898,164,2.76
2018-06-22,5.68,2.75,2.896,162,2.84
2018-06-25,5.68,2.75,2.881,164,2.8
2018-06-26,5.64,2.75,2.878,163,2.75
2018-06-27,5.58,2.75,2.826,169,2.75
2018-06-28,5.562,2.75,2.837,168,2.75
2018-06-29,,2.75,2.861,166,
2018-07-02,5.58,2.75,2.872,166,2.75
2018-07-03,5.54,2.75,2.832,166,2.75
2018-07-04,5.545,2.75,2.832,166,2.75
2018-07-05,5.54,2.75,2.83,164,2.75
2018-07-06,5.525,2.75,2.823,161,2.75
2018-07-09,5.47,2.75,2.857,153,2.75
2018-07-10,5.44,2.75,2.851,149,2.75
2018-07-11,5.47,2.75,2.85,154,2.75
2018-07-12,5.48,2.75,2.847,152,2.74
2018-07-13,5.46,2.75,2.828,151,2.74
2018-07-16,5.47,2.75,2.859,149,2.68
2018-07-17,5.47,2.75,2.861,148,2.7
2018-07-18,5.46,2.75,2.87,145,2.75
2018-07-19,5.5,2.75,2.839,150,2.75
2018-07-20,5.51,2.75,2.894,147,2.75
2018-07-23,5.51,2.75,2.956,146,2.75
2018-07-24,5.48,2.75,2.949,147,2.75
2018-07-25,5.44,2.75,2.975,145,2.75
2018-07-26,5.43,2.75,2.977,139,2.75
2018-07-27,,,2.955,140,
2018-07-30,5.43,2.75,2.974,140,2.75
2018-07-31,5.43,2.75,2.961,143,2.75
2018-08-01,5.42,2.75,3.007,141,2.75
2018-08-02,5.39,2.75,2.987,143,2.75
2018-08-03,5.35,2.75,2.95,143,2.75
2018-08-06,5.34,2.75,2.94,145,2.75
2018-08-07,5.36,2.75,2.974,143,2.75
2018-08-08,5.37,2.75,2.961,147,2.75
2018-08-09,5.38,2.75,2.927,150,2.75
2018-08-10,5.4,2.75,2.874,158,2.75
2018-08-13,5.43,2.75,2.88,157,2.75
2018-08-14,5.43,2.75,2.899,153,2.75
2018-08-15,5.48,2.75,2.863,157,2.75
2018-08-16,5.49,2.75,2.867,154,2.75
2018-08-17,5.54,2.75,2.861,152,2.75
2018-08-20,5.5,2.75,2.82,154,2.76
2018-08-21,5.47,2.75,2.831,151,2.75
2018-08-22,5.43,2.75,2.82,152,2.75
2018-08-23,5.44,2.75,2.827,153,2.75
2018-08-24,5.42,2.75,2.811,152,2.75
2018-08-27,5.41,2.75,2.847,148,2.75
2018-08-28,5.43,2.75,2.881,143,2.75
2018-08-29,5.45,2.75,2.885,144,2.75
2018-08-30,,,2.856,146,
2018-08-31,,,2.861,147,
2018-09-03,5.43,2.75,2.861,147,2.75
2018-09-04,5.44,2.75,2.899,146,2.75
2018-09-05,5.42,2.75,2.903,145,2.75
2018-09-06,5.46,2.75,2.874,146,2.75
2018-09-07,5.48,2.75,2.941,143,2.74
2018-09-10,5.48,2.75,2.932,147,2.75
2018-09-11,5.5,2.75,2.976,145,2.75
2018-09-12,5.5,2.75,2.964,144,2.75
2018-09-13,5.5,2.75,2.971,141,2.75
2018-09-14,5.48,2.75,2.997,139,2.75
2018-09-17,5.5,2.75,2.988,139,2.75
2018-09-18,5.51,2.75,3.056,137,2.75
2018-09-19,5.51,2.75,3.064,136,2.75
2018-09-20,5.54,2.75,3.064,137,2.75
2018-09-21,5.55,2.75,3.064,134,2.75
2018-09-24,5.6,2.75,3.09,135,2.75
2018-09-25,5.62,2.75,3.097,134,2.75
2018-09-26,5.62,2.75,3.049,136,2.75
2018-09-27,5.61,2.75,3.053,134,2.75
2018-09-28,5.6,2.75,3.062,133,2.75
2018-10-01,5.58,2.75,3.085,132,2.75
2018-10-02,5.57,2.75,3.064,134,2.75
2018-10-03,5.62,2.75,3.183,126,2.75
2018-10-04,5.68,2.75,3.188,130,2.75
2018-10-05,5.68,2.75,3.234,129,2.75
2018-10-08,,,3.234,129,
2018-10-09,5.67,2.75,3.207,135,2.75
2018-10-10,5.7,2.75,3.164,136,2.75
2018-10-11,5.73,2.75,3.151,147,2.7
2018-10-12,5.75,2.75,3.162,144,2.81
2018-10-15,5.76,2.75,3.157,142,2.75
2018-10-16,5.7,2.75,3.164,142,2.71
2018-10-17,5.7,2.75,3.206,139,2.75
2018-10-18,5.74,2.75,3.18,145,2.75
2018-10-19,5.72,2.75,3.193,147,2.76
2018-10-22,5.74,2.75,3.199,149,2.76
2018-10-23,5.77,2.75,3.169,150,2.75
2018-10-24,5.8,2.75,3.104,154,2.78
2018-10-25,5.79,2.75,3.118,152,2.84
2018-10-26,5.78,2.75,3.076,156,2.84
2018-10-29,5.83,2.75,3.086,157,2.76
2018-10-30,5.9,2.75,3.124,155,2.75
2018-10-31,5.89,2.75,3.144,152,2.75
2018-11-01,,,3.131,153,
2018-11-02,,,3.213,146,
2018-11-05,5.83,2.75,3.202,147,2.76
2018-11-06,5.81,2.75,3.229,147,2.76
2018-11-07,5.78,2.75,3.236,146,2.77
2018-11-08,5.78,2.75,3.238,146,2.77
2018-11-09,5.78,2.75,3.183,149,2.76
2018-11-12,5.8,2.75,3.183,149,2.75
2018-11-13,5.82,2.75,3.141,154,2.76
2018-11-14,5.8,2.75,3.126,156,2.75
2018-11-15,5.79,2.75,3.111,157,2.76
2018-11-16,5.76,2.75,3.064,160,2.75
2018-11-19,5.72,2.75,3.064,164,2.76
2018-11-20,5.72,2.75,3.064,167,2.75
2018-11-21,5.66,2.75,3.064,164,2.75
2018-11-22,5.64,2.75,3.064,164,2.75
2018-11-23,5.62,2.75,3.041,165,2.75
2018-11-26,5.64,2.75,3.054,163,2.75
2018-11-27,5.63,2.75,3.058,168,2.75
2018-11-28,5.6,2.75,3.06,163,2.75
2018-11-29,5.69,2.75,3.032,161,2.75
2018-11-30,5.67,2.75,2.989,162,2.75
2018-12-03,5.67,2.75,2.971,162,2.75
2018-12-04,5.75,2.75,2.914,170,2.75
2018-12-05,5.74,2.75,2.914,170,2.75
2018-12-06,5.75,2.75,2.896,172,2.75
2018-12-07,5.78,2.75,2.847,169,2.75
2018-12-10,5.84,2.75,2.859,168,2.77
2018-12-11,5.83,2.75,2.88,163,2.76
2018-12-12,5.823,2.75,2.91,157,2.76
2018-12-13,5.848,2.75,2.914,155,2.75
2018-12-14,5.838,2.75,2.891,155,2.75
2018-12-17,5.79,2.75,2.858,156,2.75
2018-12-18,5.76,2.75,2.818,159,2.75
2018-12-19,5.77,2.75,2.756,165,2.75
2018-12-20,5.71,2.75,2.807,162,2.75
2018-12-21,5.69,2.75,2.792,161,2.79
2018-12-24,,,2.74,166,
2018-12-25,,,2.74,166,
2018-12-26,5.66,2.75,2.809,161,2.75
2018-12-27,5.62,2.75,2.768,163,2.75
2018-12-28,5.65,2.75,2.72,164,2.75
2018-12-31,5.61,2.75,2.685,168,2.75
2019-01-01,,,2.685,168,
2019-01-02,5.62,2.75,2.621,171,2.75
2019-01-03,5.62,2.75,2.554,177,2.75
2019-01-04,5.61,2.75,2.669,164,2.76
2019-01-07,5.61,2.75,2.697,157,2.75
2019-01-08,5.6,2.75,2.729,155,2.75
2019-01-09,5.56,2.75,2.711,150,2.75
2019-01-10,5.55,2.75,2.743,149,2.75
2019-01-11,5.55,2.75,2.702,151,2.75
2019-01-14,5.57,2.75,2.703,151,2.76
2019-01-15,5.57,2.75,2.713,151,2.75
2019-01-16,5.59,2.75,2.723,150,2.75
2019-01-17,5.6,2.75,2.751,151,2.75
2019-01-18,5.57,2.75,2.785,147,2.76
2019-01-21,5.58,2.75,2.785,147,2.76
2019-01-22,5.58,2.75,2.74,149,2.76
2019-01-23,5.61,2.75,2.742,147,2.76
2019-01-24,5.64,2.75,2.717,148,2.76
2019-01-25,5.6,2.75,2.759,143,2.75
2019-01-28,5.6,2.75,2.746,143,2.75
2019-01-29,5.6,2.75,2.711,146,2.75
2019-01-30,5.62,2.75,2.678,145,2.75
2019-01-31,5.48,2.75,2.63,145,2.75
2019-02-01,5.5,2.75,2.685,137,2.75
2019-02-04,5.49,2.75,2.724,134,2.75
2019-02-05,5.47,2.75,2.699,133,2.75
2019-02-06,5.47,2.75,2.696,136,2.75
2019-02-07,5.47,2.75,2.658,142,2.75
2019-02-08,5.47,2.75,2.636,145,2.75
2019-02-11,5.48,2.75,2.655,144,2.75
2019-02-12,5.51,2.75,2.689,142,2.74
2019-02-13,5.54,2.75,2.703,139,2.75
2019-02-14,5.54,2.75,2.655,142,2.75
2019-02-15,5.51,2.75,2.664,143,2.75
2019-02-18,5.5,2.75,2.664,143,2.75
2019-02-19,5.5,2.75,2.635,142,2.75
2019-02-20,5.5,2.75,2.646,142,2.75
2019-02-21,5.52,2.75,2.693,140,2.75
2019-02-22,5.48,2.75,2.654,141,2.75
2019-02-25,5.48,2.75,2.664,140,2.75
2019-02-26,5.5,2.75,2.637,140,2.75
2019-02-27,5.48,2.75,2.683,134,2.75
2019-02-28,5.48,2.75,2.716,131,2.75
2019-03-01,5.49,2.75,2.755,130,2.75
2019-03-04,5.47,2.75,2.723,133,2.75
2019-03-05,5.46,2.75,2.719,134,2.76
2019-03-06,5.46,2.75,2.694,134,2.75
2019-03-07,5.43,2.75,2.64,137,2.75
2019-03-08,5.41,2.75,2.63,140,2.75
2019-03-11,5.39,2.75,2.64,137,2.75
2019-03-12,5.3,2.75,2.602,139,2.75
2019-03-13,5.29,2.75,2.622,138,2.75
2019-03-14,5.26,2.75,2.631,135,2.75
2019-03-15,5.2,2.75,2.589,138,2.75
2019-03-18,5.24,2.75,2.605,135,2.75
2019-03-19,5.25,2.75,2.613,131,2.75
2019-03-20,5.26,2.75,2.527,137,2.75
2019-03-21,5.16,2.75,2.539,134,2.75
2019-03-22,5.19,2.75,2.441,139,2.75
2019-03-25,5.18,2.75,2.4,142,2.75
2019-03-26,5.19,2.75,2.424,138,2.75
2019-03-27,5.174,2.75,2.368,136,2.75
2019-03-28,5.24,2.75,2.396,132,2.75
2019-03-29,5.24,2.75,2.406,130,2.75
2019-04-01,5.21,2.75,2.502,126,2.75
2019-04-02,5.21,2.75,2.475,126,2.75
2019-04-03,5.2,2.75,2.525,123,2.75
2019-04-04,5.18,2.75,2.516,122,2.75
2019-04-05,5.18,2.75,2.496,122,2.75
2019-04-08,5.17,2.75,2.523,121,2.75
2019-04-09,5.176,2.75,2.502,122,2.75
2019-04-10,5.177,2.75,2.467,125,2.76
2019-04-11,5.203,2.75,2.498,123,2.75
2019-04-12,5.27,2.75,2.566,120,2.75
2019-04-15,5.26,2.75,2.555,121,2.75
2019-04-16,5.29,2.75,2.591,118,2.75
2019-04-17,5.27,2.75,2.595,119,2.75
2019-04-18,,,2.561,121,
2019-04-19,,,2.561,121,
2019-04-22,5.26,2.75,2.589,119,2.75
2019-04-23,5.22,2.75,2.566,120,2.75
2019-04-24,5.26,2.75,2.519,125,2.75
2019-04-25,5.26,2.75,2.533,125,2.75
2019-04-26,5.21,2.75,2.499,125,2.75
2019-04-29,5.17,2.75,2.527,122,2.75
2019-04-30,5.14,2.75,2.503,126,2.75
2019-05-01,,,2.501,126,
2019-05-02,5.18,2.75,2.542,125,2.75
2019-05-03,5.16,2.75,2.526,125,2.75
2019-05-06,5.18,2.75,2.471,127,2.75
2019-05-07,5.21,2.75,2.458,131,2.75
2019-05-08,5.21,2.75,2.484,128,2.75
2019-05-09,5.24,2.75,2.444,133,2.75
2019-05-10,5.2,2.75,2.468,132,2.75
2019-05-13,5.23,2.75,2.402,138,2.76
2019-05-14,5.19,2.75,2.411,136,2.75
2019-05-15,5.16,2.75,2.374,140,2.75
2019-05-16,5.16,2.75,2.395,137,2.75
2019-05-17,5.15,2.75,2.392,139,2.75
2019-05-20,5.13,2.75,2.417,136,2.75
2019-05-21,5.1147,2.75,2.427,133,2.75
2019-05-22,5.126,2.75,2.383,135,2.75
2019-05-23,5.1109,2.75,2.319,143,2.75
2019-05-24,5.0727,2.75,2.321,141,2.75
2019-05-27,5.0738,2.75,2.321,141,2.75
2019-05-28,5.0177,2.75,2.267,143,2.75
2019-05-29,5.0094,2.75,2.263,141,2.75
2019-05-30,5.0436,2.75,2.214,143,2.75
2019-05-31,5.053,2.75,2.125,148,2.75
2019-06-03,5.0715,2.75,2.072,151,2.75
2019-06-04,5.0259,2.75,2.131,141,2.75
2019-06-05,5.0599,2.75,2.136,137,2.75
2019-06-06,5.0064,2.75,2.118,134,2.75
2019-06-07,4.9539,2.75,2.083,135,2.75
2019-06-10,5.0136,2.75,2.15,128,2.75
2019-06-11,4.944,2.75,2.144,128,2.75
2019-06-12,4.8562,2.75,2.121,127,2.75
2019-06-13,4.8243,2.75,2.096,131,2.75
2019-06-14,4.7111,2.75,2.081,128,2.75
2019-06-17,4.7591,2.75,2.095,129,2.75
2019-06-18,4.717,2.75,2.06,126,2.75
2019-06-19,4.7315,2.75,2.024,127,2.75
2019-06-20,4.5651,2.75,2.029,124,2.75
2019-06-21,4.6098,2.75,2.056,118,2.75
2019-06-24,4.6191,2.75,2.015,122,2.75
2019-06-25,4.6305,2.75,1.986,125,2.75
2019-06-26,4.7199,2.75,2.048,123,2.75
2019-06-27,4.768,2.75,2.015,125,2.75
2019-06-28,4.757,2.75,2.006,124,3.26
2019-07-01,4.6586,2.75,2.026,120,2.75
2019-07-02,4.6212,2.75,1.975,122,2.79
2019-07-03,4.548,2.75,1.951,123,2.77
2019-07-04,4.5375,2.75,1.951,123,2.75
2019-07-05,4.5464,2.75,2.035,118,2.75
2019-07-08,4.5267,2.75,2.048,117,2.75
2019-07-09,4.5409,2.75,2.066,114,2.75
2019-07-10,4.5391,2.75,2.062,112,2.75
2019-07-11,4.5631,2.75,2.139,109,2.76
2019-07-12,4.5381,2.75,2.123,110,2.75
2019-07-15,4.459,2.75,2.09,113,2.75
2019-07-16,4.4361,2.75,2.103,112,2.75
2019-07-17,4.3717,2.75,2.046,118,2.76
2019-07-18,4.2933,2.75,2.025,120,2.76
2019-07-19,4.2351,2.75,2.056,119,2.75
2019-07-22,4.2479,2.75,2.047,118,2.75
2019-07-23,4.2804,2.75,2.082,115,2.75
2019-07-24,4.3298,2.75,2.045,116,2.75
2019-07-25,4.28,2.75,2.082,113,2.75
2019-07-26,4.2772,2.75,2.071,113,2.75
2019-07-29,,,2.066,114,
2019-07-30,,,2.059,115,
2019-07-31,4.412,2.75,2.015,117,2.75
2019-08-01,4.4122,2.75,1.894,128,2.75
2019-08-02,4.4359,2.75,1.847,125,2.75
2019-08-05,4.4829,2.75,1.709,131,2.76
2019-08-06,4.3771,2.75,1.704,131,2.75
2019-08-07,4.3376,2.75,1.735,127,2.75
2019-08-08,4.319,2.75,1.718,125,2.75
2019-08-09,4.2042,2.5,1.746,122,2.5
2019-08-12,4.1177,2.5,1.646,132,2.5
2019-08-13,4.1136,2.5,1.705,127,2.5
2019-08-14,4.1078,2.5,1.58,130,2.5
2019-08-15,4.1433,2.5,1.529,135,2.5
2019-08-16,4.0993,2.5,1.555,131,2.5
2019-08-19,4.175,2.5,1.607,125,2.5
2019-08-20,4.172,2.5,1.556,129,2.5
2019-08-21,4.173,2.5,1.59,125,2.5
2019-08-22,4.173,2.5,1.615,121,2.5
2019-08-23,4.163,2.5,1.536,127,2.5
2019-08-26,4.199,2.5,1.536,125,2.5
2019-08-27,4.196,2.5,1.473,129,2.5
2019-08-28,4.1781,2.5,1.481,127,2.5
2019-08-29,,,1.496,122,
2019-08-30,,,1.498,122,
2019-09-02,4.1983,2.5,1.498,122,2.5
2019-09-03,4.1641,2.5,1.458,121,2.5
2019-09-04,4.0927,2.5,1.467,120,2.51
2019-09-05,4.0808,2.5,1.559,113,2.5
2019-09-06,4.0455,2.5,1.561,116,2.51
2019-09-09,4.064,2.5,1.645,112,2.5
2019-09-10,4.0758,2.5,1.732,109,2.51
2019-09-11,4.0462,2.5,1.74,110,2.51
2019-09-12,4.0534,2.5,1.772,104,2.51
2019-09-13,4.0914,2.5,1.898,107,2.5
2019-09-16,4.1539,2.5,1.848,112,2.51
2019-09-17,4.1607,2.5,1.803,115,2.5
2019-09-18,4.1786,2.5,1.798,112,2.5
2019-09-19,4.215,2.5,1.786,113,2.51
2019-09-20,4.2102,2.5,1.723,115,2.5
2019-09-23,4.1889,2.5,1.728,117,2.5
2019-09-24,4.1725,2.5,1.646,124,2.5
2019-09-25,4.2104,2.5,1.738,121,2.5
2019-09-26,4.25,2.5,1.694,124,2.5
2019-09-27,4.2955,2.5,1.683,130,2.5
2019-09-30,4.2467,2.5,1.666,131,2.5
2019-10-01,4.1848,2.5,1.637,139,2.5
2019-10-02,4.2168,2.5,1.6,143,2.5
2019-10-03,4.1607,2.5,1.535,140,2.5
2019-10-04,4.1236,2.5,1.53,134,2.5
2019-10-07,4.0653,2.5,1.56,128,2.5
2019-10-08,,,1.53,130,
2019-10-09,4.022,2.5,1.585,129,2.5
2019-10-10,3.9285,2.5,1.67,125,2.5
2019-10-11,4.0036,2.5,1.731,122,2.5
2019-10-14,3.98,2.5,1.731,122,2.5
2019-10-15,4.0367,2.5,1.773,123,2.51
2019-10-16,3.9359,2.5,1.74,125,2.5
2019-10-17,3.9246,2.5,1.753,126,2.5
2019-10-18,3.9505,2.5,1.755,125,2.51
2019-10-21,4.0133,2.5,1.801,121,2.5
2019-10-22,4.0579,2.5,1.762,123,2.5
2019-10-23,4.0929,2.5,1.765,123,2.5
2019-10-24,4.0996,2.5,1.767,123,2.58
2019-10-25,4.1385,2.5,1.796,120,2.51
2019-10-28,4.1865,2.5,1.843,118,2.5
2019-10-29,4.1932,2.5,1.839,121,2.5
2019-10-30,4.2505,2.5,1.772,128,2.5
2019-10-31,,,1.692,131,
2019-11-01,,,1.711,128,
2019-11-04,4.1575,2.5,1.778,125,2.5
2019-11-05,4.1942,2.5,1.859,124,2.5
2019-11-06,4.2193,2.5,1.829,127,2.5
2019-11-07,4.2653,2.5,1.918,123,2.5
2019-11-08,4.1937,2.25,1.943,121,2.26
2019-11-11,4.2135,2.25,1.943,121,2.25
2019-11-12,4.2601,2.25,1.936,124,2.25
2019-11-13,4.3977,2.25,1.887,126,2.25
2019-11-14,4.3578,2.25,1.82,128,2.25
2019-11-15,4.2562,2.25,1.832,125,2.25
2019-11-18,4.2696,2.25,1.816,127,2.25
2019-11-19,4.2219,2.25,1.784,131,2.25
2019-11-20,4.2307,2.25,1.747,134,2.25
2019-11-21,4.2183,2.25,1.774,131,2.25
2019-11-22,4.233,2.25,1.771,129,2.25
2019-11-25,4.2008,2.25,1.756,129,2.25
2019-11-26,4.1846,2.25,1.742,131,2.25
2019-11-27,4.239,2.25,1.767,126,2.26
2019-11-28,4.2142,2.25,1.767,126,2.26
2019-11-29,4.2664,2.25,1.777,126,2.25
2019-12-02,4.2678,2.25,1.82,125,2.25
2019-12-03,4.2349,2.25,1.717,136,2.26
2019-12-04,4.2119,2.25,1.775,128,2.25
2019-12-05,4.2549,2.25,1.811,127,2.25
2019-12-06,4.2664,2.25,1.838,124,2.25
2019-12-09,4.2305,2.25,1.82,123,2.25
2019-12-10,4.1934,2.25,1.842,122,2.25
2019-12-11,4.1911,2.25,1.793,125,2.25
2019-12-12,4.2121,2.25,1.893,114,2.25
2019-12-13,4.1787,2.25,1.823,118,2.25
2019-12-16,4.149,2.25,1.872,110,2.25
2019-12-17,4.177,2.25,1.881,109,2.24
2019-12-18,4.1959,2.25,1.918,105,2.25
2019-12-19,4.6092,2.25,1.921,108,2.25
2019-12-20,4.5875,2.25,1.918,109,2.25
2019-12-23,4.5838,2.25,1.93,108,2.25
2019-12-24,4.557,2.25,1.901,110,2.25
2019-12-25,,,1.901,110,
2019-12-26,4.553,2.25,1.895,110,2.25
2019-12-27,4.5644,2.25,1.877,112,2.25
2019-12-30,4.6208,2.25,1.88,110,2.25
2019-12-31,4.6354,2.25,1.919,107,2.25
2020-01-01,,,1.919,107,
2020-01-02,4.5598,2.25,1.878,110,2.25
2020-01-03,4.5722,2.25,1.789,116,2.25
2020-01-06,4.5512,2.25,1.81,113,2.25
2020-01-07,4.5319,2.25,1.819,112,2.25
2020-01-08,4.5657,2.25,1.875,107,2.25
2020-01-09,4.5686,2.25,1.856,111,2.25
2020-01-10,4.5471,2.25,1.821,112,2.25
2020-01-13,4.5552,2.25,1.847,110,2.25
2020-01-14,4.5688,2.25,1.812,112,2.25
2020-01-15,4.5623,2.25,1.784,113,2.25
2020-01-16,4.5617,2.25,1.808,110,2.25
2020-01-17,4.5307,2.25,1.822,107,2.24
2020-01-20,4.5141,2.25,1.822,107,2.24
2020-01-21,4.4729,2.25,1.775,112,2.25
2020-01-22,4.4761,2.25,1.77,112,2.25
2020-01-23,4.4761,2.25,1.733,116,2.25
2020-01-24,4.4677,2.25,1.685,119,2.25
2020-01-27,4.4756,2.25,1.609,125,2.25
2020-01-28,4.3942,2.25,1.657,121,2.25
2020-01-29,4.3668,2.25,1.585,124,2.26
2020-01-30,4.372,2.25,1.586,121,2.25
2020-01-31,4.3601,2.25,1.508,122,2.25
2020-02-03,4.3029,2.25,1.528,124,2.25
2020-02-04,4.3029,2.25,1.6,122,2.25
2020-02-05,4.2764,2.25,1.652,117,2.25
2020-02-06,4.3124,2.25,1.644,116,2.25
2020-02-07,4.3027,2.25,1.584,120,2.25
2020-02-10,4.2845,2.25,1.571,122,2.25
2020-02-11,4.2873,2.25,1.601,118,2.25
2020-02-12,4.2873,2.25,1.634,114,2.25
2020-02-13,4.2893,2.25,1.618,114,2.25
2020-02-14,4.2721,2.25,1.587,115,2.25
2020-02-17,4.2242,2.25,1.587,115,2.19
2020-02-18,4.1816,2.25,1.562,118,2.24
2020-02-19,4.1899,2.25,1.568,115,2.2
2020-02-20,4.2072,2.25,1.516,116,2.24
2020-02-21,4.2072,2.25,1.472,118,2.25
2020-02-24,4.1439,2.25,1.371,123,2.25
2020-02-25,4.1468,2.25,1.354,130,2.25
2020-02-26,4.1927,2.25,1.339,132,2.25
2020-02-27,4.2349,2.25,1.262,139,2.25
2020-02-28,4.5157,2.25,1.15,156,2.25
2020-03-02,4.2837,2.25,1.165,154,2.25
2020-03-03,4.1779,2.25,1.001,153,2.25
2020-03-04,4.0525,2.25,1.054,142,2.25
2020-03-05,4.0494,2.25,0.914,149,2.25
2020-03-06,4.0952,2.25,0.764,168,2.25
2020-03-09,4.2179,2.25,0.543,213,2.25
2020-03-10,4.3264,2.25,0.805,185,2.25
2020-03-11,4.5106,2.25,0.872,205,2.25
2020-03-12,5.214,2.25,0.811,231,2.25
2020-03-13,5.2181,2.25,0.964,212,2.25
2020-03-16,6.0,2.25,0.721,268,2.25
2020-03-17,5.872,2.25,1.082,264,2.25
2020-03-18,6.5,2.25,1.195,332,2.25
2020-03-19,6.1,2.25,1.144,357,2.25
2020-03-20,5.9,1.25,0.848,352,1.25
2020-03-23,6.1,1.25,0.789,372,1.25
2020-03-24,6.0,1.25,0.85,346,1.25
2020-03-25,5.1,1.25,0.87,294,1.25
2020-03-26,4.8,1.25,0.849,257,1.25
2020-03-27,4.95,1.25,0.679,279,1.25
2020-03-30,5.202,1.25,0.729,278,1.25
2020-03-31,5.25,1.25,0.67,265,1.25
2020-04-01,5.7,1.25,0.584,285,1.25
2020-04-02,5.81,1.25,0.599,292,1.25
2020-04-03,5.9,1.25,0.597,297,1.25
2020-04-06,5.95,1.25,0.672,294,1.25
2020-04-07,5.55,1.25,0.714,282,1.17
2020-04-08,5.43,1.25,0.773,282,1.04
2020-04-09,,,,274,
2020-04-10,,,0.721,274,
2020-04-13,4.9,0.25,0.774,262,0.2
2020-04-14,4.52,0.25,0.754,257,0.25
2020-04-15,4.75,0.25,0.632,276,0.25
2020-04-16,4.7,0.25,0.628,282,0.24
2020-04-17,4.65,0.25,0.643,271,0.21
2020-04-20,4.64,0.25,0.607,274,0.21
2020-04-21,4.75,0.25,0.571,282,0.23
2020-04-22,4.72,0.25,0.621,280,0.23
2020-04-23,4.7,0.25,0.603,283,0.25
2020-04-24,4.72,0.25,0.602,284,0.25
2020-04-27,4.76,0.25,0.661,278,0.25
2020-04-28,4.82,0.25,0.614,278,0.25
2020-04-29,4.74,0.25,0.628,271,0.25
2020-04-30,4.8,0.25,0.64,257,0.25
2020-05-01,,,,252,
2020-05-04,4.9,0.25,0.636,251,0.36
2020-05-05,4.73,0.25,0.663,243,0.25
2020-05-06,4.77,0.25,0.704,236,0.24
2020-05-07,4.7,0.25,0.642,241,0.2
2020-05-08,4.44,0.25,0.685,234,0.26
2020-05-11,4.39,0.25,0.711,229,0.26
2020-05-12,4.38,0.25,0.666,232,0.25
2020-05-13,4.4,0.25,0.653,241,0.2
2020-05-14,4.41,0.25,0.623,245,0.21
2020-05-15,4.4,0.25,0.644,237,0.24
2020-05-18,4.38,0.25,0.727,219,0.2
2020-05-19,4.4,0.25,0.69,215,0.2
2020-05-20,4.36,0.25,0.681,208,0.21
2020-05-21,4.27,0.25,0.673,197,0.21
2020-05-22,4.3,0.25,0.66,195,0.25
2020-05-25,4.24,0.25,0.66,195,0.25
2020-05-26,4.24,0.25,0.698,192,0.25
2020-05-27,4.3,0.25,0.683,194,0.25
2020-05-28,4.27,0.25,0.692,191,0.25
2020-05-29,4.31,0.25,0.653,191,0.25
2020-06-01,4.36,0.25,0.66,189,0.25
2020-06-02,4.35,0.25,0.686,183,0.25
2020-06-03,4.33,0.25,0.747,171,0.25
2020-06-04,4.41,0.25,0.825,171,0.25
2020-06-05,4.4,0.25,0.896,166,0.24
2020-06-08,4.4,0.25,0.876,164,0.25
2020-06-09,4.43,0.25,0.826,169,0.25
2020-06-10,4.37,0.25,0.728,177,0.22
2020-06-11,4.4,0.25,0.671,191,0.19
2020-06-12,4.42,0.25,0.705,191,0.15
2020-06-15,4.41,0.25,0.722,194,0.19
2020-06-16,4.39,0.25,0.754,182,0.19
2020-06-17,4.42,0.25,0.739,184,0.19
2020-06-18,4.38,0.25,0.709,186,0.17
2020-06-19,4.36,0.25,0.695,182,0.14
2020-06-22,4.37,0.25,0.709,181,0.25
2020-06-23,4.38,0.25,0.713,177,0.19
2020-06-24,4.38,0.25,0.68,178,0.19
2020-06-25,4.38,0.25,0.686,178,0.16
2020-06-26,4.41,0.25,0.642,183,0.19
2020-06-29,,,0.624,184,
2020-06-30,4.44,0.25,0.657,182,0.2
2020-07-01,4.44,0.25,0.677,178,0.25
2020-07-02,4.47,0.25,0.67,176,0.25
2020-07-03,4.49,0.25,0.67,176,0.24
2020-07-06,4.5,0.25,0.678,173,0.24
2020-07-07,4.45,0.25,0.641,176,0.24
2020-07-08,4.38,0.25,0.665,174,0.24
2020-07-09,4.34,0.25,0.614,179,0.24
2020-07-10,4.36,0.25,0.646,177,0.2
2020-07-13,4.34,0.25,0.619,176,0.23
2020-07-14,4.37,0.25,0.624,179,0.22
2020-07-15,4.3,0.25,0.631,175,0.23
2020-07-16,4.24,0.25,0.618,176,0.22
2020-07-17,4.14,0.25,0.627,171,0.23
2020-07-20,4.14,0.25,0.612,169,0.24
2020-07-21,4.16,0.25,0.602,164,0.24
2020-07-22,4.16,0.25,0.599,161,0.24
2020-07-23,4.11,0.25,0.579,162,0.25
2020-07-24,4.04,0.25,0.59,164,0.25
2020-07-27,4.01,0.25,0.616,160,0.25
2020-07-28,,,0.58,163,
2020-07-29,3.97,0.25,0.576,156,0.25
2020-07-30,3.95,0.25,0.548,155,0.25
2020-07-31,3.93,0.25,0.529,150,0.25
2020-08-03,3.92,0.25,0.556,147,0.25
2020-08-04,3.92,0.25,0.508,147,0.25
2020-08-05,3.92,0.25,0.549,139,0.25
2020-08-06,4.05,0.25,0.537,137,0.25
2020-08-07,4.16,0.25,0.565,140,0.24
2020-08-10,4.18,0.25,0.577,140,0.25
2020-08-11,4.1,0.25,0.642,140,0.25
2020-08-12,4.08,0.25,0.671,142,0.16
2020-08-13,4.08,0.25,0.716,139,0.23
2020-08-14,4.08,0.25,0.709,143,0.23
2020-08-17,4.08,0.25,0.683,146,0.25
2020-08-18,4.08,0.25,0.669,148,0.25
2020-08-19,4.08,0.25,0.676,147,0.25
2020-08-20,4.09,0.25,0.644,151,0.25
2020-08-21,4.12,0.25,0.64,152,0.25
2020-08-24,4.11,0.25,0.682,149,0.25
2020-08-25,4.14,0.25,0.687,149,0.25
2020-08-26,4.11,0.25,0.687,149,0.25
2020-08-27,4.09,0.25,0.746,150,0.25
2020-08-28,4.03,0.25,0.729,148,0.25
2020-08-31,3.99,0.25,0.671,151,0.25
2020-09-01,4.02,0.25,0.671,150,0.25
2020-09-02,4.07,0.25,0.651,150,0.25
2020-09-03,4.12,0.25,0.622,153,0.25
2020-09-04,4.17,0.25,0.721,146,0.25
2020-09-07,4.2,0.25,0.723,146,0.25
2020-09-08,4.13,0.25,0.684,150,0.09
2020-09-09,4.05,0.25,0.703,148,0.22
2020-09-10,4.12,0.25,0.684,151,0.21
2020-09-11,4.2,0.25,0.667,158,0.25
2020-09-14,4.17,0.25,0.669,158,0.25
2020-09-15,4.16,0.25,0.68,156,0.25
2020-09-16,4.19,0.25,0.687,155,0.25
2020-09-17,4.16,0.25,0.682,158,0.25
2020-09-18,4.16,0.25,0.694,158,0.25
2020-09-21,4.2,0.25,0.671,166,0.25
2020-09-22,4.28,0.25,0.676,173,0.25
2020-09-23,4.34,0.25,0.676,183,0.25
2020-09-24,4.3,0.25,0.668,181,0.25
2020-09-25,4.23,0.25,0.659,175,0.25
2020-09-28,4.27,0.25,0.663,171,0.25
2020-09-29,4.24,0.25,0.651,173,0.25
2020-09-30,4.33,0.25,0.686,173,0.25
2020-10-01,4.3,0.25,0.679,171,0.25
2020-10-02,4.32,0.25,0.704,167,0.25
2020-10-05,4.27,0.25,0.778,160,0.25
2020-10-06,4.25,0.25,0.74,162,0.25
2020-10-07,4.22,0.25,0.784,155,0.25
2020-10-08,4.1,0.25,0.779,149,0.25
2020-10-09,4.04,0.25,0.779,145,0.25
2020-10-12,4.08,0.25,0.764,145,0.25
2020-10-13,4.15,0.25,0.729,147,0.25
2020-10-14,4.12,0.25,0.727,145,0.25
2020-10-15,4.15,0.25,0.739,142,0.25
2020-10-16,4.17,0.25,0.749,141,0.25
2020-10-19,4.19,0.25,0.772,142,0.25
2020-10-20,4.27,0.25,0.792,142,0.25
2020-10-21,4.34,0.25,0.821,145,0.25
2020-10-22,4.3,0.25,0.861,146,0.25
2020-10-23,4.21,0.25,0.841,149,0.25
2020-10-26,4.21,0.25,0.803,151,0.25
2020-10-27,4.17,0.25,0.771,149,0.25
2020-10-28,4.24,0.25,0.774,152,0.25
2020-10-29,4.2,0.25,0.831,150,0.25
2020-10-30,4.22,0.25,0.874,149,0.25
2020-11-02,4.17,0.25,0.852,150,0.25
2020-11-03,4.05,0.25,0.896,146,0.25
2020-11-04,4.0,0.25,0.771,145,0.25
2020-11-05,3.85,0.25,0.766,143,0.25
2020-11-06,3.94,0.25,0.82,146,0.25
2020-11-09,3.94,0.25,0.924,137,0.25
2020-11-10,4.0,0.25,0.96,144,0.25
2020-11-11,4.08,0.25,0.977,144,0.25
2020-11-12,4.09,0.25,0.883,142,0.25
2020-11-13,4.16,0.25,0.898,142,0.25
2020-11-16,4.24,0.25,0.911,147,0.25
2020-11-17,4.07,0.25,0.862,144,0.25
2020-11-18,4.0537,0.25,0.87,143,0.25
2020-11-19,4.0657,0.25,0.842,144,0.25
2020-11-20,4.02,0.25,0.824,142,0.25
2020-11-23,4.0,0.25,0.859,149,0.25
2020-11-24,3.9501,0.25,0.885,151,0.25
2020-11-25,3.9356,0.25,0.882,154,0.25
2020-11-26,3.8817,0.25,0.859,154,0.25
2020-11-27,3.9,0.25,0.842,159,0.25
2020-11-30,3.9078,0.25,0.842,161,0.25
2020-12-01,3.9227,0.25,0.929,152,0.25
2020-12-02,3.9028,0.25,0.938,149,0.25
2020-12-03,3.87,0.25,0.911,151,0.25
2020-12-04,3.81,0.25,0.973,148,0.25
2020-12-07,3.763,0.25,0.928,152,0.25
2020-12-08,,,0.921,154,
2020-12-09,3.72,0.25,0.938,151,0.25
2020-12-10,3.69,0.25,0.906,154,0.25
2020-12-11,3.67,0.25,0.896,155,0.25
2020-12-14,3.66,0.25,0.898,152,0.25
2020-12-15,3.57,0.25,0.911,144,0.25
2020-12-16,3.56,0.25,0.92,141,0.25
2020-12-17,3.52,0.25,0.935,137,0.25
2020-12-18,3.5,0.25,0.945,135,0.25
2020-12-21,3.51,0.25,0.938,137,0.25
2020-12-22,3.55,0.25,0.921,137,0.25
2020-12-23,3.51,0.25,0.945,134,0.25
2020-12-24,3.512,0.25,0.926,137,0.25
2020-12-25,,,,137,
2020-12-28,3.514,0.25,0.923,136,0.25
2020-12-29,3.511,0.25,0.94,135,0.25
2020-12-30,3.52,0.25,0.926,136,0.25
2020-12-31,3.5,0.25,0.916,132,0.25
2021-01-01,,,,132,
2021-01-04,3.49,0.25,0.918,131,0.25
2021-01-05,3.51,0.25,0.955,130,0.25
2021-01-06,3.61,0.25,1.039,128,0.25
2021-01-07,3.64,0.25,1.081,128,0.25
2021-01-08,3.65,0.25,1.119,125,0.25
2021-01-11,3.7,0.25,1.144,129,0.25
2021-01-12,3.62,0.25,1.129,138,0.25
2021-01-13,3.58,0.25,1.092,135,0.25
2021-01-14,3.59,0.25,1.129,131,0.25
2021-01-15,3.62,0.25,1.087,134,0.25
2021-01-18,3.64,0.25,1.1,134,0.25
2021-01-19,3.66,0.25,1.092,134,0.25
2021-01-20,3.67,0.25,1.077,134,0.25
2021-01-21,3.68,0.25,1.109,133,0.25
2021-01-22,3.72,0.25,1.086,131,0.25
2021-01-25,3.73,0.25,1.033,133,0.25
2021-01-26,3.78,0.25,1.033,132,0.25
2021-01-27,3.88,0.25,1.013,133,0.25
2021-01-28,3.73,0.25,1.052,131,0.25
2021-01-29,3.66,0.25,1.071,128,0.25
2021-02-01,3.71,0.25,1.079,131,0.25
2021-02-02,3.74,0.25,1.095,130,0.25
2021-02-03,3.77,0.25,1.139,132,0.25
2021-02-04,3.78,0.25,1.136,137,0.25
2021-02-05,3.77,0.25,1.169,135,0.25
2021-02-08,3.77,0.25,1.176,136,0.25
2021-02-09,3.76,0.25,1.16,135,0.25
2021-02-10,3.73,0.25,1.124,137,0.25
2021-02-11,3.75,0.25,1.165,134,0.25
2021-02-12,3.77,0.25,1.21,133,0.25
2021-02-15,3.79,0.25,1.25,133,0.25
2021-02-16,3.87,0.25,1.311,136,0.25
2021-02-17,3.89,0.25,1.282,136,0.25
2021-02-18,3.99,0.25,1.297,138,0.25
2021-02-19,4.11,0.25,1.34,137,0.25
2021-02-22,4.21,0.25,1.369,141,0.25
2021-02-23,4.15,0.25,1.343,145,0.25
2021-02-24,4.15,0.25,1.372,145,0.25
2021-02-25,4.29,0.25,1.53,147,0.25
2021-02-26,4.23,0.25,1.407,164,0.25
2021-03-01,4.27,0.25,1.426,159,0.25
2021-03-02,4.42,0.25,1.398,165,0.25
2021-03-03,4.57,0.25,1.484,166,0.25
2021-03-04,4.75,0.25,1.557,170,0.25
2021-03-05,4.76,0.25,1.577,178,0.25
2021-03-08,4.9,0.25,1.603,185,0.25
2021-03-09,4.79,0.25,1.528,184,0.25
2021-03-10,4.7,0.25,1.521,180,0.25
2021-03-11,4.56,0.25,1.535,173,0.25
2021-03-12,4.7,0.25,1.625,166,0.25
2021-03-15,4.68,0.25,1.607,166,0.25
2021-03-16,4.7,0.25,1.621,160,0.25
2021-03-17,4.68,0.25,1.646,159,0.25
2021-03-18,4.66,0.25,1.706,157,0.25
2021-03-19,4.6,0.25,1.73,156,0.25
2021-03-22,4.54,0.25,1.695,160,0.25
2021-03-23,4.62,0.25,1.622,161,0.25
2021-03-24,4.68,0.25,1.614,161,0.25
2021-03-25,4.71,0.25,1.633,162,0.25
2021-03-26,4.73,0.25,1.674,160,0.25
2021-03-29,4.8,0.25,1.717,156,0.25
2021-03-30,4.99,0.25,1.71,161,0.25
2021-03-31,4.97,0.25,1.744,152,0.25
2021-04-01,,,1.673,152,
2021-04-02,,,1.714,152,
2021-04-05,4.91,0.25,1.707,148,0.25
2021-04-06,4.79,0.25,1.658,148,0.25
2021-04-07,4.78,0.25,1.679,149,0.25
2021-04-08,4.74,0.25,1.626,151,0.25
2021-04-09,4.81,0.25,1.662,152,0.25
2021-04-12,4.8,0.25,1.669,159,0.25
2021-04-13,4.78,0.25,1.62,164,0.25
2021-04-14,4.88,0.25,1.634,160,0.25
2021-04-15,4.87,0.25,1.574,161,0.25
2021-04-16,4.89,0.25,1.5904,157,0.25
2021-04-19,5.02,0.25,1.61,164,0.25
2021-04-20,5.06,0.25,1.566,175,0.25
2021-04-21,5.16,0.25,1.559,181,0.25
2021-04-22,5.36,0.25,1.5416,188,0.25
2021-04-23,5.42,0.25,1.5595,180,0.25
2021-04-26,5.65,0.25,1.572,185,0.25
2021-04-27,5.61,0.25,1.622,181,0.25
2021-04-28,5.47,0.25,1.613,177,0.25
2021-04-29,5.4,0.25,1.643,170,0.25
2021-04-30,5.4,0.25,1.626,165,0.25
2021-05-03,5.43,0.25,1.599,164,0.25
2021-05-04,5.39,0.25,1.594,167,0.25
2021-05-05,5.31,0.25,1.578,175,0.25
2021-05-06,5.12,0.25,1.57,174,0.25
2021-05-07,5.05,0.25,1.579,164,0.25
2021-05-10,4.88,0.25,1.604,159,0.25
2021-05-11,4.89,0.25,1.622,158,0.25
2021-05-12,4.92,0.25,1.693,157,0.25
2021-05-13,4.79,0.25,1.659,155,0.25
2021-05-14,4.8,0.25,1.635,154,0.25
2021-05-17,4.89,0.25,1.652,153,0.25
2021-05-18,4.95,0.25,1.64,152,0.25
2021-05-19,4.99,0.25,1.676,155,0.25
2021-05-20,4.97,0.25,1.628,159,0.25
2021-05-21,4.85,0.25,1.623,164,0.25
2021-05-24,4.98,0.25,1.603,172,0.25
2021-05-25,4.98,0.25,1.56,174,0.25
2021-05-26,5.08,0.25,1.581,171,0.25
2021-05-27,4.93,0.25,1.606,170,0.25
2021-05-28,4.82,0.25,1.581,169,0.25
2021-05-31,4.77,0.25,1.61,169,0.25
2021-06-01,4.85,0.25,1.606,167,0.25
2021-06-02,4.89,0.25,1.589,167,0.25
2021-06-03,4.84,0.25,1.625,165,0.25
2021-06-04,4.68,0.25,1.557,167,0.25
2021-06-07,5.0,0.25,1.569,180,0.25
2021-06-08,4.92,0.25,1.538,176,0.25
2021-06-09,5.15,0.25,1.492,172,0.25
2021-06-10,5.08,0.25,1.437,174,0.25
2021-06-11,5.15,0.25,1.454,170,0.25
2021-06-14,5.3,0.25,1.497,169,0.25
2021-06-15,5.4,0.25,1.489,169,0.25
2021-06-16,5.41,0.25,1.581,169,0.25
2021-06-17,5.423,0.25,1.511,170,0.25
2021-06-18,5.55,0.25,1.443,174,0.25
2021-06-21,5.765,0.25,1.495,174,0.25
2021-06-22,5.68,0.25,1.467,170,0.25
2021-06-23,5.72,0.25,1.485,168,0.25
2021-06-24,5.64,0.25,1.499,167,0.25
2021-06-25,5.57,0.25,1.524,163,0.25
2021-06-28,5.35,0.25,1.482,165,
2021-06-29,,,1.475,164,
2021-06-30,5.37,0.25,1.468,163,0.25
2021-07-01,5.41,0.25,1.459,163,0.25
2021-07-02,5.5,0.25,1.431,166,0.25
2021-07-05,5.614,0.25,1.436,166,0.25
2021-07-06,5.62,0.25,1.352,166,0.25
2021-07-07,5.8,0.25,1.323,167,0.25
2021-07-08,5.75,0.25,1.294,167,0.25
2021-07-09,5.85,0.25,1.361,163,0.25
2021-07-12,,0.25,1.368,163,0.25
2021-07-13,5.85,0.25,1.418,160,0.25
2021-07-14,5.75,0.25,1.349,161,0.25
2021-07-15,5.67,0.25,1.301,165,0.25
2021-07-16,5.56,0.25,1.3,163,0.25
2021-07-19,5.65,0.25,1.199,171,0.25
2021-07-20,5.62,0.25,1.222,169,0.25
2021-07-21,5.55,0.25,1.292,169,0.25
2021-07-22,5.41,0.25,1.277,173,0.25
2021-07-23,5.46,0.25,1.281,172,0.25
2021-07-26,5.38,0.25,1.295,173,0.25
2021-07-27,5.47,0.25,1.239,179,0.25
2021-07-28,,,1.238,182,
2021-07-29,,,1.266,187,
2021-07-30,6.45,0.25,1.226,197,0.25
2021-08-02,6.05,0.25,1.179,193,0.25
2021-08-03,5.87,0.25,1.174,187,0.25
2021-08-04,6.04,0.25,1.18,186,0.25
2021-08-05,6.09,0.25,1.225,182,0.25
2021-08-06,6.34,0.25,1.305,179,0.25
2021-08-09,6.45,0.25,1.325,179,0.25
2021-08-10,6.36,0.25,1.354,183,0.25
2021-08-11,6.4,0.25,1.335,184,0.25
2021-08-12,6.5,0.25,1.361,183,0.25
2021-08-13,6.38,0.5,1.283,188,0.5
2021-08-16,6.45,0.5,1.268,189,0.5
2021-08-17,6.49,0.5,1.267,188,0.5
2021-08-18,6.48,0.5,1.26,187,0.5
2021-08-19,6.66,0.5,1.243,187,0.5
2021-08-20,6.8,0.5,1.255,185,0.5
2021-08-23,6.69,0.5,1.253,185,0.5
2021-08-24,6.44,0.5,1.297,179,0.5
2021-08-25,6.49,0.5,1.349,174,0.5
2021-08-26,6.3,0.5,1.354,178,0.5
2021-08-27,6.09,0.5,1.31,178,0.5
2021-08-30,,,1.28,177,
2021-08-31,6.09,0.5,1.307,175,0.5
2021-09-01,6.15,0.5,1.299,175,0.5
2021-09-02,6.26,0.5,1.285,178,0.5
2021-09-03,6.25,0.5,1.326,175,0.5
2021-09-06,6.25,0.5,1.336,175,0.5
2021-09-07,6.3,0.5,1.377,171,0.5
2021-09-08,6.4,0.5,1.336,174,0.5
2021-09-09,6.4,0.5,1.297,175,0.5
2021-09-10,6.46,1.0,1.343,172,1.0
2021-09-13,6.43,1.0,1.326,174,1.0
2021-09-14,6.37,1.0,1.284,178,1.0
2021-09-15,6.43,1.0,1.304,174,1.0
2021-09-16,6.4,1.0,1.336,172,1.0
2021-09-17,6.36,1.0,1.363,169,1.0
2021-09-20,6.3,1.0,1.312,177,1.0
2021-09-21,6.27,1.0,1.328,175,1.0
2021-09-22,6.27,1.0,1.304,175,1.0
2021-09-23,6.27,1.0,1.435,169,1.0
2021-09-24,6.3,1.0,1.453,170,1.0
2021-09-27,6.38,1.0,1.491,172,1.0
2021-09-28,6.41,1.0,1.546,173,1.0
2021-09-29,6.43,1.0,1.524,175,1.0
2021-09-30,6.44,1.0,1.492,180,1.0
2021-10-01,6.37,1.0,1.465,186,1.0
2021-10-04,6.33,1.0,1.481,186,1.0
2021-10-05,6.18,1.0,1.536,183,1.0
2021-10-06,6.14,1.0,1.528,185,1.0
2021-10-07,5.92,1.0,1.576,173,1.0
2021-10-08,,,1.612,171,
2021-10-11,5.95,1.5,1.628,171,1.5
2021-10-12,5.76,1.5,1.572,174,1.5
2021-10-13,5.78,1.5,1.542,173,1.5
2021-10-14,5.71,1.5,1.516,170,1.5
2021-10-15,5.83,1.5,1.574,170,1.5
2021-10-18,5.95,1.5,1.591,172,1.5
2021-10-19,5.9,1.5,1.641,165,1.5
2021-10-20,5.92,1.5,1.66,162,1.5
2021-10-21,5.94,1.5,1.696,161,1.5
2021-10-22,5.88,1.5,1.638,161,1.5
2021-10-25,5.88,1.5,1.633,159,1.5
2021-10-26,5.95,1.5,1.61,164,1.5
2021-10-27,5.95,1.5,1.55,166,1.5
2021-10-28,5.83,1.5,1.578,171,1.5
2021-10-29,5.82,1.5,1.561,181,1.5
2021-11-01,,,1.561,181,
2021-11-02,5.82,1.5,1.547,183,1.5
2021-11-03,5.9,1.5,1.603,175,1.5
2021-11-04,5.84,1.5,1.53,179,1.5
2021-11-05,5.73,1.5,1.455,182,1.5
2021-11-08,5.74,1.5,1.493,173,1.5
2021-11-09,5.8,1.5,1.439,176,1.5
2021-11-10,5.87,1.5,1.57,172,1.5
2021-11-11,5.85,1.5,1.578,172,1.5
2021-11-12,5.85,2.0,1.57,173,2.0
2021-11-15,5.8,2.0,1.618,171,2.0
2021-11-16,5.87,2.0,1.64,171,2.0
2021-11-17,5.83,2.0,1.585,174,2.0
2021-11-18,5.87,2.0,1.587,174,2.0
2021-11-19,5.86,2.0,1.548,177,2.0
2021-11-22,5.9,2.0,1.632,174,2.0
2021-11-23,5.97,2.0,1.676,178,2.0
2021-11-24,5.97,2.0,1.643,184,2.0
2021-11-25,5.96,2.0,1.596,184,2.0
2021-11-26,5.88,2.0,1.482,203,2.0
2021-11-29,5.92,2.0,1.502,196,2.0
2021-11-30,5.95,2.0,1.456,194,2.0
2021-12-01,5.98,2.0,1.404,188,2.0
2021-12-02,5.98,2.0,1.444,185,2.0
2021-12-03,5.98,2.0,1.356,191,2.0
2021-12-06,5.96,2.0,1.433,184,2.0
2021-12-07,5.91,2.0,1.482,175,2.0
2021-12-08,,,1.528,170,
2021-12-09,5.93,2.0,1.497,169,2.0
2021-12-10,5.89,2.5,1.482,169,2.5
2021-12-13,5.88,2.5,1.414,173,2.5
2021-12-14,5.89,2.5,1.441,171,2.5
2021-12-15,5.91,2.5,1.458,170,2.5
2021-12-16,5.9,2.5,1.424,173,2.5
2021-12-17,5.92,2.5,1.407,174,2.5
2021-12-20,5.95,2.5,1.428,175,2.5
2021-12-21,6.0,2.5,1.467,173,2.5
2021-12-22,5.97,2.5,1.453,176,2.5
2021-12-23,5.94,2.5,1.493,172,2.5
2021-12-24,5.92,2.5,1.493,172,2.5
2021-12-27,5.89,2.5,1.477,173,2.5
2021-12-28,5.86,2.5,1.484,171,2.5
2021-12-29,5.9,2.5,1.556,166,2.5
2021-12-30,5.934,2.5,1.507,169,2.5
2021-12-31,5.87,2.5,1.512,170,2.5
2022-01-03,5.944,2.5,1.637,162,2.5
2022-01-04,5.96,2.5,1.649,165,2.5
2022-01-05,6.0,2.5,1.7,167,2.5
2022-01-06,6.02,2.5,1.728,176,2.5
2022-01-07,6.05,3.0,1.765,177,3.0
2022-01-10,6.12,3.0,1.755,180,3.0
2022-01-11,6.05,3.0,1.746,181,3.0
2022-01-12,6.04,3.0,1.752,179,3.0
2022-01-13,6.07,3.0,1.701,180,3.0
2022-01-14,6.12,3.0,1.793,176,3.0
2022-01-17,6.13,3.0,1.809,176,3.0
2022-01-18,6.192,3.0,1.875,177,3.0
2022-01-19,6.16,3.0,1.854,177,3.0
2022-01-20,6.09,3.0,1.811,175,3.0
2022-01-21,6.04,3.0,1.77,180,3.0
2022-01-24,6.08,3.0,1.776,179,3.0
2022-01-25,6.08,3.0,1.776,177,3.0
2022-01-26,6.08,3.0,1.873,174,3.0
2022-01-27,6.1,3.0,1.803,182,3.0
2022-01-28,6.11,3.0,1.778,186,3.0
2022-01-31,6.13,3.0,1.784,186,3.0
2022-02-01,6.15,3.0,1.795,191,3.02
2022-02-02,6.08,3.0,1.771,190,3.0
2022-02-03,6.08,3.0,1.836,186,3.0
2022-02-04,6.1,3.0,1.916,186,3.01
2022-02-07,6.12,3.0,1.919,192,3.0
2022-02-08,6.07,3.0,1.965,192,3.0
2022-02-09,6.04,3.0,1.945,190,3.0
2022-02-10,6.1,3.0,2.043,188,3.0
2022-02-11,6.08,3.5,1.918,204,3.5
2022-02-14,6.08,3.5,1.986,200,3.5
2022-02-15,6.1,3.5,2.043,192,3.5
2022-02-16,6.06,3.5,2.04,194,3.5
2022-02-17,6.0,3.5,1.968,198,3.5
2022-02-18,6.03,3.5,1.927,203,3.5
2022-02-21,6.05,3.5,1.873,203,3.5
2022-02-22,6.0,3.5,1.944,207,3.5
2022-02-23,6.0,3.5,1.998,210,3.5
2022-02-24,6.04,3.5,1.97,211,3.5
2022-02-25,6.07,3.5,1.97,205,3.5
2022-02-28,6.17,3.5,1.822,213,3.52
2022-03-01,6.22,3.5,1.716,212,3.58
2022-03-02,6.26,3.5,1.878,207,3.58
2022-03-03,6.33,3.5,1.84,211,3.58
2022-03-04,6.45,3.5,1.737,224,3.73
2022-03-07,6.64,3.5,1.777,226,3.65
2022-03-08,6.67,3.5,1.84,225,3.61
2022-03-09,6.65,3.5,1.951,217,3.55
2022-03-10,6.72,3.5,1.993,214,3.7
2022-03-11,6.65,4.0,1.997,211,4.0
2022-03-14,6.72,4.0,2.142,206,4.0
2022-03-15,6.67,4.0,2.149,207,4.0
2022-03-16,6.63,4.0,2.192,207,4.0
2022-03-17,6.56,4.0,2.167,194,4.0
2022-03-18,6.52,4.0,2.153,193,4.0
2022-03-21,6.57,4.0,2.297,190,4.0
2022-03-22,6.61,4.0,2.381,190,4.0
2022-03-23,6.61,4.0,2.29,199,4.0
2022-03-24,6.75,4.0,2.37,192,4.0
2022-03-25,6.9,4.0,2.488,183,4.0
2022-03-28,6.81,4.0,2.466,184,4.0
2022-03-29,6.65,4.0,2.398,179,4.11
2022-03-30,6.61,4.0,2.358,175,4.0
2022-03-31,6.55,4.0,2.345,171,4.0
2022-04-01,6.72,4.0,2.389,172,4.14
2022-04-04,6.79,4.0,2.393,166,4.09
2022-04-05,6.86,4.0,2.554,165,4.19
2022-04-06,6.94,4.0,2.596,165,4.3
2022-04-07,6.93,4.0,2.665,180,4.28
2022-04-08,6.98,4.5,2.704,191,4.51
2022-04-11,7.08,4.5,2.774,197,4.5
2022-04-12,7.2,4.5,2.727,195,4.5
2022-04-13,7.29,4.5,2.703,189,4.5
2022-04-14,,,2.828,181,
2022-04-15,,,2.828,181,
2022-04-18,7.39,4.5,2.857,183,4.5
2022-04-19,7.48,4.5,2.94,185,4.5
2022-04-20,7.56,4.5,2.834,193,4.5
2022-04-21,7.67,4.5,2.908,198,4.59
2022-04-22,7.75,4.5,2.905,203,4.82
2022-04-25,8.0,4.5,2.818,207,4.62
2022-04-26,8.06,4.5,2.738,209,4.61
2022-04-27,7.8,4.5,2.826,207,4.5
2022-04-28,7.72,4.5,2.82,215,4.5
2022-04-29,7.87,4.5,2.938,218,4.5
2022-05-02,8.0,4.5,2.987,228,4.79
2022-05-03,7.94,4.5,2.975,223,4.8
2022-05-04,7.94,4.5,2.946,222,4.91
2022-05-05,8.16,4.5,3.052,214,4.99
2022-05-06,8.41,4.5,3.142,211,5.0
2022-05-09,8.4,4.5,3.034,227,4.5
2022-05-10,8.24,4.5,2.989,224,4.5
2022-05-11,8.16,4.5,2.925,224,4.5
2022-05-12,8.06,4.5,2.855,224,4.5
2022-05-13,8.0,5.0,2.928,216,5.0
2022-05-16,7.91,5.0,2.886,217,5.0
2022-05-17,7.99,5.0,2.995,213,5.0
2022-05-18,8.0,5.0,2.884,226,5.0
2022-05-19,7.93,5.0,2.837,224,5.0
2022-05-20,7.88,5.0,2.788,228,5.02
2022-05-23,7.86,5.0,2.861,220,5.0
2022-05-24,7.73,5.0,2.754,225,5.0
2022-05-25,7.58,5.0,2.751,216,5.0
2022-05-26,7.5,5.0,2.742,210,5.0
2022-05-27,7.48,5.0,2.743,200,4.97
2022-05-30,7.51,5.0,2.812,200,5.29
2022-05-31,7.64,5.0,2.862,194,5.35
2022-06-01,7.63,5.0,2.911,192,5.14
2022-06-02,7.7,5.0,2.913,195,5.0
2022-06-03,7.73,5.0,2.941,197,5.0
2022-06-06,7.85,5.0,3.04,196,5.0
2022-06-07,7.77,5.0,2.979,198,5.0
2022-06-08,7.83,5.0,3.027,197,5.0
2022-06-09,7.85,5.0,3.046,201,4.99
2022-06-10,7.92,5.5,3.165,201,4.59
2022-06-13,8.08,5.5,3.362,214,5.05
2022-06-14,8.12,5.5,3.479,211,5.5
2022-06-15,8.05,5.5,3.292,215,5.5
2022-06-16,7.92,5.5,3.195,223,5.5
2022-06-17,7.88,5.5,3.231,223,5.5
2022-06-20,7.8,5.5,3.277,223,5.5
2022-06-21,7.85,5.5,3.279,218,5.5
2022-06-22,7.88,5.5,3.16,226,5.5
2022-06-23,7.78,5.5,3.089,223,5.5
2022-06-24,7.83,5.5,3.138,220,5.5
2022-06-27,7.85,5.5,3.202,219,5.5
2022-06-28,7.84,5.5,3.177,233,5.5
2022-06-29,,,3.087,238,
2022-06-30,7.858,5.5,3.017,235,5.5
2022-07-01,7.82,5.5,2.889,235,5.5
2022-07-04,7.83,5.5,2.932,235,5.5
2022-07-05,7.8,5.5,2.818,238,5.5
2022-07-06,7.7,5.5,2.934,228,5.48
2022-07-07,7.92,5.5,3.0,223,5.47
2022-07-08,8.1,6.0,3.08,222,5.98
2022-07-11,8.18,6.0,2.993,232,6.0
2022-07-12,8.42,6.0,2.971,240,6.0
2022-07-13,8.39,6.0,2.935,246,6.0
2022-07-14,8.45,6.0,2.958,250,6.0
2022-07-15,8.44,6.0,2.928,252,6.0
2022-07-18,8.49,6.0,2.989,245,6.06
2022-07-19,8.57,6.0,3.028,238,6.01
2022-07-20,8.55,6.0,3.03,234,6.0
2022-07-21,8.49,6.0,2.882,242,6.0
2022-07-22,8.34,6.0,2.754,242,6.0
2022-07-25,8.19,6.0,2.807,236,6.0
2022-07-26,8.19,6.0,2.803,233,6.0
2022-07-27,8.24,6.0,2.785,228,6.06
2022-07-28,,,2.671,226,
2022-07-29,,,2.658,219,
2022-08-01,8.0,6.0,2.568,223,6.04
2022-08-02,8.0,6.0,2.747,215,6.0
2022-08-03,8.01,6.0,2.706,222,6.0
2022-08-04,7.89,6.0,2.694,213,6.0
2022-08-05,7.98,6.0,2.827,209,6.2
2022-08-08,7.9,6.0,2.752,210,6.46
2022-08-09,7.91,6.0,2.786,215,6.15
2022-08-10,7.83,6.0,2.785,204,6.01
2022-08-11,7.86,6.0,2.889,195,6.0
2022-08-12,7.82,6.5,2.842,200,6.5
2022-08-15,7.74,6.5,2.793,201,5.83
2022-08-16,7.75,6.5,2.819,205,6.25
2022-08-17,7.8,6.5,2.902,209,6.32
2022-08-18,7.79,6.5,2.886,208,6.18
2022-08-19,7.87,6.5,2.976,211,6.4
2022-08-22,7.98,6.5,3.024,218,6.48
2022-08-23,7.98,6.5,3.059,214,6.5
2022-08-24,8.01,6.5,3.109,206,6.48
2022-08-25,7.94,6.5,3.031,209,6.5
2022-08-26,7.96,6.5,3.03,212,6.5
2022-08-29,7.99,6.5,3.114,217,6.47
2022-08-30,,,3.112,219,
2022-08-31,7.982,6.5,3.196,218,6.5
2022-09-01,8.16,6.5,3.263,219,6.5
2022-09-02,8.13,6.5,3.195,223,6.5
2022-09-05,8.16,6.5,3.223,223,6.5
2022-09-06,8.28,6.5,3.351,221,6.5
2022-09-07,8.27,6.5,3.267,223,6.5
2022-09-08,8.26,6.5,3.323,215,6.5
2022-09-09,8.15,6.75,3.315,210,6.75
2022-09-12,8.08,6.75,3.358,202,6.71
2022-09-13,8.12,6.75,3.412,214,6.75
2022-09-14,8.17,6.75,3.404,225,6.75
2022-09-15,8.19,6.75,3.449,225,6.75
2022-09-16,8.19,6.75,3.455,231,6.75
2022-09-19,8.19,6.75,3.494,229,6.75
2022-09-20,8.28,6.75,3.569,230,6.74
2022-09-21,8.24,6.75,3.534,226,6.75
2022-09-22,8.28,6.75,3.712,220,6.65
2022-09-23,8.35,6.75,3.687,227,6.58
2022-09-26,8.48,6.75,3.91,234,6.75
2022-09-27,8.55,6.75,3.949,237,6.75
2022-09-28,8.64,6.75,3.737,246,6.75
2022-09-29,8.76,6.75,3.786,248,6.75
2022-09-30,8.8,6.75,3.829,246,6.81
2022-10-03,8.7,6.75,3.621,245,6.83
2022-10-04,8.68,6.75,3.635,229,6.75
2022-10-05,,6.75,3.751,233,6.76
2022-10-06,8.68,6.75,3.828,233,6.9
2022-10-07,8.62,7.0,3.888,241,7.13
2022-10-10,8.66,7.0,3.955,241,7.0
2022-10-11,8.7,7.0,3.945,247,7.0
2022-10-12,8.77,7.0,3.904,254,7.0
2022-10-13,8.76,7.0,3.95,257,7.0
2022-10-14,8.77,7.0,4.023,256,7.0
2022-10-17,8.69,7.0,4.012,252,7.0
2022-10-18,8.61,7.0,4.007,249,7.0
2022-10-19,8.65,7.0,4.142,248,7.0
2022-10-20,8.67,7.0,4.226,250,7.0
2022-10-21,8.64,7.0,4.219,250,7.0
2022-10-24,8.68,7.0,4.247,238,7.01
2022-10-25,8.62,7.0,4.1,235,7.0
2022-10-26,8.55,7.0,4.011,232,7.0
2022-10-27,8.49,7.0,3.927,235,7.0
2022-10-28,8.51,7.0,4.01,224,7.0
2022-10-31,8.41,7.0,4.05,228,7.0
2022-11-01,,7.0,4.046,221,
2022-11-02,8.23,7.0,4.096,221,7.0
2022-11-03,8.24,7.0,4.149,221,7.0
2022-11-04,8.13,7.0,4.163,213,7.05
2022-11-07,7.94,7.0,4.218,201,7.0
2022-11-08,7.74,7.0,4.128,204,7.0
2022-11-09,7.71,7.0,4.099,211,7.0
2022-11-10,7.53,7.0,3.811,205,7.0
2022-11-11,7.62,7.25,3.811,205,7.25
2022-11-14,7.73,7.25,3.863,196,7.28
2022-11-15,7.87,7.25,3.777,195,7.27
2022-11-16,7.94,7.25,3.69,201,7.25
2022-11-17,8.0,7.25,3.769,202,7.25
2022-11-18,8.03,7.25,3.829,200,7.26
2022-11-21,7.95,7.25,3.831,197,7.36
2022-11-22,7.88,7.25,3.758,197,7.28
2022-11-23,7.89,7.25,3.689,201,7.25
2022-11-24,7.8,7.25,3.661,201,7.27
2022-11-25,7.8,7.25,3.691,202,7.25
2022-11-28,7.77,7.25,3.679,198,7.25
2022-11-29,7.73,7.25,3.75,190,7.3
2022-11-30,7.63,7.25,3.611,193,7.45
2022-12-01,7.6,7.25,3.51,196,7.25
2022-12-02,7.64,7.25,3.492,196,7.25
2022-12-05,7.66,7.25,3.583,191,7.31
2022-12-06,7.6,7.25,3.531,199,7.33
2022-12-07,7.8,7.25,3.421,201,7.27
2022-12-08,,,3.489,189,
2022-12-09,,,3.586,180,
2022-12-12,,7.5,3.617,185,7.54
2022-12-13,7.72,7.5,3.501,185,7.56
2022-12-14,7.79,7.5,3.479,197,7.5
2022-12-15,7.82,7.5,3.45,203,7.5
2022-12-16,7.96,7.5,3.488,208,7.5
2022-12-19,8.07,7.5,3.59,208,7.5
2022-12-20,8.06,7.5,3.692,209,7.5
2022-12-21,8.0,7.5,3.673,200,7.54
2022-12-22,7.97,7.5,3.686,198,7.51
2022-12-23,7.97,7.5,3.751,193,7.63
2022-12-26,7.94,7.5,3.743,193,7.5
2022-12-27,7.93,7.5,3.849,191,7.51
2022-12-28,7.97,7.5,3.886,190,7.5
2022-12-29,7.98,7.5,3.82,195,7.5
2022-12-30,7.98,7.5,3.879,194,7.5
2023-01-02,,,3.879,194,
2023-01-03,8.01,7.5,3.752,200,7.52
2023-01-04,8.0,7.5,3.69,208,7.61
2023-01-05,7.99,7.5,3.726,217,7.65
2023-01-06,7.91,7.5,3.56,215,7.53
2023-01-09,7.67,7.5,3.527,215,7.5
2023-01-10,7.78,7.5,3.615,214,7.5
2023-01-11,7.78,7.5,3.543,213,7.5
2023-01-12,7.77,7.5,3.444,205,7.5
2023-01-13,7.94,7.75,3.498,202,7.75
2023-01-16,8.05,7.75,3.529,202,7.75
2023-01-17,8.04,7.75,3.549,206,7.75
2023-01-18,8.0,7.75,3.373,207,7.75
2023-01-19,8.03,7.75,3.399,211,7.75
2023-01-20,7.98,7.75,3.482,208,7.75
2023-01-23,7.96,7.75,3.521,207,7.75
2023-01-24,8.09,7.75,3.455,210,7.75
2023-01-25,,7.75,3.451,210,7.75
2023-01-26,,7.75,3.506,202,7.75
2023-01-27,,7.75,3.507,199,7.75
2023-01-30,8.05,7.75,3.542,204,7.75
2023-01-31,8.09,7.75,3.51,206,7.73
2023-02-01,7.95,7.75,3.417,207,7.77
2023-02-02,7.8,7.75,3.402,197,7.75
2023-02-03,7.8,7.75,3.519,193,7.83
2023-02-06,7.84,7.75,3.644,190,7.75
2023-02-07,7.84,7.75,3.679,191,7.75
2023-02-08,7.88,7.75,3.615,195,7.75
2023-02-09,7.87,7.75,3.664,193,7.75
2023-02-10,7.766,7.75,3.743,196,7.75
2023-02-13,,7.75,3.704,196,7.75
2023-02-14,,7.75,3.753,190,7.75
2023-02-15,7.88,7.75,3.803,191,7.75
2023-02-16,7.94,7.75,3.863,186,7.75
2023-02-17,7.86,7.75,3.817,192,7.75
2023-02-20,,7.75,3.851,192,7.75
2023-02-21,7.88,7.75,3.954,188,7.75
2023-02-22,7.83,7.75,3.927,191,7.75
2023-02-23,7.86,7.75,3.89,189,7.86
2023-02-24,8.07,7.75,3.947,188,7.75
2023-02-27,7.99,7.75,3.922,190,7.75
2023-02-28,8.0,7.75,3.938,191,7.75
2023-03-01,7.96,7.75,3.994,191,7.75
2023-03-02,8.07,7.75,4.062,192,7.75
2023-03-03,8.07,7.75,3.958,191,7.75
2023-03-06,8.07,7.75,3.967,187,7.74
2023-03-07,8.05,7.75,3.983,190,7.75
2023-03-08,8.054,7.75,3.989,191,7.73
2023-03-09,8.0,7.75,3.907,197,7.75
2023-03-10,7.87,7.75,3.704,204,7.73
2023-03-13,7.77,7.75,3.545,209,7.75
2023-03-14,7.78,7.75,3.685,200,7.75
2023-03-15,7.62,7.75,3.462,214,7.75
2023-03-16,7.7,7.75,3.579,204,7.75
2023-03-17,7.57,7.75,3.438,214,7.75
2023-03-20,7.55,7.75,3.483,211,7.75
2023-03-21,7.57,7.75,3.608,205,7.75
2023-03-22,7.55,7.75,3.451,216,7.75
2023-03-23,7.42,7.75,3.414,216,7.75
2023-03-24,7.42,7.75,3.372,215,7.75
2023-03-27,7.47,7.75,3.539,206,7.75
2023-03-28,7.47,7.75,3.572,210,7.75
2023-03-29,7.48,7.75,3.566,207,7.75
2023-03-30,7.46,7.75,3.547,209,7.75
2023-03-31,7.51,7.75,3.473,209,7.75
2023-04-03,7.53,7.75,3.415,205,7.75
2023-04-04,7.48,7.75,3.339,210,7.75
2023-04-05,7.45,7.75,3.309,212,7.75
2023-04-06,,,3.303,211,
2023-04-07,,,3.413,207,
2023-04-10,7.5,7.75,3.415,205,7.75
2023-04-11,7.51,7.75,3.432,204,7.75
2023-04-12,7.48,7.75,3.4,204,7.74
2023-04-13,7.48,7.75,3.449,201,7.72
2023-04-14,7.52,7.75,3.515,198,7.75
2023-04-17,7.57,7.75,3.606,197,7.65
2023-04-18,,7.75,3.578,198,7.75
2023-04-19,,7.75,3.591,200,7.75
2023-04-20,,7.75,3.536,203,7.75
2023-04-21,,7.75,3.568,199,7.75
2023-04-24,7.45,7.75,3.496,200,7.76
2023-04-25,7.41,7.75,3.4,201,7.82
2023-04-26,7.43,7.75,3.445,197,7.77
2023-04-27,7.49,7.75,3.528,193,7.75
2023-04-28,7.49,7.75,3.433,193,7.75
2023-05-01,,,3.57,187,
2023-05-02,7.51,7.75,3.433,199,7.75
2023-05-03,7.44,7.75,3.364,201,7.75
2023-05-04,7.43,7.75,3.377,201,7.75
2023-05-05,7.33,7.75,3.435,201,7.75
2023-05-08,7.26,7.75,3.507,198,7.75
2023-05-09,7.19,7.75,3.522,197,7.75
2023-05-10,7.14,7.75,3.439,199,7.75
2023-05-11,7.19,7.75,3.386,199,7.75
2023-05-12,7.19,7.75,3.463,198,7.75
2023-05-15,7.11,7.75,3.507,199,7.75
2023-05-16,7.24,7.75,3.541,198,7.75
2023-05-17,7.27,7.75,3.572,199,7.75
2023-05-18,7.31,7.75,3.651,195,7.75
2023-05-19,7.41,7.75,3.682,194,7.75
2023-05-22,7.44,7.75,3.719,195,7.75
2023-05-23,7.35,7.75,3.698,199,7.75
2023-05-24,7.33,7.75,3.744,198,7.76
2023-05-25,7.29,7.75,3.823,194,7.77
2023-05-26,7.21,7.75,3.819,196,7.75
2023-05-29,7.21,7.75,3.764,196,7.75
2023-05-30,7.15,7.75,3.694,197,7.75
2023-05-31,7.05,7.75,3.646,200,7.75
2023-06-01,7.23,7.75,3.601,195,7.75
2023-06-02,7.27,7.75,3.698,186,7.73
2023-06-05,7.29,7.75,3.689,192,7.54
2023-06-06,7.29,7.75,3.677,191,7.75
2023-06-07,7.31,7.75,3.793,187,7.75
2023-06-08,7.22,7.75,3.718,188,7.75
2023-06-09,7.16,7.75,3.743,186,7.75
2023-06-12,7.13,7.75,3.743,185,7.74
2023-06-13,7.13,7.75,3.827,178,7.75
2023-06-14,7.09,7.75,3.79,180,7.75
2023-06-15,7.08,7.75,3.72,182,7.75
2023-06-16,7.02,7.75,3.767,178,7.67
2023-06-19,6.95,7.75,3.822,178,7.75
2023-06-20,6.93,7.75,3.719,179,7.72
2023-06-21,6.92,7.75,3.727,178,7.75
2023-06-22,6.96,7.75,3.797,172,7.92
2023-06-23,6.95,7.75,3.737,175,7.75
2023-06-26,6.95,7.75,3.723,176,7.75
2023-06-27,6.94,7.75,3.772,174,7.75
2023-06-28,6.88,7.75,3.714,178,7.75
2023-06-29,,,3.842,174,
2023-06-30,6.85,7.75,3.841,172,7.77
2023-07-03,6.66,7.75,3.858,168,7.81
2023-07-04,6.6,7.75,3.839,168,7.75
2023-07-05,6.66,7.75,3.934,163,7.75
2023-07-06,6.79,7.75,4.031,165,7.75
2023-07-07,6.78,7.75,4.066,167,7.75
2023-07-10,6.8,7.75,4.0,168,7.75
2023-07-11,,7.75,3.978,166,7.75
2023-07-12,,7.75,3.861,170,7.74
2023-07-13,6.67,7.75,3.767,170,7.75
2023-07-14,6.73,7.75,3.83,169,7.75
2023-07-17,6.78,7.75,3.809,169,7.75
2023-07-18,6.79,7.75,3.789,168,7.75
2023-07-19,6.76,7.75,3.748,173,7.75
2023-07-20,6.79,7.75,3.856,172,7.75
2023-07-21,6.83,7.75,3.837,173,7.75
2023-07-24,6.83,7.75,3.878,173,7.75
2023-07-25,6.78,7.75,3.89,175,7.76
2023-07-26,6.76,7.75,3.873,173,7.75
2023-07-27,6.81,7.75,4.002,165,7.75
2023-07-28,,,3.957,169,
2023-07-31,6.72,7.75,3.967,163,7.75
2023-08-01,6.74,7.75,4.037,162,7.75
2023-08-02,6.82,7.75,4.09,163,7.75
2023-08-03,6.94,7.75,4.179,162,7.75
2023-08-04,6.89,7.75,4.042,168,7.75
2023-08-07,6.88,7.75,4.097,165,7.75
2023-08-08,6.81,7.75,4.028,165,7.75
2023-08-09,6.76,7.75,4.016,160,7.75
2023-08-10,6.68,7.75,4.107,159,7.75
2023-08-11,6.68,7.75,4.158,162,7.75
2023-08-14,6.74,7.75,4.201,167,7.75
2023-08-15,6.77,7.75,4.215,167,7.75
2023-08-16,6.8,7.75,4.252,172,7.75
2023-08-17,6.9,7.75,4.278,175,7.75
2023-08-18,6.98,7.75,4.256,173,7.75
2023-08-21,7.08,7.75,4.341,173,7.75
2023-08-22,7.07,7.75,4.327,174,7.75
2023-08-23,6.96,7.75,4.195,172,7.75
2023-08-24,6.91,7.75,4.238,172,7.75
2023-08-25,6.9,7.75,4.237,171,7.75
2023-08-28,6.84,7.75,4.205,169,7.75
2023-08-29,6.74,7.75,4.123,164,7.75
2023-08-30,,,4.116,164,
2023-08-31,6.68,7.75,4.109,160,7.75
2023-09-01,6.79,7.75,4.18,160,7.75
2023-09-04,6.87,7.75,4.18,162,7.75
2023-09-05,6.88,7.75,4.263,167,7.75
2023-09-06,6.98,7.75,4.282,169,7.75
2023-09-07,6.93,7.75,4.247,169,7.75
2023-09-08,6.85,7.75,4.267,171,7.75
2023-09-11,6.83,7.75,4.292,175,7.75
2023-09-12,6.83,7.75,4.283,175,7.75
2023-09-13,6.83,7.75,4.251,172,7.75
2023-09-14,6.81,7.75,4.289,171,7.75
2023-09-15,6.75,7.5,4.334,174,7.5
2023-09-18,6.79,7.5,4.304,170,7.5
2023-09-19,6.91,7.5,4.36,166,7.5
2023-09-20,6.88,7.5,4.409,166,7.5
2023-09-21,7.02,7.5,4.496,169,7.5
2023-09-22,6.97,7.5,4.435,166,7.5
2023-09-25,7.15,7.5,4.535,168,7.5
2023-09-26,7.22,7.5,4.537,171,7.5
2023-09-27,7.45,7.5,4.609,176,7.5
2023-09-28,7.37,7.5,4.576,174,7.5
2023-09-29,7.23,7.5,4.572,174,7.5
2023-10-02,7.34,7.5,4.68,179,7.5
2023-10-03,7.48,7.5,4.797,182,7.5
2023-10-04,7.5,7.5,4.734,183,7.5
2023-10-05,7.57,7.5,4.72,179,7.5
2023-10-06,7.56,7.25,4.803,179,7.25
2023-10-09,7.52,7.25,4.803,179,7.25
2023-10-10,7.48,7.25,4.654,180,7.25
2023-10-11,7.53,7.25,4.559,176,7.25
2023-10-12,7.65,7.25,4.699,181,7.25
2023-10-13,7.68,7.25,4.613,178,7.26
2023-10-16,7.72,7.25,4.707,178,7.28
2023-10-17,7.69,7.25,4.836,179,7.25
2023-10-18,7.72,7.25,4.916,179,6.97
2023-10-19,7.75,7.25,4.991,185,7.25
2023-10-20,7.76,7.25,4.916,184,7.25
2023-10-23,7.73,7.25,4.851,183,7.25
2023-10-24,7.66,7.25,4.825,178,7.25
2023-10-25,7.71,7.25,4.957,183,7.25
2023-10-26,7.68,7.25,4.846,183,7.25
2023-10-27,7.69,7.25,4.837,181,7.25
2023-10-30,7.66,7.25,4.895,176,7.25
2023-10-31,7.66,7.25,4.932,183,7.25
2023-11-01,,,4.735,176,
2023-11-02,7.32,7.25,4.66,174,7.25
2023-11-03,7.29,7.25,4.573,178,7.25
2023-11-06,7.25,7.25,4.644,183,7.25
2023-11-07,7.23,7.25,4.568,185,7.25
2023-11-08,7.14,7.25,4.494,180,7.2
2023-11-09,7.16,7.25,4.626,181,7.25
2023-11-10,7.18,7.0,4.653,183,7.0
2023-11-13,7.2,7.0,4.641,181,7.0
2023-11-14,7.08,7.0,4.448,175,7.1
2023-11-15,7.13,7.0,4.532,178,7.0
2023-11-16,7.11,7.0,4.437,177,7.0
2023-11-17,7.12,7.0,4.436,176,7.0
2023-11-20,7.08,7.0,4.421,173,7.0
2023-11-21,7.06,7.0,4.394,170,7.0
2023-11-22,7.09,7.0,4.406,170,6.99
2023-11-23,7.15,7.0,4.406,166,7.0
2023-11-24,7.18,7.0,4.468,171,7.0
2023-11-27,7.22,7.0,4.388,170,7.0
2023-11-28,7.24,7.0,4.322,164,7.0
2023-11-29,7.18,7.0,4.256,160,7.0
2023-11-30,7.2,7.0,4.327,161,7.0
2023-12-01,7.1,7.0,4.197,158,7.0
2023-12-04,7.1,7.0,4.255,162,7.0
2023-12-05,7.04,7.0,4.166,163,7.0
2023-12-06,6.88,7.0,4.105,162,7.0
2023-12-07,6.92,7.0,4.15,162,7.0
2023-12-08,,,4.227,163,
2023-12-11,7.061,7.0,4.234,166,7.0
2023-12-12,7.08,7.0,4.202,172,7.0
2023-12-13,6.97,7.0,4.017,164,7.0
2023-12-14,6.75,7.0,3.922,164,7.0
2023-12-15,6.77,6.75,3.912,162,6.75
2023-12-18,6.8,6.75,3.933,160,6.75
2023-12-19,6.82,6.75,3.932,164,6.75
2023-12-20,6.79,6.75,3.848,161,6.75
2023-12-21,6.8,6.75,3.889,159,6.75
2023-12-22,6.8,6.75,3.896,159,6.75
2023-12-25,,,3.896,160,
2023-12-26,6.79,6.75,3.898,167,6.75
2023-12-27,6.68,6.75,3.795,162,6.75
2023-12-28,6.66,6.75,3.845,160,6.75
2023-12-29,6.69,6.75,3.88,160,6.75
2024-01-01,,,3.88,166,
2024-01-02,,,3.931,178,
2024-01-03,6.78,6.75,3.918,175,6.75
2024-01-04,6.84,6.75,4.001,171,6.75
2024-01-05,6.85,6.75,4.047,176,6.75
2024-01-08,6.82,6.75,4.031,177,6.75
2024-01-09,6.79,6.75,4.014,171,6.75
2024-01-10,6.72,6.75,4.029,172,6.75
2024-01-11,6.63,6.75,3.967,169,6.75
2024-01-12,6.55,6.5,3.941,169,6.5
2024-01-15,6.56,6.5,3.941,165,6.5
2024-01-16,6.59,6.5,4.059,169,6.5
2024-01-17,6.67,6.5,4.104,170,6.5
2024-01-18,6.69,6.5,4.143,171,6.5
2024-01-19,6.66,6.5,4.124,177,6.5
2024-01-22,6.61,6.5,4.106,176,6.5
2024-01-23,6.63,6.5,4.13,174,6.5
2024-01-24,6.65,6.5,4.177,172,6.5
2024-01-25,6.64,6.5,4.119,169,6.5
2024-01-26,6.68,6.5,4.138,164,6.5
2024-01-29,6.66,6.5,4.075,164,6.5
2024-01-30,6.65,6.5,4.033,162,6.5
2024-01-31,6.6,6.5,3.913,167,6.52
2024-02-01,6.53,6.5,3.881,169,6.5
2024-02-02,6.7,6.5,4.022,167,6.5
2024-02-05,6.93,6.5,4.159,166,6.5
2024-02-06,6.74,6.5,4.101,168,6.5
2024-02-07,6.7,6.5,4.122,165,6.5
2024-02-08,6.73,6.5,4.155,167,6.5
2024-02-09,6.71,6.25,4.176,167,6.25
2024-02-12,6.71,6.25,4.18,164,6.25
2024-02-13,6.77,6.25,4.315,161,6.25
2024-02-14,6.74,6.25,4.257,162,6.25
2024-02-15,6.7,6.25,4.232,158,6.25
2024-02-16,6.7,6.25,4.281,157,6.25
2024-02-19,6.7,6.25,4.281,157,6.25
2024-02-20,6.71,6.25,4.276,157,6.25
2024-02-21,6.74,6.25,4.32,156,6.25
2024-02-22,6.76,6.25,4.323,157,6.25
2024-02-23,6.81,6.25,4.249,157,6.25
2024-02-26,6.89,6.25,4.28,155,6.25
2024-02-27,6.86,6.25,4.304,150,6.25
2024-02-28,6.84,6.25,4.265,153,6.25
2024-02-29,6.86,6.25,4.251,153,6.25
2024-03-01,6.83,6.25,4.182,156,6.25
2024-03-04,6.88,6.25,4.214,154,6.25
2024-03-05,6.9,6.25,4.153,156,6.25
2024-03-06,6.95,6.25,4.104,155,6.25
2024-03-07,6.94,6.25,4.085,160,6.25
2024-03-08,6.97,6.25,4.076,160,6.25
2024-03-11,7.02,6.25,4.099,157,6.25
2024-03-12,7.04,6.25,4.153,155,6.25
2024-03-13,6.99,6.25,4.191,151,6.25
2024-03-14,7.02,6.25,4.291,150,6.25
2024-03-15,6.96,6.25,4.307,151,6.25
2024-03-18,6.99,6.25,4.325,151,6.07
2024-03-19,6.98,6.25,4.294,153,6.25
2024-03-20,7.02,6.25,4.274,150,6.25
2024-03-21,7.0,6.25,4.268,146,6.25
2024-03-22,6.94,6.25,4.199,148,6.25
2024-03-25,7.01,6.25,4.246,148,6.25
2024-03-26,7.33,6.25,4.233,150,6.25
2024-03-27,7.34,6.25,4.191,151,6.25
2024-03-28,,,4.201,152,
2024-03-29,,,4.201,152,
2024-04-01,7.54,6.25,4.311,150,6.25
2024-04-02,7.49,6.25,4.35,153,6.25
2024-04-03,7.2,6.25,4.348,153,6.25
2024-04-04,7.16,6.25,4.31,154,6.25
2024-04-05,7.22,6.25,4.404,149,6.25
2024-04-08,7.25,6.25,4.422,150,6.25
2024-04-09,7.28,6.25,4.363,148,6.25
2024-04-10,7.38,6.25,4.545,146,6.25
2024-04-11,7.45,6.25,4.589,147,6.25
2024-04-12,7.35,6.0,4.523,150,6.0
2024-04-15,7.46,6.0,4.603,154,6.0
2024-04-16,7.6,6.0,4.668,157,6.0
2024-04-17,7.58,6.0,4.588,158,6.0
2024-04-18,7.59,6.0,4.634,157,6.0
2024-04-19,7.5,6.0,4.622,157,6.0
2024-04-22,7.34,6.0,4.61,156,6.0
2024-04-23,7.3,6.0,4.601,155,6.0
2024-04-24,7.34,6.0,4.643,156,6.0
2024-04-25,7.36,6.0,4.705,157,6.0
2024-04-26,7.37,6.0,4.665,158,6.0
2024-04-29,7.355,6.0,4.615,158,6.0
2024-04-30,7.29,6.0,4.681,160,6.0
2024-05-01,,,4.629,160,
2024-05-02,7.22,6.0,4.582,158,6.0
2024-05-03,7.1,6.0,4.51,156,6.0
2024-05-06,7.1,6.0,4.488,154,6.0
2024-05-07,7.05,6.0,4.458,155,6.0
2024-05-08,7.13,6.0,4.495,149,6.0
2024-05-09,7.13,6.0,4.454,150,6.0
2024-05-10,7.12,5.75,4.497,151,5.75
2024-05-13,7.09,5.75,4.487,150,5.75
2024-05-14,7.113,5.75,4.44,155,5.75
2024-05-15,7.06,5.75,4.341,154,5.75
2024-05-16,7.06,5.75,4.376,153,5.75
2024-05-17,7.06,5.75,4.422,153,5.75
2024-05-20,7.066,5.75,4.445,151,5.75
2024-05-21,7.05,5.75,4.413,150,5.75
2024-05-22,7.09,5.75,4.424,158,5.75
2024-05-23,7.12,5.75,4.478,158,5.75
2024-05-24,7.09,5.75,4.466,161,5.75
2024-05-27,7.04,5.75,4.466,161,5.75
2024-05-28,7.11,5.75,4.551,169,5.75
2024-05-29,7.11,5.75,4.614,161,5.75
2024-05-30,7.13,5.75,4.547,158,5.75
2024-05-31,7.06,5.75,4.5,159,5.75
2024-06-03,7.0,5.75,4.389,160,5.75
2024-06-04,7.0,5.75,4.327,162,5.75
2024-06-05,7.01,5.75,4.276,161,5.75
2024-06-06,6.99,5.75,4.288,163,5.74
2024-06-07,,,4.434,160,
2024-06-10,7.06,5.75,4.468,161,5.75
2024-06-11,7.06,5.75,4.405,165,5.75
2024-06-12,7.04,5.75,4.317,161,5.75
2024-06-13,7.04,5.75,4.245,163,5.72
2024-06-14,7.06,5.75,4.222,166,5.75
2024-06-17,7.09,5.75,4.282,162,5.75
2024-06-18,7.17,5.75,4.224,164,5.75
2024-06-19,7.19,5.75,4.224,164,5.75
2024-06-20,7.18,5.75,4.261,162,5.75
2024-06-21,7.17,5.75,4.257,160,5.75
2024-06-24,7.16,5.75,4.233,160,5.75
2024-06-25,7.15,5.75,4.249,158,5.75
2024-06-26,7.16,5.75,4.33,156,5.75
2024-06-27,7.09,5.75,4.287,156,5.75
2024-06-28,7.06,5.75,4.397,154,5.75
2024-07-01,7.1,5.75,4.462,157,5.75
2024-07-02,7.11,5.75,4.433,159,5.75
2024-07-03,7.07,5.75,4.36,160,5.75
2024-07-04,7.06,5.75,4.36,160,5.75
2024-07-05,7.03,5.75,4.279,160,5.75
2024-07-08,7.04,5.75,4.28,157,5.75
2024-07-09,7.05,5.75,4.297,159,5.75
2024-07-10,6.98,5.75,4.285,158,5.75
2024-07-11,6.9,5.75,4.211,153,5.75
2024-07-12,6.86,5.75,4.184,157,5.75
2024-07-15,6.89,5.75,4.23,157,5.75
2024-07-16,6.89,5.75,4.159,159,5.75
2024-07-17,6.88,5.75,4.159,162,5.75
2024-07-18,6.91,5.75,4.203,161,5.7
2024-07-19,6.96,5.75,4.24,158,5.75
2024-07-22,6.95,5.75,4.254,160,5.74
2024-07-23,,,4.252,157,
2024-07-24,6.98,5.75,4.285,156,5.59
2024-07-25,6.96,5.75,4.242,157,5.75
2024-07-26,,,4.195,159,
2024-07-29,,,4.175,159,
2024-07-30,6.93,5.75,4.14,161,5.75
2024-07-31,6.9,5.75,4.032,164,5.75
2024-08-01,6.79,5.75,3.977,174,5.75
2024-08-02,6.69,5.75,3.791,185,5.75
2024-08-05,6.73,5.75,3.789,191,5.75
2024-08-06,,,3.893,181,
2024-08-07,6.7,5.75,3.944,177,5.75
2024-08-08,6.62,5.75,3.99,175,5.75
2024-08-09,6.55,5.5,3.941,174,5.5
2024-08-12,,5.5,3.905,175,5.5
2024-08-13,,5.5,3.844,173,5.5
2024-08-14,,5.5,3.837,169,5.5
2024-08-15,,5.5,3.914,167,5.5
2024-08-16,6.55,5.5,3.884,166,5.5
2024-08-19,6.53,5.5,3.872,164,5.5
2024-08-20,6.53,5.5,3.808,165,5.5
2024-08-21,6.55,5.5,3.802,163,5.5
2024-08-22,6.59,5.5,3.853,163,5.37
2024-08-23,6.53,5.5,3.8,163,5.5
2024-08-26,6.54,5.5,3.817,160,5.5
2024-08-27,6.56,5.5,3.823,161,5.5
2024-08-28,6.55,5.5,3.836,162,5.44
2024-08-29,6.54,5.5,3.862,164,5.5
2024-08-30,,,3.904,157,
2024-09-02,6.55,5.5,3.904,157,5.5
2024-09-03,6.55,5.5,3.832,166,5.5
2024-09-04,6.53,5.5,3.756,166,5.5
2024-09-05,6.52,5.5,3.728,170,5.5
2024-09-06,6.48,5.5,3.71,169,5.49
2024-09-09,6.43,5.5,3.701,171,5.48
2024-09-10,6.44,5.5,3.644,171,5.4
2024-09-11,6.4,5.5,3.654,173,5.5
2024-09-12,6.42,5.5,3.675,168,5.35
2024-09-13,6.39,5.25,3.653,168,5.25
2024-09-16,6.33,5.25,3.619,167,5.25
2024-09-17,6.29,5.25,3.647,164,5.25
2024-09-18,6.25,5.25,3.705,159,5.25
2024-09-19,6.22,5.25,3.715,158,5.25
2024-09-20,6.229,5.25,3.742,159,5.25
2024-09-23,6.25,5.25,3.751,159,5.25
2024-09-24,6.28,5.25,3.73,160,5.25
2024-09-25,6.29,5.25,3.786,155,5.25
2024-09-26,6.29,5.25,3.797,156,5.25
2024-09-27,6.24,5.25,3.752,156,5.25
2024-09-30,6.22,5.25,3.782,154,5.25
2024-10-01,6.22,5.25,3.732,154,5.25
2024-10-02,6.28,5.25,3.783,152,5.25
2024-10-03,6.39,5.25,3.847,150,5.25
2024-10-04,6.43,5.25,3.968,149,5.25
2024-10-07,6.5,5.25,4.027,151,5.25
2024-10-08,,,4.013,155,
2024-10-09,6.53,5.25,4.074,153,5.25
2024-10-10,6.51,5.25,4.063,158,5.25
2024-10-11,6.43,5.25,4.101,156,5.25
2024-10-14,6.41,5.25,4.101,158,5.25
2024-10-15,6.36,5.25,4.034,158,5.25
2024-10-16,6.37,5.25,4.014,155,5.25
2024-10-17,6.43,5.25,4.092,152,5.25
2024-10-18,6.44,5.25,4.084,153,5.25
2024-10-21,6.59,5.25,4.197,152,5.25
2024-10-22,6.64,5.25,4.209,156,5.25
2024-10-23,6.67,5.25,4.247,157,5.25
2024-10-24,6.61,5.25,4.213,157,5.25
2024-10-25,6.63,5.25,4.241,154,5.25
2024-10-28,6.6643,5.25,4.283,152,5.2
2024-10-29,6.77,5.25,4.255,154,5.25
2024-10-30,6.8,5.25,4.301,151,5.25
2024-10-31,6.82,5.25,4.285,156,5.25
2024-11-01,,,4.385,153,
2024-11-04,6.74,5.25,4.286,157,5.25
2024-11-05,6.75,5.25,4.273,160,5.25
2024-11-06,6.78,5.25,4.433,155,5.25
2024-11-07,6.68,5.25,4.328,151,5.25
2024-11-08,6.62,5.0,4.305,153,5.0
2024-11-11,6.64,5.0,4.305,153,5.0
2024-11-12,6.7,5.0,4.429,151,5.0
2024-11-13,6.69,5.0,4.452,149,5.0
2024-11-14,6.67,5.0,4.437,148,5.0
2024-11-15,6.7,5.0,4.44,157,5.0
2024-11-18,6.7,5.0,4.415,162,5.0
2024-11-19,6.73,5.0,4.397,154,5.0
2024-11-20,6.75,5.0,4.412,156,5.0
2024-11-21,6.72,5.0,4.423,154,5.0
2024-11-22,6.69,5.0,4.401,155,5.0
2024-11-25,6.57,5.0,4.275,162,5.0
2024-11-26,6.59,5.0,4.307,159,5.0
2024-11-27,6.54,5.0,4.264,157,5.0
2024-11-28,6.56,5.0,4.264,157,5.0
2024-11-29,6.56,5.0,4.17,161,5.0
2024-12-02,6.57,5.0,4.192,161,5.0
2024-12-03,6.56,5.0,4.225,155,5.0
2024-12-04,6.53,5.0,4.181,158,5.0
2024-12-05,6.54,5.0,4.177,156,5.0
2024-12-06,6.54,5.0,4.154,153,5.0
2024-12-09,6.55,,4.202,150,
2024-12-10,6.55,5.0,4.227,150,5.0
2024-12-11,6.53,5.0,4.272,147,5.0
2024-12-12,6.57,5.0,4.329,147,5.0
2024-12-13,6.6,5.0,4.398,150,5.0
2024-12-16,6.618,5.0,4.399,157,5.0
2024-12-17,6.63,5.0,4.4,154,5.0
2024-12-18,6.67,5.0,4.516,153,4.29
2024-12-19,6.77,5.0,4.564,161,5.0
2024-12-20,,5.0,4.523,157,5.0
2024-12-23,6.74,5.0,4.588,153,5.0
2024-12-24,6.73,5.0,4.59,154,5.0
2024-12-25,,,4.59,154,
2024-12-26,6.71,5.0,4.584,157,5.0
2024-12-27,6.68,5.0,4.626,152,5.0
2024-12-30,6.62,5.0,4.534,160,4.94
2024-12-31,,,4.572,157,
2025-01-01,,,4.572,157,
2025-01-02,6.65,5.0,4.56,159,5.0
2025-01-03,6.69,5.0,4.599,155,5.0
2025-01-06,6.71,5.0,4.631,156,5.0
2025-01-07,6.69,5.0,4.686,154,5.0
2025-01-08,6.69,5.0,4.691,161,5.0
2025-01-09,6.69,5.0,4.69,157,5.0
2025-01-10,6.69,4.75,4.76,158,4.75
2025-01-13,6.7,4.75,4.78,157,4.75
2025-01-14,6.76,4.75,4.793,157,4.75
2025-01-15,6.63,4.75,4.654,157,4.75
2025-01-16,6.63,4.75,4.614,158,4.74
2025-01-17,6.63,4.75,4.628,155,4.74
2025-01-20,6.65,4.75,4.628,155,4.75
2025-01-21,6.67,4.75,4.577,154,4.75
2025-01-22,6.72,4.75,4.612,153,4.75
2025-01-23,6.76,4.75,4.645,155,4.75
2025-01-24,6.73,4.75,4.622,154,4.75
2025-01-27,6.73,4.75,4.535,158,4.75
2025-01-28,6.71,4.75,4.533,158,4.75
2025-01-29,6.69,4.75,4.53,159,4.75
2025-01-30,6.66,4.75,4.517,158,4.54
2025-01-31,6.7,4.75,4.541,159,4.75
2025-02-03,6.67,4.75,4.557,161,4.75
2025-02-04,6.63,4.75,4.513,161,4.75
2025-02-05,6.6,4.75,4.419,161,4.75
2025-02-06,6.52,4.75,4.435,157,4.75
2025-02-07,6.46,4.75,4.496,159,4.75
2025-02-10,6.42,4.75,4.498,158,4.75
2025-02-11,6.47,4.75,4.536,158,4.75
2025-02-12,6.53,4.75,4.625,157,4.75
2025-02-13,6.49,4.75,4.53,158,4.75
2025-02-14,6.46,4.75,4.477,154,4.75
2025-02-17,6.46,4.75,4.477,154,4.75
2025-02-18,6.48,4.75,4.551,151,4.75
2025-02-19,6.49,4.75,4.534,155,4.75
2025-02-20,6.47,4.75,4.506,156,4.75
2025-02-21,6.43,4.75,4.432,159,4.75
2025-02-24,6.42,4.75,4.401,160,4.75
2025-02-25,6.36,4.75,4.295,162,4.75
2025-02-26,6.33,4.75,4.257,160,4.75
2025-02-27,6.34,4.75,4.261,160,4.75
2025-02-28,6.42,4.75,4.209,164,4.82
2025-03-03,6.44,4.75,4.156,167,4.75
2025-03-04,6.44,4.75,4.245,160,4.75
2025-03-05,6.47,4.75,4.28,155,4.75
2025-03-06,6.45,4.75,4.279,161,4.75
2025-03-07,6.46,4.75,4.303,158,4.75
2025-03-10,6.48,4.75,4.215,162,4.75
2025-03-11,6.48,4.75,4.281,162,4.75
2025-03-12,6.47,4.75,4.313,161,4.75
2025-03-13,6.45,4.75,4.27,171,4.75
2025-03-14,6.42,4.75,4.314,167,4.75
2025-03-17,6.36,4.75,4.3,169,4.75
2025-03-18,6.39,4.75,4.285,168,4.75
2025-03-19,6.39,4.75,4.244,164,4.75
2025-03-20,6.42,4.75,4.239,162,4.75
2025-03-21,6.42,4.75,4.248,162,4.75
2025-03-24,6.48,4.75,4.337,158,4.75
2025-03-25,6.51,4.75,4.314,160,4.75
2025-03-26,6.58,4.75,4.353,159,4.75
2025-03-27,6.68,4.75,4.361,162,4.75
2025-03-28,6.71,4.75,4.25,168,4.75
2025-03-31,6.69,4.75,4.207,170,4.75
2025-04-01,6.69,4.75,4.17,168,4.75
2025-04-02,6.61,4.75,4.133,168,4.75
2025-04-03,6.43,4.75,4.03,178,4.75
2025-04-04,6.39,4.75,3.997,185,4.75
2025-04-07,6.55,4.75,4.186,186,4.75
2025-04-08,6.61,4.75,4.295,187,4.75
2025-04-09,6.59,4.75,4.336,180,4.8
2025-04-10,6.67,4.75,4.428,177,4.75
2025-04-11,6.63,4.75,4.492,183,4.75
2025-04-14,6.63,4.75,4.376,179,4.7
2025-04-15,6.64,4.75,4.336,180,4.75
2025-04-16,6.63,4.75,4.279,184,4.75
2025-04-17,,,4.326,179,
2025-04-18,,,4.326,179,
2025-04-21,6.67,4.75,4.412,180,4.75
2025-04-22,6.71,4.75,4.403,176,4.75
2025-04-23,6.66,4.75,4.384,169,4.75
2025-04-24,6.63,4.75,4.317,172,4.75
2025-04-25,6.63,4.75,4.237,171,4.75
2025-04-28,6.63,4.75,4.21,173,4.75
2025-04-29,6.53,4.75,4.174,176,4.75
2025-04-30,6.55,4.75,4.163,176,4.75
2025-05-01,,,4.22,172,
2025-05-02,6.57,4.75,4.31,167,4.75
2025-05-05,6.6,4.75,4.345,169,4.75
2025-05-06,6.59,4.75,4.297,167,4.76
2025-05-07,6.53,4.75,4.271,169,4.75
2025-05-08,6.54,4.75,4.38,162,4.75
2025-05-09,6.4,4.5,4.38,163,4.5
2025-05-12,6.39,4.5,4.473,155,4.5
2025-05-13,6.37,4.5,4.467,154,4.5
2025-05-14,6.42,4.5,4.538,154,4.5
2025-05-15,6.37,4.5,4.433,155,4.5
2025-05-16,6.41,4.5,4.48,156,4.5
2025-05-19,6.43,4.5,4.45,153,4.5
2025-05-20,6.48,4.5,4.489,153,4.5
2025-05-21,6.54,4.5,4.601,150,4.5
2025-05-22,6.57,4.5,4.53,154,4.5
2025-05-23,6.58,4.5,4.513,154,4.5
2025-05-26,6.54,4.5,4.513,154,4.5
2025-05-27,6.48,4.5,4.446,152,4.5
2025-05-28,6.46,4.5,4.48,154,4.5
2025-05-29,6.45,4.5,4.42,153,4.5
2025-05-30,6.5,4.5,4.403,158,4.5
2025-06-02,6.51,4.5,4.442,157,4.5
2025-06-03,6.52,4.5,4.456,154,4.5
2025-06-04,6.45,4.5,4.356,160,4.5
2025-06-05,6.59,4.5,4.393,157,4.5
2025-06-06,6.63,4.5,4.508,151,4.5
2025-06-09,6.61,4.5,4.476,154,4.5
2025-06-10,6.58,4.5,4.472,153,4.5
2025-06-11,6.49,4.5,4.422,151,4.5
2025-06-12,6.35,4.5,4.361,154,4.5
2025-06-13,6.4,4.5,4.401,151,4.5
2025-06-16,6.39,4.5,4.448,146,4.5
2025-06-17,6.4,4.5,4.391,149,4.5
2025-06-18,6.39,4.5,4.393,153,4.5
2025-06-19,6.39,4.5,4.393,153,4.5
2025-06-20,6.37,4.5,4.378,154,4.5
2025-06-23,6.37,4.5,4.349,155,4.5
2025-06-24,6.31,4.5,4.296,156,4.5
2025-06-25,6.26,4.5,4.293,158,4.5
2025-06-26,6.23,4.5,4.243,160,4.5
2025-06-27,6.24,4.5,4.279,155,4.5
2025-06-30,6.17,4.5,4.23,154,4.63
2025-07-01,6.13,4.5,4.243,149,4.5
2025-07-02,6.1,4.5,4.279,149,4.5
2025-07-03,6.11,4.5,4.348,143,4.5
2025-07-04,6.13,4.5,4.348,143,4.5
2025-07-07,6.14,4.5,4.381,141,4.5
2025-07-08,6.14,4.5,4.401,145,4.5
2025-07-09,6.13,4.5,4.333,142,4.5
2025-07-10,6.15,4.5,4.351,142,4.5
2025-07-11,6.17,4.5,4.411,135,4.5
2025-07-14,6.18,4.5,4.435,138,4.5
2025-07-15,6.23,4.5,4.483,134,4.5
2025-07-16,6.27,4.5,4.457,140,4.5
2025-07-17,6.279,4.5,4.453,139,4.5
2025-07-18,6.3,4.5,4.418,139,4.5
2025-07-21,6.27,4.5,4.379,137,4.5
2025-07-22,6.24,4.5,4.346,142,4.49
2025-07-23,,,4.383,140,
2025-07-24,6.21,4.5,4.398,138,4.5
2025-07-25,6.18,4.5,4.39,142,4.5
2025-07-28,,,4.412,139,
2025-07-29,,,4.321,142,
2025-07-30,6.18,4.5,4.372,142,4.5
2025-07-31,6.21,4.5,4.376,140,4.5
2025-08-01,6.12,4.5,4.218,147,4.5
2025-08-04,6.08,4.5,4.194,143,4.5
2025-08-05,6.04,4.5,4.212,144,4.5
2025-08-06,5.97,,4.229,137,
2025-08-07,5.97,4.5,4.251,138,4.5
2025-08-08,5.98,4.5,4.284,134,4.5
2025-08-11,5.96,4.5,4.287,133,4.5
2025-08-12,5.94,4.5,4.291,132,4.5
2025-08-13,5.93,4.5,4.235,131,4.5
2025-08-14,5.95,4.5,4.286,128,4.5
2025-08-15,5.96,4.5,4.319,126,4.5
2025-08-18,6.01,4.5,4.334,125,4.5
2025-08-19,6.01,4.5,4.307,126,4.5
2025-08-20,6.06,4.5,4.292,128,4.5
2025-08-21,6.1,4.5,4.329,130,4.5
2025-08-22,6.01,4.5,4.255,131,4.5
2025-08-25,6.05,4.5,4.276,129,4.5
2025-08-26,6.06,4.5,4.262,131,4.5
2025-08-27,6.05,4.5,4.235,136,4.5
2025-08-28,6.0392,4.5,4.205,135,4.5
2025-08-29,6.02,4.5,4.23,131,4.5
2025-09-01,6.23,4.5,4.23,131,4.5
2025-09-02,6.26,4.5,4.262,133,4.5
2025-09-03,6.21,4.5,4.218,133,4.5
2025-09-04,6.18,4.5,4.162,133,4.5
2025-09-05,6.08,4.5,4.076,133,4.5
2025-09-08,6.07,4.5,4.041,132,4.5
2025-09-09,6.09,4.5,4.088,131,4.5
2025-09-10,6.02,4.5,4.047,128,4.5
2025-09-11,5.99,4.5,4.022,123,4.5
2025-09-12,6.0,4.25,4.067,122,4.25
2025-09-15,6.15,4.25,4.039,123,4.29
2025-09-16,6.21,4.25,4.029,123,4.25
2025-09-17,6.15,4.25,4.089,120,4.25
2025-09-18,6.14,4.25,4.106,117,4.25
2025-09-19,6.14,4.25,4.128,118,4.25
2025-09-22,6.14,4.25,4.148,118,4.25
2025-09-23,6.13,4.25,4.107,119,4.25
2025-09-24,6.14,4.25,4.148,117,4.25
2025-09-25,6.15,4.25,4.171,118,4.25
2025-09-26,6.15,4.25,4.176,118,4.25
2025-09-29,6.09,4.25,4.14,120,4.25
2025-09-30,6.05,4.25,4.151,119,4.25
2025-10-01,6.05,4.25,4.099,121,4.25
2025-10-02,6.05,4.25,4.084,122,4.25
2025-10-03,6.09,4.25,4.12,119,4.25
2025-10-06,6.15,4.25,4.154,117,4.25
2025-10-07,6.12,4.25,4.124,120,4.25
2025-10-08,,,4.119,119,
2025-10-09,6.18,4.25,4.139,121,4.25
2025-10-10,6.23,4.25,4.034,131,4.25
2025-10-13,6.23,4.25,4.034,131,4.25
2025-10-14,6.21,4.25,4.033,131,4.25
2025-10-15,6.17,4.25,4.029,126,4.25
2025-10-16,6.14,4.25,3.975,129,4.25
2025-10-17,6.12,4.25,4.01,126,4.25
2025-10-20,6.08,4.25,3.981,124,4.25
2025-10-21,6.07,4.25,3.964,120,4.25
2025-10-22,6.1,4.25,3.951,123,4.25
2025-10-23,6.09,4.25,4.002,124,4.25
2025-10-24,6.04,4.25,4.003,122,4.25
2025-10-27,6.0484,4.25,3.981,123,4.25
2025-10-28,6.01,4.25,3.977,124,4.25
2025-10-29,6.04,4.25,4.078,118,4.25
2025-10-30,6.05,4.25,4.099,122,4.25
2025-10-31,6.06,4.25,4.078,120,4.25
2025-11-03,6.06,4.25,4.111,124,4.25
2025-11-04,6.06,4.25,4.086,127,4.25
2025-11-05,6.05,4.25,4.16,125,4.25
2025-11-06,6.01,4.25,4.084,129,4.26
2025-11-07,6.04,4.25,4.098,129,4.25
2025-11-10,6.05,4.25,4.117,125,4.25
2025-11-11,6.05,4.25,4.117,125,4.25
2025-11-12,6.04,4.25,4.07,126,4.25
2025-11-13,6.05,4.25,4.12,124,4.25
2025-11-14,6.09,4.25,4.149,119,4.25
2025-11-17,6.08,4.25,4.14,124,4.25
2025-11-18,6.04,4.25,4.114,125,4.25
2025-11-19,5.99,4.25,4.138,120,4.25
2025-11-20,5.999,4.25,4.085,126,4.25
2025-11-21,5.94,4.25,4.065,127,4.25
2025-11-24,5.92,4.25,4.026,129,4.25
2025-11-25,5.9,4.25,3.997,130,4.25
2025-11-26,5.9,4.25,3.995,130,4.25
2025-11-27,5.91,4.25,3.995,130,4.25
2025-11-28,5.91,4.25,4.015,128,4.25
2025-12-01,5.94,4.25,4.087,124,4.25
2025-12-02,5.93,4.25,4.087,123,4.25
2025-12-03,5.87,4.25,4.064,123,4.25
2025-12-04,5.85,4.25,4.099,121,4.25
2025-12-05,5.79,4.25,4.136,121,4.25
2025-12-08,,,4.165,122,
2025-12-09,,,4.189,124,
2025-12-10,5.83,4.25,4.149,124,4.25
2025-12-11,5.81,4.25,4.158,124,4.25
2025-12-12,5.83,4.25,4.185,121,4.25
2025-12-15,5.76,4.25,4.174,120,4.25
2025-12-16,5.73,4.25,4.146,124,4.25
2025-12-17,5.74,4.25,4.154,121,4.25
2025-12-18,5.75,4.25,4.123,127,4.25
2025-12-19,5.83,4.25,4.148,129,4.21
2025-12-22,5.9,4.25,4.165,128,4.25
2025-12-23,5.86,4.25,4.165,132,4.25
2025-12-24,5.8,4.25,4.136,134,4.25
2025-12-25,,,4.136,134,
2025-12-26,,,4.129,132,
2025-12-29,5.89,4.25,4.111,136,4.25
2025-12-30,5.81,4.25,4.123,137,4.25
2025-12-31,5.796,4.25,4.169,135,3.85
